{"type":"FeatureCollection","features":[{"type":"Feature","properties":{"id":"d:616","name":"Ariyalur","district":"Ariyalur","state":"Tamil Nadu","dtcode":"616"},"geometry":{"type":"Polygon","coordinates":[[[79.45866232020596,11.150554685663923],[79.46388165777081,11.170537128715079],[79.4817970110103,11.177632939998132],[79.50182068057721,11.203347893184414],[79.51021149060827,11.228140124416187],[79.49517367568409,11.248409734217658],[79.4948878434388,11.258510150105844],[79.50398435917728,11.257773745126672],[79.50524522822187,11.264581659573006],[79.49830327138669,11.313889834944908],[79.47355266859138,11.314065760818972],[79.44865116320138,11.335235766659927],[79.43752509002971,11.333796133758499],[79.43079850158897,11.34554971169691],[79.43732348382542,11.357287386146046],[79.42843225918052,11.357392880211776],[79.42580431597028,11.366659579402219],[79.42469938367923,11.360358658324245],[79.40853872765054,11.364862615337747],[79.4053678947848,11.354141094300768],[79.3952032857668,11.353513418855139],[79.3890975939858,11.368760082108029],[79.39339127334596,11.402819196575498],[79.37980712029938,11.410508150703919],[79.37771346178246,11.401689348022758],[79.38547444140826,11.400057592095086],[79.37526705461639,11.397743223813862],[79.37771789766333,11.411272029311693],[79.36998388456405,11.41699429739765],[79.32226940920893,11.419696008048911],[79.29258654795566,11.41232516900008],[79.29601875733138,11.379989171093486],[79.25861028671832,11.388473698439054],[79.24155668373767,11.369617165845309],[79.23783022580076,11.388616614686214],[79.22603463016299,11.392046899215556],[79.1806170966837,11.374370615438279],[79.16814751395285,11.378420763311842],[79.15075266525025,11.363426181728196],[79.15746144728544,11.338420259398948],[79.13004747711497,11.33097209740087],[79.12496382378554,11.31075784988973],[79.14091135541143,11.30930684069046],[79.13926667128023,11.29001027762596],[79.1301026318768,11.297577153073796],[79.11102378786784,11.288956458368148],[79.1089782071849,11.270229258277618],[79.12196552943816,11.264109683746625],[79.12217399607624,11.248729128599315],[79.10944463942988,11.244384506641376],[79.11116731259908,11.230602594803205],[79.09891000985473,11.230664818164097],[79.09344709320227,11.199849992134496],[79.0659261076303,11.204360849176362],[79.0672344445528,11.18885684802993],[79.0757702579421,11.189265151338322],[79.07841103358619,11.180758836617784],[79.06936571912395,11.177113823580044],[79.07246865642217,11.159246097302367],[79.05952026356007,11.152273058422628],[79.05506766324301,11.129869795347949],[79.06539904359525,11.126866332679322],[79.06940781777142,11.108894776583899],[79.0543564328966,11.084974792354588],[79.03227987305532,11.083883366400302],[79.02441439241251,11.067666671818419],[79.0064474210785,11.058854294211763],[79.01231997039883,11.010092299710484],[78.99185646231267,11.001401810286566],[78.98962124637494,10.978491406612877],[78.98226227272025,10.975530308668075],[78.98743134595172,10.966798338363859],[78.94679830704929,10.976569255057967],[78.94810692424619,10.9595060072845],[78.977563649898,10.943567502161686],[78.98269839940077,10.921667326176731],[78.99033081843133,10.928419374623251],[79.00194696301466,10.922154058946798],[79.00570955388726,10.89359668089016],[79.03253233917602,10.886567192049739],[79.05509682435378,10.890614506037656],[79.08464009100514,10.926882341237329],[79.10991678496006,10.924954595049229],[79.14128598163097,10.940319417289762],[79.17862600960255,10.93968704742865],[79.2029035065686,10.949008165179068],[79.21171088875309,10.940685744040978],[79.26888968066673,10.986446109905959],[79.29101745256406,11.014419377319985],[79.31182548342636,11.017602659071994],[79.39891680257374,11.066939818906185],[79.43111472923023,11.12145930170598],[79.45866232020596,11.150554685663923]]]}},{"type":"Feature","properties":{"id":"d:787","name":"Chengalpattu","district":"Chengalpattu","state":"Tamil Nadu","dtcode":"787"},"geometry":{"type":"Polygon","coordinates":[[[80.14455541543933,13.024325170912952],[80.13990524774353,13.045694026816184],[80.12939475410342,13.045142791387935],[80.1230519996139,13.033242541112003],[80.1087430552534,13.04177473967764],[80.09950589927405,13.03494010792666],[80.08212633181276,13.041188003094037],[80.0803105276031,13.016180714595501],[80.0577201556738,13.007528261338711],[80.06416378288489,12.987499876583174],[80.05290507435981,12.982786611040092],[80.04762201929182,12.96474763707617],[80.06496402010627,12.958305571014572],[80.08050505508292,12.972991610437221],[80.08449382108279,12.961607570354483],[80.10416667787,12.953359182326412],[80.09117371779001,12.9467918155901],[80.08399992644128,12.926107476845141],[80.06015203438676,12.900090425432087],[80.05194683785297,12.882027278922369],[80.06134423531273,12.863679701612902],[80.0506422882277,12.83904610566535],[80.04016389408767,12.839667394040392],[80.03037386457682,12.822630291361234],[80.00937180569798,12.80942618635109],[79.96778333033751,12.814044615852739],[79.9568433476685,12.825269591392642],[79.9637318098285,12.809388936199746],[79.95599718856978,12.790771312929255],[79.94026113922641,12.79059206879787],[79.9393428993093,12.783413004160282],[79.92667365343017,12.798385893136516],[79.91027381017729,12.799874907864197],[79.90126788234868,12.784463417318424],[79.87687380921155,12.780022764061462],[79.8910277339984,12.773337286611673],[79.88249165830109,12.767012841435358],[79.92658819040898,12.745776637883203],[79.95171378324153,12.710838367415086],[79.95275098256016,12.699398707233962],[79.91705023535337,12.696242090264104],[79.92851581241365,12.637172080022326],[79.92449714059964,12.632580714011704],[79.89695737933991,12.641632250097325],[79.88800525071538,12.630373970902511],[79.8478225543329,12.631483803428889],[79.82354782597447,12.620654886724772],[79.8052841626617,12.629066051655553],[79.82133695258433,12.569287502580844],[79.79590190361114,12.568195859781632],[79.77327125481774,12.551103026603208],[79.76369263841912,12.550222165656768],[79.75367549144823,12.56174295027151],[79.75495906541164,12.543140260304439],[79.74392632540133,12.531894122123088],[79.75578849608313,12.511940744745933],[79.74975306423545,12.502853127068166],[79.72071689566367,12.50050714192348],[79.74728786880522,12.484144564603403],[79.7494646205876,12.456744615606016],[79.73336650077742,12.454084404435623],[79.73627103167043,12.42840512669566],[79.71783485139888,12.439246666422752],[79.71672391387015,12.431576934787909],[79.7058571304221,12.431385708435334],[79.70732384841402,12.415127508384577],[79.6915434321771,12.420939346748895],[79.69775574230421,12.402248469590019],[79.66419613317038,12.387682487353938],[79.66367394608898,12.368061922782076],[79.64712195607476,12.358865409025347],[79.6403907008861,12.344682487582109],[79.66063413160916,12.32309889071745],[79.68110229117191,12.315782846016766],[79.70620572705798,12.33462502843701],[79.75030221604676,12.32483728423896],[79.77881583192283,12.338987523268377],[79.79922762759138,12.33739894495824],[79.8198516502458,12.311817600408428],[79.82742213313244,12.312922045011133],[79.84119425595725,12.279798477402837],[79.87343569880274,12.242871155152056],[79.90087430077831,12.229405975930472],[79.92451257814778,12.231590918048552],[79.9213571576774,12.25005238084686],[79.94420581411553,12.24225846421114],[79.95531856706818,12.228831734403025],[79.97309905892898,12.233364372410254],[79.98805025380186,12.25145647877613],[80.00863868520473,12.254805014174007],[80.05172074896394,12.3266332354362],[80.15042367710082,12.454416651737123],[80.16803372621288,12.535093793879852],[80.25527540357587,12.783876745607513],[80.24912215678039,12.856697328929283],[80.2200163014004,12.852507716977726],[80.21288022671719,12.86085322613459],[80.20893025985276,12.872847486781895],[80.2173793274266,12.91055921104406],[80.19882753038476,12.91110441784873],[80.199224718691,12.933359447337113],[80.18793825222365,12.937853394959072],[80.200953226418,12.958499097090161],[80.19588023878592,12.96853739565955],[80.1689655549453,12.980186568585589],[80.16068089703474,12.997980950878215],[80.16516851637653,13.004240873019528],[80.15819048499617,13.01542232718756],[80.14484222415332,13.017001024946557],[80.14455541543933,13.024325170912952]]]}},{"type":"Feature","properties":{"id":"d:603","name":"Chennai","district":"Chennai","state":"Tamil Nadu","dtcode":"603"},"geometry":{"type":"Polygon","coordinates":[[[80.33188192539187,13.235440511575504],[80.30334748656752,13.21284742966859],[80.27531027064279,13.229325812578676],[80.27043910391238,13.20326838257657],[80.22275130582624,13.199762080427213],[80.21592809010195,13.172259741689343],[80.19956187079016,13.18122688622886],[80.19080017332776,13.168718779563585],[80.19459176810594,13.153984170760099],[80.17596784532991,13.147340337921277],[80.17713297462645,13.139629802719616],[80.14577911758732,13.139411672999833],[80.14043624100962,13.098552112220718],[80.16136667092263,13.081140735949749],[80.1603195371353,13.04488054043181],[80.1457152868965,13.039860899215842],[80.15335927443127,13.049491344616598],[80.14848804661541,13.064410874251898],[80.13438906638457,13.04465218138061],[80.14564401007027,13.037477145188811],[80.14455541543933,13.024325170912952],[80.20047838863691,13.028279912730055],[80.19874193890448,13.016136243930687],[80.21081602216181,13.008898443715301],[80.20415541857191,12.98304860118707],[80.22121343856887,12.965084027582694],[80.24335129944514,12.983918243644409],[80.26782849818707,12.975088805732765],[80.2868627183843,13.064583253884196],[80.3107865477247,13.108155086256547],[80.30077233644819,13.09117665440814],[80.29488381238714,13.092996188269131],[80.30496685886892,13.110069728588583],[80.30553243008698,13.130385364032911],[80.29778316718743,13.123029597349163],[80.2978398050678,13.132710519218097],[80.30425499341361,13.130601925330524],[80.29791276533685,13.135277630747934],[80.33188192539187,13.235440511575504]]]}},{"type":"Feature","properties":{"id":"d:632","name":"Coimbatore","district":"Coimbatore","state":"Tamil Nadu","dtcode":"632"},"geometry":{"type":"Polygon","coordinates":[[[77.14708257108667,11.336217153911695],[77.12931565097318,11.354161952733115],[77.1284037962811,11.378376303219092],[77.11311194857437,11.380943142046135],[77.11065452896125,11.406133714188075],[77.09150873800577,11.40333822190367],[77.09134972003079,11.393556648260013],[77.07046505389162,11.386090300596068],[77.07042490099506,11.402498343343659],[77.04542835115306,11.402532718731788],[77.0325101937868,11.38481426459091],[77.02344293258386,11.387708419985527],[77.02040778575024,11.370155656761177],[76.96608284178126,11.386128427714365],[76.93341172665055,11.37643448813376],[76.9290788969137,11.36800477821924],[76.95011795021253,11.3658016782889],[76.93264827813496,11.35614599019278],[76.9329265007515,11.362734160187443],[76.90266480824832,11.350794898666631],[76.90308245388852,11.361864697622682],[76.89288570584455,11.366064457434131],[76.88422264968855,11.351690525706488],[76.87858835603943,11.35835320459953],[76.863829966576,11.35302347625258],[76.86947369163728,11.345583613944285],[76.84831225455906,11.339163338857254],[76.8549132755911,11.33304826112747],[76.85107098259321,11.327212367863362],[76.86034622534399,11.324577948811879],[76.85442673455849,11.296064304880828],[76.84273064260977,11.287420570433193],[76.81780823072819,11.289933797758632],[76.80697031464176,11.299156891766115],[76.78954596436692,11.278992060860391],[76.76914131569477,11.289557732026072],[76.76782198339316,11.264370811830668],[76.75186303507836,11.254700120357796],[76.75348748555611,11.248051350801177],[76.74381519822953,11.253331259308425],[76.73278430785042,11.244588522217779],[76.70600814781986,11.263364257422792],[76.70022326778302,11.258646881270904],[76.70085015800238,11.24565531567053],[76.73176851718164,11.213668525767268],[76.72217933659525,11.20363042589316],[76.72903856667762,11.19103966212439],[76.70023854004117,11.18181943689138],[76.68973410643598,11.15919436758089],[76.70660646622326,11.14163639711033],[76.71846960528893,11.147640609591917],[76.72875405226081,11.130451641208344],[76.74829611434265,11.13583732604966],[76.74741678135878,11.111202531387372],[76.73898368762733,11.10430327974518],[76.75453265293129,11.084155638356982],[76.74104285443059,11.072336934382882],[76.74612892961804,11.054823562044582],[76.77815990258233,11.04209098295206],[76.80085956714237,11.05396555408357],[76.79184086257548,11.037360120943028],[76.76659984970362,11.029093007612316],[76.737603223174,11.03973873174255],[76.71088737513331,11.038721694304037],[76.69416432073615,11.021557148714098],[76.68603742405747,10.989201950902354],[76.66678531479317,10.968334873609374],[76.66472670225043,10.94348394080417],[76.65579714020414,10.93900564007582],[76.67675049422488,10.918055495432128],[76.71490196140941,10.908608885196738],[76.74078741758126,10.890970033232016],[76.7814298618447,10.890420366292158],[76.82831544012757,10.871909633829107],[76.85378353093358,10.838958580764567],[76.84508365822397,10.826097926962014],[76.84990060713542,10.817249672328016],[76.90088733605013,10.807150635940857],[76.90753453497933,10.777987042609135],[76.88845772655283,10.73310713728885],[76.89294007188555,10.721460458259335],[76.88220938589798,10.717341543931797],[76.86603441880848,10.685313555577956],[76.87840003861317,10.675032865873618],[76.88247547586829,10.63970710536446],[76.86065842314291,10.63234178423304],[76.81418242991715,10.63585618529736],[76.81009734295924,10.624180958279908],[76.81731226726656,10.603203459419465],[76.83826712327044,10.596667305415616],[76.835187375083,10.545401283919682],[76.84309609523366,10.537285306397179],[76.83103664732894,10.500032705002381],[76.82832588394106,10.45016552159349],[76.81637855656362,10.423519041146616],[76.8335848264302,10.407768204776113],[76.82365674202983,10.39506080544158],[76.8487853846428,10.368228672200214],[76.82870388602947,10.307870679078787],[76.84871568705486,10.285278131007596],[76.87313532983823,10.298484464856685],[76.87342194361781,10.276335869659723],[76.89741470518159,10.262435385334513],[76.90300470290404,10.240296354779257],[76.91159803811587,10.235286966963733],[76.93936023840965,10.23890430681524],[76.98244620624709,10.220120441154426],[77.014433915449,10.245790954320107],[77.04063050042453,10.252660291675689],[77.05268075766557,10.27249964287331],[77.04287673509752,10.283767206653659],[77.09136018630214,10.313916245908677],[77.07818178340483,10.337361852575077],[77.08995830780911,10.35086620338242],[77.08705082235717,10.377436941608549],[77.04479724244514,10.414825629886918],[77.04179834532817,10.426383504314346],[77.07320074732525,10.459493900745773],[77.05854506314654,10.479055147596872],[77.07826723115463,10.502232226682029],[77.07271382361036,10.545129682028026],[77.08540860859299,10.578243673879987],[77.10219808172732,10.58599362756126],[77.1579840627424,10.58422213056839],[77.17066913783513,10.599703177093994],[77.18114392703593,10.643852100581977],[77.15229551623999,10.650586050871572],[77.14511667456271,10.659930006438131],[77.13414915044542,10.750129103255034],[77.15276007729425,10.765674788790218],[77.16122467224778,10.793207362413378],[77.17179628366654,10.802170022011786],[77.2152912284017,10.803463302145474],[77.21438572929026,10.78556310842001],[77.25413463640858,10.776391097183167],[77.28387236586107,10.786627024954681],[77.27591386826384,10.791382577227212],[77.27819755190444,10.802743800291573],[77.29902960820897,10.814595132661447],[77.28839830284129,10.848092232245184],[77.25778686206196,10.869833368160412],[77.24807127863366,10.904652952200129],[77.21099169561916,10.902268954637185],[77.19893048432155,10.920230843128229],[77.18184238423736,10.920573104204955],[77.16994255977208,10.968711156784995],[77.15377781640886,10.99830680221848],[77.17534676972413,11.015785438398702],[77.17889212819809,11.036844101007409],[77.168385466771,11.067339031847897],[77.2341073771738,11.103390899621333],[77.26457050789632,11.11063000575494],[77.24221206839697,11.13802647322487],[77.23569924216292,11.139809703931],[77.22505224143056,11.124955280791601],[77.21351845888402,11.126739515290597],[77.21225364982863,11.137940939975728],[77.18957566880293,11.150462642866856],[77.18394343319412,11.139493072397961],[77.17316363092004,11.13818391416669],[77.18230858471698,11.161945211741967],[77.16098183876187,11.167996033633914],[77.15887421593385,11.197386626982514],[77.14502550723948,11.207173778585926],[77.15949649959238,11.243261920582247],[77.16589799581668,11.244278335734297],[77.1700836824083,11.283278951156335],[77.15344278343542,11.278240370679384],[77.14384291199887,11.287294994204776],[77.13915346995883,11.27972538979866],[77.13874820310326,11.286084926984783],[77.1171157164395,11.294622027839882],[77.12633647726663,11.307980477018432],[77.15056706241194,11.306279322178996],[77.14708257108667,11.336217153911695]]]}},{"type":"Feature","properties":{"id":"d:617","name":"Cuddalore","district":"Cuddalore","state":"Tamil Nadu","dtcode":"617"},"geometry":{"type":"MultiPolygon","coordinates":[[[[79.81287900157062,11.422687561024162],[79.79767543220522,11.463745310194115],[79.7770680921639,11.488553973657607],[79.7786412712968,11.506426566739055],[79.77070223659857,11.513707796381858],[79.77806647078755,11.502729423220838],[79.7727303755919,11.50106775286806],[79.76793248982912,11.510680644409042],[79.75698076797597,11.557048033104358],[79.7606512482943,11.624372777865574],[79.79586439086317,11.785720614041095],[79.7719387002135,11.782181850389298],[79.76591104777619,11.791825154314807],[79.75510055456043,11.775232122170875],[79.71235842408453,11.791507705987884],[79.72282029910478,11.796485659746477],[79.72452255266927,11.810442892147936],[79.7357217603832,11.809322510277616],[79.72944586660195,11.836955492015623],[79.73820538205653,11.836916220211691],[79.7367307058895,11.844207499612185],[79.76442969083838,11.833733967634583],[79.77012856796654,11.822594484583515],[79.77837956600341,11.831714440697693],[79.79753871041558,11.824556582753647],[79.80070289484989,11.83064142136868],[79.79384219692035,11.833550253879782],[79.79828691182583,11.838699872033233],[79.80706247568297,11.83353594802867],[79.8082057283074,11.845256610733617],[79.80067268720182,11.85527085335404],[79.78228480664815,11.855875185725512],[79.77588084904002,11.838412146911152],[79.7681901913313,11.8387978886782],[79.76217035064371,11.84839134682618],[79.77009366931608,11.874605963763655],[79.76398900969934,11.876967436167952],[79.75742679409096,11.876065149040727],[79.75188693763272,11.84834613870974],[79.74310602790133,11.848322722729419],[79.73936804907088,11.86469559334922],[79.72112127408545,11.862500699610608],[79.71890187119166,11.853285146014176],[79.7082647429443,11.869085595078634],[79.70982161495985,11.88928942861179],[79.684679877605,11.885851014120599],[79.70309236121764,11.831910000660267],[79.68525225625625,11.831950070643888],[79.69057421196928,11.806998586219754],[79.68142363831198,11.79624278603627],[79.6681940287485,11.810600265348738],[79.63675133910756,11.800455152390523],[79.59081959917984,11.841475745597009],[79.56502263065678,11.83992959359678],[79.52916058734746,11.857094844596192],[79.45507686542929,11.871494192093623],[79.45150077379283,11.849080512736306],[79.47222764366583,11.846882422439377],[79.47163651537795,11.835352092305898],[79.48049760334173,11.837184307068444],[79.48269092993944,11.811853512069446],[79.46830764909086,11.799238397801165],[79.4664244379972,11.807284568162776],[79.44352137060235,11.809957238703515],[79.43064146709416,11.778536656597097],[79.43877748257127,11.76662940581721],[79.46375151614069,11.767247141989424],[79.46279105899845,11.743229058730865],[79.42845055157466,11.731163650422518],[79.43586148109044,11.723939393940677],[79.44427880759203,11.666008859018792],[79.37690935102557,11.679119209162577],[79.36155148343364,11.672691006251448],[79.35984191668443,11.65988560382107],[79.33231406528876,11.660962378037002],[79.30873280488869,11.632657362183577],[79.29634702688904,11.636364920314858],[79.29146481896545,11.647274807276823],[79.2708867388496,11.643728376106058],[79.24874366594804,11.652397499955653],[79.23560676521682,11.629327637407725],[79.21888772000077,11.638902161675086],[79.20999990086911,11.633715673293246],[79.21238948240693,11.620091596378563],[79.1836902817797,11.585976126386766],[79.15648732766608,11.59824271723607],[79.13575543441402,11.58895040897843],[79.11647247071465,11.599178976974553],[79.11294139096213,11.613285856011716],[79.09821918923157,11.614175037799846],[79.08408967436593,11.634318878927358],[79.06748295359468,11.630215954114217],[79.06557080596913,11.611326182860449],[79.07697400940596,11.607992815373004],[79.07786558642712,11.596891709083764],[79.0681502850698,11.598770068692348],[79.04919203359955,11.585724858320509],[79.0431813763891,11.587228228732474],[79.04980804701742,11.595619453604929],[79.01838988138374,11.60674621957449],[79.01213801843467,11.602657624569403],[79.01886771774127,11.592874382676714],[79.00440711799786,11.574629893331835],[78.98102813574188,11.567017612850043],[78.97425525891119,11.574559333769384],[78.92379984216451,11.567076720189302],[78.90494487629068,11.505347937435117],[78.87763396444285,11.507522975758599],[78.96208676541245,11.405457247083175],[78.99698965144178,11.407552042562912],[79.03244173958805,11.393568327823896],[79.05300019241324,11.402831780118285],[79.08313819857995,11.39679492480683],[79.10587517466529,11.401715746268904],[79.17664066634929,11.373955394179456],[79.23024480033766,11.392009399890156],[79.23783022580076,11.388616614686214],[79.24155668373767,11.369617165845309],[79.25861028671832,11.388473698439054],[79.29601875733138,11.379989171093486],[79.29258654795566,11.41232516900008],[79.3127396575685,11.418491557286437],[79.36836651370908,11.417604443953927],[79.37771789766333,11.411272029311693],[79.37718666724197,11.3974404127584],[79.38403584966787,11.397119515587224],[79.37765388371616,11.402896222994773],[79.38508053374942,11.409206347188501],[79.39406928578978,11.401702696845984],[79.3890975939858,11.368760082108029],[79.3952032857668,11.353513418855139],[79.4053678947848,11.354141094300768],[79.40853872765054,11.364862615337747],[79.42469938367923,11.360358658324245],[79.42580431597028,11.366659579402219],[79.42843225918052,11.357392880211776],[79.43732348382542,11.357287386146046],[79.43079850158897,11.34554971169691],[79.43752509002971,11.333796133758499],[79.44865116320138,11.335235766659927],[79.47355266859138,11.314065760818972],[79.49830327138669,11.313889834944908],[79.50524522822187,11.264581659573006],[79.50398435917728,11.257773745126672],[79.4948878434388,11.258510150105844],[79.49517367568409,11.248409734217658],[79.51021149060827,11.228140124416187],[79.50182068057721,11.203347893184414],[79.4817970110103,11.177632939998132],[79.46388165777081,11.170537128715079],[79.45866232020596,11.150554685663923],[79.56194192756017,11.208281538115399],[79.59834815140397,11.21822778828366],[79.61636655398296,11.255531832396883],[79.63361685387487,11.246309105044102],[79.64695560784705,11.249260421239176],[79.64241826316106,11.283638525776139],[79.65028238734776,11.299277931436075],[79.68380902381911,11.31199371833932],[79.7245088946837,11.345844264419979],[79.75930840887833,11.352622555288722],[79.756922153802,11.372894318382656],[79.76439462510126,11.381973881216712],[79.79156839744286,11.37242792494704],[79.80336671677257,11.381100938034379],[79.81287900157062,11.422687561024162]],[[79.69940437003952,11.874231560156796],[79.69947786211122,11.874299375124911],[79.6997440095737,11.87426764427644],[79.69984029100586,11.873924049806513],[79.69973438682037,11.872382835799202],[79.69956881563542,11.871112767212809],[79.69949973698671,11.87019968901726],[79.69940776028139,11.869119497051248],[79.69949456987717,11.867618770734142],[79.69935175391669,11.865286558019958],[79.69920900802478,11.863342982810794],[79.69912153098073,11.86217685758716],[79.69907252878029,11.861316449188555],[79.699070818388,11.86128640037173],[79.6969964341238,11.860617962794802],[79.69599600913794,11.860351513037287],[79.69600740516564,11.860460637722078],[79.6964788913324,11.864975348780506],[79.69665375199574,11.86700019632365],[79.69712293578043,11.87170989893269],[79.69718800434971,11.873147261208194],[79.69718878857894,11.873164611931232],[79.69722872587984,11.874046793249159],[79.69723025032089,11.874080456370386],[79.69876173684479,11.873653112966029],[79.69902799480009,11.87377961377958],[79.69921618197064,11.87400558838054],[79.69940437003952,11.874231560156796]],[[79.69711136997113,11.823074819850671],[79.7042345691014,11.813468147834053],[79.692985498601,11.813737326876275],[79.69711136997113,11.823074819850671]]],[[[79.78191455702067,11.902290720332006],[79.76919724588394,11.900663263159041],[79.77284217721724,11.875220668743076],[79.77966540461964,11.877911908282623],[79.77833130401474,11.8631559632293],[79.78520584588111,11.862828782170618],[79.7967496760841,11.89810556540499],[79.78191455702067,11.902290720332006]],[[79.79010115483482,11.89472487461838],[79.7897185812199,11.89483502630182],[79.78902092980732,11.895035893399996],[79.7890383652087,11.895095399032993],[79.78925652736365,11.895839985294794],[79.79089341681313,11.895355622959816],[79.79099433265382,11.89532576161388],[79.79071461074906,11.894548249103655],[79.79010115483482,11.89472487461838]],[[79.79124939131243,11.883931051255779],[79.79158752616853,11.884999368196997],[79.79332177862175,11.884553362789205],[79.79294754855921,11.883484892020029],[79.79124939131243,11.883931051255779]]]]}},{"type":"Feature","properties":{"id":"d:630","name":"Dharmapuri","district":"Dharmapuri","state":"Tamil Nadu","dtcode":"630"},"geometry":{"type":"Polygon","coordinates":[[[78.6328807113886,12.17661857316821],[78.61234360882274,12.182489160241447],[78.58249198556861,12.16233555880967],[78.57148289101323,12.193534391216149],[78.55464732172842,12.180481390573284],[78.516515275222,12.177186666123756],[78.50636404301689,12.142939606333897],[78.46528088168178,12.146686195435361],[78.47189552207182,12.172791013072473],[78.44640184185663,12.19106749390101],[78.40863036024066,12.19651572679513],[78.3909359233908,12.186062394073135],[78.3744139344121,12.195260465841585],[78.37911407538715,12.205497997036883],[78.39194744167209,12.204521589939631],[78.4016890627689,12.213312145360835],[78.40309597901407,12.223947371680014],[78.35493866925815,12.226120964113925],[78.35258364680763,12.247273637086776],[78.3342766766133,12.2635237462997],[78.31689607159785,12.26010322296574],[78.30219925805386,12.273952752849599],[78.27705989135306,12.26022200535907],[78.26751769265603,12.263449884165004],[78.2581783236687,12.294546945763694],[78.23203904581841,12.302205854198316],[78.2293925101767,12.317438675213381],[78.24733129058046,12.332790009244025],[78.23970068435018,12.334085792343831],[78.23623542415852,12.34788622939334],[78.22711015694108,12.348915528215826],[78.20517539976066,12.329130051011916],[78.20079631666812,12.335793428588575],[78.1735771380822,12.33715040827662],[78.16364451718962,12.350896524754502],[78.16672631623089,12.36288271008456],[78.14275953843675,12.370726618607684],[78.1348839104245,12.381949559382564],[78.12777518764503,12.402261635134762],[78.142481426313,12.427242416074986],[78.11462606533442,12.445258086379697],[78.1180518858918,12.45470007242156],[78.09811114430035,12.445410191395471],[78.08014664333336,12.448856025914035],[78.07784409776679,12.463553888779803],[78.05967644908651,12.46466155668126],[78.04911756230375,12.47563710218397],[78.03819410234779,12.461531802620263],[78.02706912242581,12.459661120185016],[78.012735804975,12.484482284895577],[78.01184420819091,12.50276367358864],[77.99376788134411,12.50043284341757],[77.98581825011873,12.509777694286608],[77.9588997493365,12.483898210671754],[77.94240764640897,12.513678027907446],[77.92147063633652,12.504158798100049],[77.90891803040883,12.51266206506606],[77.90007547738433,12.49900025333262],[77.90580458821167,12.489371839940542],[77.92223673308555,12.490699410672306],[77.93450925059588,12.469436288802084],[77.92479386030531,12.460515954270562],[77.92820374385127,12.445202324957028],[77.94512905842625,12.449447498416115],[77.97089895621824,12.412703280042413],[77.96783497166739,12.394295059639271],[77.94947888338994,12.375091117406038],[77.95461718303473,12.351301944330322],[77.94853114369724,12.3365734356173],[77.92674818113855,12.325097479373555],[77.87924374537158,12.335853937395147],[77.8672134271366,12.330244467665777],[77.87500603015533,12.303247763864581],[77.86773169576672,12.265755273999655],[77.8616843172241,12.254477936582141],[77.84525379740256,12.262178068411403],[77.81451955243233,12.234208639203771],[77.79392411057702,12.147696889403957],[77.77683590269494,12.157404204393],[77.77244727140929,12.171961040402064],[77.74671723725635,12.155849341880272],[77.74980753975008,12.138462531997547],[77.77639204511306,12.112280954837138],[77.75568705370884,12.079733695018014],[77.72753522712689,12.062037856300574],[77.70890554255665,12.036018063971495],[77.67450598078439,11.953899976299965],[77.69132793879602,11.941838038285162],[77.73836436307973,11.939772083956857],[77.7626667730236,11.909907439895505],[77.80741753916976,11.909077518588676],[77.84774071589301,11.894295919834196],[77.85005257609076,11.904900057394403],[77.86708896555398,11.91574487791861],[77.90508279996574,11.900285963899911],[77.97034589044725,11.895558696902688],[78.0112974414067,11.921307407373915],[78.02686234641709,11.920450308823355],[78.03904338039717,11.936337756436728],[78.07372239457959,11.937599053934019],[78.10059629221139,11.95576002140083],[78.14485915997054,11.96825007279592],[78.23486558408008,11.979260095723124],[78.25327740743103,11.95106129558708],[78.23579247657003,11.917964712291582],[78.25700069700994,11.940219580678775],[78.27275556156692,11.937920908618663],[78.25794970063228,11.912363511764061],[78.27502569322309,11.931440160792016],[78.290755874771,11.932096593380935],[78.26902077355236,11.900250057273107],[78.28007294412224,11.899567213396953],[78.30230750774054,11.92274824740737],[78.32438853490375,11.930084994079703],[78.3315047145984,11.92224420792725],[78.32639136296568,11.899584630119884],[78.30914847507314,11.881188953682363],[78.35426295739977,11.912285333560964],[78.35979844804575,11.909646199736235],[78.35313114571882,11.894160166229957],[78.36574790573081,11.89183785456522],[78.3675567812347,11.880565179595065],[78.34800568299943,11.848485116213068],[78.35077894487657,11.833917491353862],[78.31504247077262,11.781081546588453],[78.32828345210928,11.775981266642454],[78.35124230308665,11.792853319439761],[78.38190750534075,11.82746012976921],[78.4031462855683,11.873545168910974],[78.41437682562099,11.880143285192036],[78.44148321623143,11.868346226152424],[78.43307025644042,11.862232346614071],[78.43507878161789,11.854665464657462],[78.45538151462445,11.826352224579823],[78.54677467342796,11.80695169617918],[78.59583747780374,11.822759578604671],[78.60992133399846,11.85265622565143],[78.63365954355336,11.87417680321916],[78.63455459256315,11.888337854581545],[78.65505538163194,11.88535827505283],[78.66083441363627,11.89532424441725],[78.68987901828689,11.904007182005754],[78.6947235176298,11.89446444000057],[78.70824072013654,11.89793699035864],[78.72386177524204,11.919668867242832],[78.70442417015978,11.940005313328644],[78.71332792989617,11.950742262669712],[78.70985748283206,11.966617408382064],[78.71711207135242,11.984127375772053],[78.6977167167329,11.99251068402895],[78.7228399083687,12.088501660911998],[78.74521727716774,12.123920391272868],[78.73763752456568,12.133921448750087],[78.68411198597816,12.105913362591638],[78.66120577897135,12.102477095296512],[78.66443632105738,12.115444262403098],[78.65722570956174,12.125022797687269],[78.63092825096632,12.128630794978864],[78.64786194502625,12.162163441793178],[78.6328807113886,12.17661857316821]]]}},{"type":"Feature","properties":{"id":"d:612","name":"Dindigul","district":"Dindigul","state":"Tamil Nadu","dtcode":"612"},"geometry":{"type":"Polygon","coordinates":[[[78.20001736772235,10.54668869782366],[78.1887542053501,10.559131030867643],[78.1700410241708,10.554202003960864],[78.16096429382647,10.562493376920349],[78.13916779814804,10.562630184019957],[78.13271241019325,10.575088418406544],[78.13616661841195,10.596777163275803],[78.16539210243829,10.613740416176515],[78.16306525564669,10.648850333818304],[78.14553537308886,10.649588371619036],[78.14507043474221,10.67670594186745],[78.15466644611801,10.720050970383074],[78.15163727397933,10.740510236214428],[78.16824902531619,10.775886272822175],[78.16988855132102,10.798984900388827],[78.18605904120712,10.819323885429652],[78.18081941069998,10.821191679908845],[78.18663760655573,10.83303389861052],[78.17708854293332,10.82272465758362],[78.17602949119713,10.8351284788666],[78.1523061469635,10.826442893635681],[78.14912701276624,10.80386864784458],[78.1050650307625,10.805034074014493],[78.09641642400783,10.788868545145984],[78.09806026641762,10.766931656785884],[78.06994774202768,10.77571927684736],[78.05692138258546,10.763570238935417],[78.05569357783155,10.773939620627825],[78.03411949603432,10.774548255962667],[78.02780811610438,10.781457777309448],[78.02463424423809,10.77157529178397],[77.99852564026148,10.774475583862808],[77.99492754708709,10.761738656079789],[77.98327856009696,10.75946442619131],[77.93921114687898,10.768407684051986],[77.9313063119419,10.736621197646338],[77.99817062156961,10.742773848649776],[77.99866400956132,10.729879419884831],[78.01059216958556,10.731102742603147],[78.00871255444804,10.722115544648334],[78.01516764955203,10.719636379297384],[78.00554605056367,10.675464449413534],[77.96985004017336,10.672496376597032],[77.97778293937823,10.639829990404662],[77.91397259628934,10.648241711594306],[77.90900135543963,10.657038766695152],[77.89591259272956,10.645512649877942],[77.87641786916825,10.645431569410544],[77.87230104293474,10.631246493288678],[77.84599316478032,10.639006049271385],[77.83068115259042,10.632829007148796],[77.81295683418094,10.64823550341834],[77.81770285481251,10.67941342384983],[77.78878944192262,10.685237299292988],[77.7556827741348,10.671614863399995],[77.7466799194428,10.64068919372148],[77.72054768079104,10.631231959943902],[77.72305914484834,10.640764723092916],[77.71410733512569,10.64152659136331],[77.69847427044317,10.662427819755631],[77.70870329944684,10.68632003681922],[77.70434784384292,10.725376754811228],[77.69547298470586,10.735305415635157],[77.66469826344557,10.7162749187203],[77.65569505032576,10.673355098439574],[77.63678805582731,10.668740623286103],[77.58600720640267,10.683468969234621],[77.58007109139449,10.679083395643215],[77.57146498842751,10.657876816832912],[77.54919612443672,10.638967545405345],[77.54283911997184,10.609764251401941],[77.50826482240208,10.606986031890804],[77.5072889151353,10.613386487872985],[77.51613525006718,10.612951345570082],[77.5046494249804,10.64255979427299],[77.48250887364985,10.650003585406187],[77.44513708933468,10.629653578605746],[77.4177422326185,10.625562307302252],[77.38786195041186,10.596141118257371],[77.36834968275305,10.54897523214782],[77.37802126939371,10.525916995577928],[77.4056666222252,10.522123690050414],[77.40170015869887,10.498824285615518],[77.37854246114176,10.493920188229984],[77.38502803338842,10.448865289293192],[77.35714759324374,10.444845617391639],[77.33558612828467,10.455077406884236],[77.32294600758367,10.44852966334428],[77.32715454192623,10.434693435268686],[77.31997585565749,10.433955303572676],[77.3156725634255,10.355656067894833],[77.33664221558044,10.354136361791618],[77.32654467388322,10.32112194156955],[77.35127818173866,10.273335039581536],[77.34809790218942,10.263398715854985],[77.32507031032989,10.270076697965147],[77.31053850832045,10.246330144774985],[77.29678103432296,10.252693758830246],[77.28808816128608,10.231863375776594],[77.29495562802123,10.217898372624026],[77.28311734713611,10.208648399377607],[77.2753048024164,10.184418497753898],[77.27477210594449,10.132546462646445],[77.2665925958379,10.119341512756288],[77.2830396329826,10.117773819024272],[77.30248338343971,10.136001263023775],[77.3237228418953,10.127566038892535],[77.32929080304554,10.142679001782282],[77.34146892289083,10.136022109395638],[77.3603242085649,10.151032016008775],[77.37207786006543,10.139306430652265],[77.39543375741525,10.16279488730188],[77.40874754630735,10.158449939572446],[77.41142925638232,10.145019339300356],[77.42757926467995,10.136080494085787],[77.46564590844379,10.128767988004583],[77.46804463393289,10.14225203204824],[77.48263446082149,10.153933400703819],[77.48775175695663,10.147743241596636],[77.50001385939954,10.160965540972903],[77.51180390344885,10.160897844613345],[77.53805903612304,10.187712951961823],[77.5462283799955,10.18284668959579],[77.54818484331066,10.203994082875669],[77.56681878140381,10.195373312429119],[77.5697466298666,10.181269906425994],[77.5890460327357,10.196760257773755],[77.59831889584926,10.194311288321403],[77.6030047410349,10.199962334650436],[77.59578031614518,10.205793040760113],[77.62325597182956,10.218728149131968],[77.66443003278995,10.188783033204329],[77.68148889271167,10.201483502116382],[77.69321122714476,10.196911371832224],[77.70654019756518,10.215858495357521],[77.71002896487119,10.206301390971712],[77.70127400387508,10.195164963401439],[77.71224242540934,10.170014988910054],[77.72928144873298,10.15906634758893],[77.72392565887307,10.146170871023818],[77.7294510497603,10.131382712111016],[77.70786612978915,10.128902092584461],[77.69211107658599,10.145364458278026],[77.67637939485154,10.144630067404712],[77.6754782696372,10.126611430837265],[77.66862985257595,10.122367464978064],[77.70253634975002,10.10273855990811],[77.69693577256844,10.086669292292916],[77.70854399940089,10.081472803263349],[77.71259558458858,10.047884354750916],[77.70634008436093,10.037981347705532],[77.71723113310146,10.018052249394984],[77.76355267808204,10.055913465267373],[77.78054947070586,10.05093752473954],[77.80555903803463,10.067602440636493],[77.82286991402111,10.065540148277378],[77.84760075388017,10.075353299264641],[77.86362543641589,10.07424256616946],[77.87484250443428,10.06159463614609],[77.89101278141965,10.078117163756003],[77.9195547831604,10.071917806145203],[77.9254149294416,10.091008172189289],[77.94647334233316,10.083626212159023],[77.94670280978596,10.090610377096592],[77.93129320282698,10.090305535930861],[77.93355489031947,10.11361749813277],[77.96221048043465,10.13730834666374],[77.97270685255845,10.131162274431166],[77.98407327357765,10.136606150363173],[77.99714394960782,10.160741308221862],[78.01374257027014,10.163361581429541],[78.02003180044007,10.184524243414163],[78.07075412821722,10.18810448873155],[78.09153533718175,10.181996090263958],[78.10364470716172,10.192331214246726],[78.13062680058125,10.1875046447864],[78.14612282008072,10.179385565900855],[78.16122413242073,10.154544502235138],[78.16538676734383,10.123858985865473],[78.15630222974136,10.10726041776653],[78.17469038338284,10.098321552064432],[78.17015980211261,10.092454502611904],[78.20398241640207,10.079348492567746],[78.2028575693595,10.06691275705668],[78.26037913862262,10.085924573211445],[78.26128440237545,10.10242899875879],[78.27339213831993,10.114823973423881],[78.27049923522,10.129442258946858],[78.28083280566489,10.129581252610317],[78.28425776114469,10.148581982216369],[78.28136840818674,10.166902639855726],[78.26186076056345,10.159043913753754],[78.26968403296429,10.151321209246401],[78.25981792692865,10.154179751425396],[78.2596697480259,10.161447983226903],[78.27221824685614,10.171940048032027],[78.26894516055827,10.182358399075328],[78.29142346406262,10.203946466644526],[78.31346791362407,10.208838638653738],[78.30902954621438,10.214744532894233],[78.32019331000045,10.214097214599052],[78.32868814673803,10.228351822027848],[78.32174759486796,10.24772537165458],[78.33197425142097,10.25493032291878],[78.32598996335737,10.285144214288746],[78.3398929132269,10.288749134255664],[78.33871389507776,10.298300692586382],[78.32940670194728,10.297783955577305],[78.33780168734776,10.32549564761259],[78.31783844565338,10.348722771915535],[78.2793394723877,10.372639432646166],[78.27720373678288,10.383189375911977],[78.28782749899713,10.402115240877738],[78.30681585480919,10.412155632581397],[78.31509328397664,10.439460821418667],[78.24637030882212,10.467945807562401],[78.21758317660328,10.4666890195757],[78.19990236989125,10.48150207903314],[78.19172595268421,10.500909786600447],[78.17336478443386,10.503726869029833],[78.20001736772235,10.54668869782366]]]}},{"type":"Feature","properties":{"id":"d:610","name":"Erode","district":"Erode","state":"Tamil Nadu","dtcode":"610"},"geometry":{"type":"MultiPolygon","coordinates":[[[[77.42724111275588,11.76087036880894],[77.42222728996508,11.772376037630922],[77.39445553159669,11.787633191433397],[77.36484641484176,11.790403376902518],[77.36042479292728,11.779469287163279],[77.3351488319976,11.771230779767873],[77.29385437882286,11.808998277280233],[77.2879755278208,11.800435621589497],[77.24987603536198,11.81301267785875],[77.2386016943543,11.79465274796905],[77.18923576606235,11.792521524738074],[77.14709466420703,11.781914793125624],[77.13807819914017,11.772641478997988],[77.11074656226042,11.77347245321181],[77.1177064341973,11.721072082751135],[77.10500983282112,11.732798240344978],[77.08021798028629,11.735981982900395],[77.05642675216329,11.769775763307457],[77.06975656700008,11.782076409035051],[77.06294256619397,11.79039671309497],[77.04646867840549,11.787616640788164],[77.03510161598918,11.76977900663906],[77.02886476388848,11.774674731652357],[77.03874926831945,11.793846691820331],[77.02987993561803,11.804674974839717],[77.01401058257474,11.806210792728221],[77.01294023991369,11.814615034615587],[76.98214861325806,11.81150361809563],[76.9699226994464,11.776859736257153],[76.95393962956956,11.79205213579891],[76.90800360827126,11.795245400198146],[76.89661073815512,11.776467615150741],[76.88834944183183,11.73364316913771],[76.86263299918912,11.711010990024088],[76.83500509972531,11.65541638639217],[76.83462737701296,11.63950147331885],[76.85812453983107,11.614029851395932],[76.84671506615356,11.582060056994925],[76.8422448381957,11.585422492938006],[76.8303139176486,11.572493179575405],[76.86310672216094,11.544101979619164],[76.86627550327455,11.519585169947655],[76.91436458508629,11.524180746394975],[76.9273555311434,11.533291514320378],[76.92639628133692,11.5250832083836],[76.93796988889494,11.527074540567382],[76.94508172972677,11.519289537319482],[76.93376308740258,11.506712277387876],[76.93526636323331,11.482163600185325],[76.97182295607253,11.467654194180264],[76.99105179178447,11.481167244397009],[76.99925721738865,11.475249645831427],[77.01142215894876,11.440991433662042],[77.00729653641196,11.434367786389897],[76.98291750825923,11.44036380558833],[76.97605084461792,11.413914258743679],[76.98099794683759,11.401296506289778],[76.95746133899537,11.381057321143441],[76.97160727596273,11.386189527962902],[77.01361019536776,11.368760801631161],[77.02543190503081,11.373339663801088],[77.02344293258386,11.387708419985527],[77.0325101937868,11.38481426459091],[77.04542835115306,11.402532718731788],[77.07042490099506,11.402498343343659],[77.07046505389162,11.386090300596068],[77.09134972003079,11.393556648260013],[77.09150873800577,11.40333822190367],[77.11026972123624,11.406368775278922],[77.11311194857437,11.380943142046135],[77.13044235663008,11.375325211996747],[77.12931565097318,11.354161952733115],[77.13814239544531,11.33998665968091],[77.15860269474932,11.332685478096616],[77.16767901905514,11.317225635228004],[77.18249973273468,11.313842421854686],[77.1745147932271,11.33253001763321],[77.17873030837775,11.342057832645779],[77.19660270687527,11.338673433286445],[77.21084170661112,11.349595147422216],[77.2340938305793,11.352037891011156],[77.22152543855711,11.340208255431875],[77.23454447403486,11.331105018020056],[77.23652157973693,11.314063319080846],[77.22645575755239,11.317556308965672],[77.21810270640766,11.305865159427103],[77.20431809071218,11.309941527145035],[77.20343174727587,11.29997479561449],[77.24153337592844,11.305138735605272],[77.23832918861626,11.322384257589047],[77.24897927955318,11.32956466571054],[77.25388451668738,11.310772225656265],[77.2877102436393,11.333188876322664],[77.28893972824282,11.343746290766179],[77.28631718390739,11.292370838348342],[77.31437607707825,11.281967934963376],[77.29559150588497,11.272761593044343],[77.33132800873504,11.256783123163203],[77.34872204715725,11.28591833428612],[77.34526621478453,11.300033857391998],[77.3332650819148,11.306864679014813],[77.33455276836555,11.316757059729682],[77.36608097312998,11.317132551581848],[77.36318240884711,11.34149764192453],[77.37861493721888,11.339410138763391],[77.38676430255946,11.322065108086118],[77.40268673435799,11.315122603364882],[77.42094903941803,11.31049714717615],[77.42574009708639,11.319655023567648],[77.44396837306518,11.305667239898439],[77.44821843742166,11.311453730415659],[77.45454174518188,11.306804555422278],[77.45260816375365,11.31316124341224],[77.46908824362939,11.27008741757281],[77.46525855130004,11.252279493232892],[77.50023211318263,11.22678004718763],[77.49448146883962,11.222462143781481],[77.50199001827731,11.219258122129592],[77.49904106210025,11.205627411700794],[77.51073600240875,11.198457759416776],[77.51686373974515,11.205633442564183],[77.5123225862023,11.18302586664794],[77.4879402630291,11.178978808684496],[77.47633287522312,11.184931254412428],[77.46972859330661,11.164848172863124],[77.48513515677345,11.160828984427637],[77.48320906819298,11.140018857660413],[77.49894379521623,11.146557950689465],[77.50325217370934,11.106908713818015],[77.55620815076236,11.108221033408517],[77.58422531090005,11.121425849971134],[77.59871273433784,11.111627980053045],[77.62306581555191,11.127097901615796],[77.65446403139978,11.11620349972966],[77.66136941692142,11.103776823575364],[77.70269517907875,11.093988243018488],[77.71336346359512,11.078173818346427],[77.730139886005,11.076654574178423],[77.73819736537008,11.085362324786416],[77.77515076742651,11.05832061940498],[77.81783357316108,11.07030227717778],[77.82806272343733,11.063221090051949],[77.83050905514492,11.047802960377567],[77.85164528010638,11.046101743837482],[77.85428689387862,11.03166437029149],[77.86913063587048,11.023434008181155],[77.91975704872809,11.046892038734041],[77.93312714132728,11.07015572088502],[77.89534608097539,11.07672306857457],[77.8874063491845,11.088227305096702],[77.88434055991823,11.155931184017579],[77.86145514531702,11.185691544632778],[77.87082530316239,11.214752341265593],[77.86476622226655,11.242447248399623],[77.84084790768367,11.260602428932097],[77.8076971505817,11.267597681181037],[77.75755675414058,11.334307465116227],[77.75082368525338,11.354152454013034],[77.71749229311749,11.378273700201003],[77.68373711266143,11.419455434416605],[77.69913617519562,11.477025025146334],[77.73244330383574,11.511661320766521],[77.72406383683177,11.536660247082732],[77.7461990027622,11.570648198291005],[77.7358974931898,11.601322669836394],[77.77651772660784,11.695704635010497],[77.7705504400593,11.697062874966084],[77.74562210558503,11.654610150596069],[77.73421298764036,11.657868919772985],[77.71496219710292,11.649286682638394],[77.70547019806058,11.634429023182982],[77.69548817162405,11.639645853704955],[77.68963235881577,11.66368934782712],[77.69822132731701,11.693472071005118],[77.68989460489496,11.694751368250682],[77.69096149892363,11.718508804571826],[77.72218178007324,11.795084186867987],[77.70983192121025,11.79759643013571],[77.69733371366289,11.760613248943084],[77.67270592044841,11.732844031285545],[77.67546620616123,11.725286037881915],[77.64918732921747,11.70478593790816],[77.63433505502707,11.663961454945676],[77.62501331996877,11.663681598847315],[77.61839063696199,11.67618322912508],[77.6227511366062,11.664873847403358],[77.61066006980013,11.652248129794833],[77.58901814094445,11.684987995230301],[77.5783946509197,11.685287686360292],[77.58180708657939,11.67594843003222],[77.57179130864101,11.664975051724612],[77.57672657106525,11.652472964070286],[77.56430451011127,11.660871757705943],[77.53727951944197,11.619234998816012],[77.52874341589686,11.586303838115931],[77.51283325059357,11.591862793762647],[77.5163127526757,11.57933588915725],[77.49328704099007,11.558784835358534],[77.49622667175616,11.551767331772153],[77.48559474116101,11.549819138983665],[77.44470634176604,11.561374350766538],[77.44970708688292,11.595425335838794],[77.4586244048919,11.606637317418429],[77.44501789816783,11.618387552317822],[77.43762210526458,11.645047997273284],[77.45402601698738,11.666075276396487],[77.43969898235372,11.673736544199993],[77.43561569202636,11.7027656758502],[77.44318323382878,11.716587127022816],[77.43438395175319,11.715263889102987],[77.43505392068198,11.73150239456289],[77.41942536015227,11.728830119782858],[77.41540414430939,11.7395754789534],[77.42724111275588,11.76087036880894]],[[76.95216566798752,11.548333963242555],[76.95140519199722,11.550286769398829],[76.95026390129338,11.550838492071222],[76.94872391041865,11.551593760777402],[76.94873656588439,11.55164953483803],[76.9488203212082,11.552018622403633],[76.94894421505555,11.55271923624138],[76.94907276576936,11.553424278821668],[76.94970098908857,11.554459245165429],[76.95089293309634,11.55485677417044],[76.95120920295845,11.554956095386016],[76.95162638237301,11.555159417248596],[76.95286851166246,11.554508248845512],[76.95313434740956,11.554331861432315],[76.9537209095608,11.553631088804547],[76.95472998442452,11.552916187690153],[76.95476125477958,11.552894033420428],[76.95471047840644,11.551488366422214],[76.9551131805719,11.54878524158698],[76.95364128918223,11.547031837011714],[76.95216566798752,11.548333963242555]],[[77.00052822571786,11.517112887611416],[77.00457492137545,11.517019851917745],[77.00427339376552,11.515391223644459],[77.00399822362431,11.514357837654327],[77.00399892431021,11.51348840742143],[77.00193366513267,11.51363159940894],[77.00121579893127,11.5135759612754],[76.99986633084684,11.515559378943134],[76.99973431802594,11.515877880392157],[77.00052822571786,11.517112887611416]]],[[[77.54898234965363,11.64100093587974],[77.5438374303235,11.644400276298278],[77.54069484677855,11.639756923204954],[77.5458297013842,11.63636433873228],[77.54898234965363,11.64100093587974]]],[[[77.55831753339004,11.662681490366602],[77.55530130597464,11.669425697739097],[77.55233373670488,11.663808927367477],[77.55831753339004,11.662681490366602]]],[[[77.55709376835995,11.820414288082352],[77.55560673317123,11.82208178904484],[77.55523512169775,11.82179686535489],[77.55364323874232,11.820779483070218],[77.55279922212554,11.820214215420835],[77.55176646856928,11.821511213339061],[77.55051396643324,11.820914210153042],[77.54860109207063,11.819544058646533],[77.54900500606338,11.819010826428796],[77.55020752414039,11.817709373690624],[77.5515477880864,11.816145883376546],[77.55208917575868,11.816195755239269],[77.5535755048716,11.817176962661343],[77.55587831005128,11.818795825354508],[77.55753442434617,11.819831322654482],[77.55709376835995,11.820414288082352]]],[[[77.5321323992394,11.848475738924174],[77.52501677739856,11.844613066806785],[77.53527915276393,11.82573678706983],[77.52659882739489,11.811260667121445],[77.530749353028,11.77840170907176],[77.48043277090851,11.739183631035568],[77.46463805708552,11.742191394001281],[77.44997306007227,11.696927195270927],[77.457353896026,11.677995946204812],[77.47167342074391,11.693996440090347],[77.47197682942607,11.718100859211583],[77.47640551928521,11.713846299999307],[77.50978594865585,11.753257770884789],[77.52843011227186,11.75133735474454],[77.53882429115063,11.739279901299524],[77.54768366962041,11.744409261672361],[77.53992864582494,11.75237410642546],[77.55705789144412,11.766499605958264],[77.57160170662387,11.71144134171561],[77.59601744982061,11.749782078307824],[77.58517552724801,11.757998927413922],[77.59068253770621,11.773340699880377],[77.61339129411523,11.766264700720257],[77.62076964443061,11.737242531362083],[77.6315499147269,11.72922735386806],[77.63541980037704,11.753875924042173],[77.61708304564115,11.785673905032898],[77.6060353441898,11.791553662151932],[77.57191802140171,11.785497916048524],[77.57347804830052,11.801158338561715],[77.54188975343014,11.801534374933201],[77.54954499236382,11.808402569294232],[77.54474141757034,11.83712568911018],[77.5321323992394,11.848475738924174]]]]}},{"type":"Feature","properties":{"id":"d:789","name":"Kallakurichi","district":"Kallakurichi","state":"Tamil Nadu","dtcode":"789"},"geometry":{"type":"Polygon","coordinates":[[[79.17262955565502,12.030478403366656],[79.14749009642775,12.044122152776751],[79.12543036113341,12.018774698014061],[79.07891005042146,12.031502424403103],[79.0768732669401,12.044243740167538],[79.08797260894387,12.042433231746859],[79.09848079660863,12.066087501261382],[79.08521526880682,12.081050986335237],[79.07882421190446,12.071241614246349],[79.06304460055806,12.069868633249085],[79.06877094008277,12.052513494194944],[79.06048662892191,12.052208654268167],[79.05249163636798,12.03653143410864],[79.02286357773694,12.050063119405435],[79.03150072917511,12.064417154157297],[78.99504558757248,12.06763220096242],[78.98847334766384,12.055069351569106],[78.98101483259086,12.065562875591331],[78.95971612844565,12.068747158155327],[78.94153961519015,12.050572504085078],[78.94891269239477,12.04094220965308],[78.94330743409229,12.0289569350431],[78.91202502455927,12.005373487866024],[78.8688248673745,12.00370355505061],[78.86137724078105,12.012268452240171],[78.82872284239946,12.007729471362534],[78.80431587574304,12.019606724369405],[78.78029220584531,12.00768895811637],[78.75751223998374,12.011612173092495],[78.73649209442497,11.987965465410221],[78.71807241440858,11.987488115667915],[78.70985748283206,11.966617408382064],[78.71332792989617,11.950742262669712],[78.70442417015978,11.940005313328644],[78.72386177524204,11.919668867242832],[78.70824072013654,11.89793699035864],[78.6947235176298,11.89446444000057],[78.68987901828689,11.904007182005754],[78.66083441363627,11.89532424441725],[78.65505538163194,11.88535827505283],[78.63455459256315,11.888337854581545],[78.6361561279163,11.878574640430049],[78.62713837915688,11.871062436811375],[78.6952046391263,11.851230722618503],[78.69224817393182,11.803884406574115],[78.66528803174454,11.796652300433017],[78.66224899610408,11.779874417288726],[78.64317319738393,11.768336177593488],[78.6379109868238,11.721241234572808],[78.65267045606222,11.715267538572734],[78.64587407571042,11.660440206610076],[78.66002065856648,11.661626270210515],[78.65906723613126,11.64794155989252],[78.68009971016896,11.64357139339801],[78.67786978440994,11.671836014406711],[78.69316693217684,11.689346749206162],[78.71794968657446,11.683196873997842],[78.78064770423757,11.703341697393917],[78.8060790988642,11.686458164602751],[78.80648946006573,11.661344896787833],[78.77357849744911,11.636605186838873],[78.78625057032647,11.641301489235179],[78.78984039540698,11.628881544023566],[78.78643429376838,11.61348510891273],[78.77674188597605,11.613355178294592],[78.77534171428205,11.605973402282963],[78.81762589171097,11.590866276400373],[78.82932796643945,11.578153668588564],[78.81617024455659,11.561711448409373],[78.8160372202327,11.542473936126237],[78.83472092858582,11.539996049745165],[78.84478909178,11.521980423395872],[78.85794335514903,11.523107312397011],[78.87763396444285,11.507522975758599],[78.8996283958093,11.504575370371517],[78.91646508978484,11.528394777810226],[78.92379984216451,11.567076720189302],[78.97425525891119,11.574559333769384],[78.98102813574188,11.567017612850043],[79.00440711799786,11.574629893331835],[79.01886771774127,11.592874382676714],[79.01213801843467,11.602657624569403],[79.01838988138374,11.60674621957449],[79.04980804701742,11.595619453604929],[79.0431813763891,11.587228228732474],[79.05501412185546,11.586399942293982],[79.0681502850698,11.598770068692348],[79.07786558642712,11.596891709083764],[79.07697400940596,11.607992815373004],[79.06557080596913,11.611326182860449],[79.06748295359468,11.630215954114217],[79.08408967436593,11.634318878927358],[79.09821918923157,11.614175037799846],[79.11294139096213,11.613285856011716],[79.11647247071465,11.599178976974553],[79.13575543441402,11.58895040897843],[79.15648732766608,11.59824271723607],[79.1836902817797,11.585976126386766],[79.21238948240693,11.620091596378563],[79.20999990086911,11.633715673293246],[79.21888772000077,11.638902161675086],[79.23560676521682,11.629327637407725],[79.24874366594804,11.652397499955653],[79.2708867388496,11.643728376106058],[79.29146481896545,11.647274807276823],[79.29634702688904,11.636364920314858],[79.30873280488869,11.632657362183577],[79.33231406528876,11.660962378037002],[79.35984191668443,11.65988560382107],[79.36155148343364,11.672691006251448],[79.37690935102557,11.679119209162577],[79.44427880759203,11.666008859018792],[79.43586148109044,11.723939393940677],[79.42845055157466,11.731163650422518],[79.46279105899845,11.743229058730865],[79.46375151614069,11.767247141989424],[79.43877748257127,11.76662940581721],[79.43064146709416,11.778536656597097],[79.44352137060235,11.809957238703515],[79.4664244379972,11.807284568162776],[79.46830764909086,11.799238397801165],[79.48269092993944,11.811853512069446],[79.48049760334173,11.837184307068444],[79.47163651537795,11.835352092305898],[79.47222764366583,11.846882422439377],[79.45150077379283,11.849080512736306],[79.45507686542929,11.871494192093623],[79.44097926590905,11.872776634837349],[79.41457164241878,11.898897416756286],[79.37490311655209,11.919528362424906],[79.34875222618007,11.926007013881831],[79.30812713826626,11.920391085610255],[79.30552580315471,11.933905098365285],[79.29264736569706,11.94412566139633],[79.23719630356936,11.952141358614716],[79.20897185628156,11.974628778192672],[79.18470415095206,11.972754790209859],[79.1863827321122,11.985762709384188],[79.16840991723723,11.992197886166936],[79.17262955565502,12.030478403366656]]]}},{"type":"Feature","properties":{"id":"d:629","name":"Kanniyakumari","district":"Kanniyakumari","state":"Tamil Nadu","dtcode":"629"},"geometry":{"type":"Polygon","coordinates":[[[77.58861959887707,8.142107005100682],[77.58377099243667,8.15458024907862],[77.5462292971754,8.158082047849001],[77.53766929395218,8.1693870841663],[77.54691882602121,8.179367035152486],[77.54174471324099,8.18524768075816],[77.5529103185734,8.191751289356015],[77.54552672928328,8.195588037427987],[77.54976278890447,8.205593896900671],[77.54376838940401,8.205488601237954],[77.54988223519285,8.220020380818397],[77.54061084890958,8.221465025163177],[77.54530342696829,8.240237204635976],[77.57672524066031,8.24424858581489],[77.55843145234448,8.26966215879453],[77.56305970563892,8.27559449020546],[77.55365540642286,8.276885665258346],[77.56426185720325,8.278560474402376],[77.53093329116724,8.318654150270014],[77.53271735969457,8.335305241400029],[77.54204558058922,8.335266889442256],[77.5337304212815,8.367481143832661],[77.54169024299541,8.378808074774975],[77.53396043940155,8.39088609857267],[77.49148289601447,8.379095291661796],[77.48930399636022,8.388396028860015],[77.47316181059207,8.397408298756362],[77.47293636040524,8.416303989761554],[77.4615996888933,8.428456551344865],[77.472256591755,8.455267552323951],[77.46631397294419,8.468782442415895],[77.44513932344479,8.474810237606258],[77.44952833381949,8.487202588620546],[77.43867472955495,8.507159812650071],[77.38910876711046,8.524038234683706],[77.37443318255329,8.518063398998528],[77.35081083231377,8.546440321306234],[77.28708956077855,8.566782619299529],[77.26952192382599,8.579382047407362],[77.28384684472383,8.546728597348274],[77.2621910961858,8.506538213074002],[77.24012424803105,8.497053689715502],[77.21430904730096,8.512813256585087],[77.2023840897707,8.501190418220897],[77.22809998713603,8.447252374977978],[77.20659986812773,8.444702573378454],[77.18167096412157,8.395794284581768],[77.16818616384711,8.38387388839604],[77.1609500743334,8.390172115105551],[77.1512571374334,8.384937372616223],[77.16129401859446,8.3739780414257],[77.15301721106115,8.355144172814622],[77.16753528771139,8.363425684180104],[77.17429424694338,8.358632821415636],[77.16694343807632,8.342746849029602],[77.18061379255921,8.323517887197083],[77.17332354631198,8.319761679313059],[77.16929397973021,8.332945251753365],[77.1397933327492,8.329867880370195],[77.11920833380901,8.321056229082103],[77.12277645379567,8.309012495044664],[77.10175666217312,8.306470505617565],[77.09607082229468,8.293168044026586],[77.14941356989159,8.25558509222842],[77.18590515884021,8.218489902944642],[77.2238146944474,8.196316998992186],[77.23999092636478,8.17679601989833],[77.2982276093913,8.147366373282601],[77.31579675461522,8.121837131265641],[77.3342133237658,8.125936337190616],[77.44472542557594,8.094640301434838],[77.55093297391942,8.077961803409192],[77.56433086039351,8.092336645937532],[77.5587640050694,8.119289893766199],[77.58861959887707,8.142107005100682]]]}},{"type":"Feature","properties":{"id":"d:613","name":"Karur","district":"Karur","state":"Tamil Nadu","dtcode":"613"},"geometry":{"type":"Polygon","coordinates":[[[78.1649043280188,11.01318750140476],[78.10174183643808,11.075499316071577],[78.05476635026997,11.073963065399246],[78.02747660991677,11.090566613050116],[77.99649547556713,11.0968031839335],[77.95192550435503,11.066743715310395],[77.93312714132728,11.07015572088502],[77.91975704872809,11.046892038734041],[77.90727401642083,11.04603901900422],[77.88107727244348,11.024306632857844],[77.85504200782496,11.030918565593298],[77.85164528010638,11.046101743837482],[77.83050905514492,11.047802960377567],[77.82806272343733,11.063221090051949],[77.81783357316108,11.07030227717778],[77.77903439730048,11.062421782240229],[77.78236463172176,11.038967412804498],[77.791906819639,11.033089574082997],[77.78970128134334,11.018786904416636],[77.78129853988868,10.998438159229531],[77.7502066010437,10.976521104366505],[77.75317122833086,10.965605961170475],[77.76999355016017,10.961765887587255],[77.76083691916287,10.901579534832985],[77.77167028258745,10.8934923410671],[77.77493917015964,10.871249185578941],[77.78402088166226,10.873123628582874],[77.78891016831027,10.886084817961004],[77.7964071717016,10.8659491263886],[77.82071943077425,10.857718993401596],[77.83619322505527,10.835350744341952],[77.85641675090824,10.849347972595352],[77.86686139264812,10.84410061034449],[77.87342818607118,10.833912109875389],[77.87143594195992,10.795394481939981],[77.8813755463555,10.78884473966],[77.8898382943728,10.793595509419756],[77.89292397772935,10.781521651383375],[77.89202766029841,10.773805491561824],[77.87112136542216,10.77173059887495],[77.83589892618839,10.78678900613247],[77.82784587731427,10.797546039392945],[77.79854586096711,10.805752876823862],[77.79363530939969,10.790296562005503],[77.77778002756698,10.789631637176964],[77.77109040839345,10.767154300146169],[77.79701551710023,10.75243080032096],[77.81280366783173,10.758446779815692],[77.82703621856216,10.749828499572624],[77.82462002892562,10.715075741019852],[77.80816566781648,10.693998423145667],[77.80803178829643,10.680771872779273],[77.81770285481251,10.67941342384983],[77.81295683418094,10.64823550341834],[77.82544832502491,10.636485099648299],[77.87230104293474,10.631246493288678],[77.87641786916825,10.645431569410544],[77.89591259272956,10.645512649877942],[77.90921619562465,10.657047753811817],[77.91397259628934,10.648241711594306],[77.97778293937823,10.639829990404662],[77.96985004017336,10.672496376597032],[78.00554605056367,10.675464449413534],[78.01516764955203,10.719636379297384],[78.00871255444804,10.722115544648334],[78.01059216958556,10.731102742603147],[77.99866400956132,10.729879419884831],[77.99817062156961,10.742773848649776],[77.9313063119419,10.736621197646338],[77.93921114687898,10.768407684051986],[77.98327856009696,10.75946442619131],[77.99492754708709,10.761738656079789],[77.99852564026148,10.774475583862808],[78.02463424423809,10.77157529178397],[78.02780811610438,10.781457777309448],[78.03411949603432,10.774548255962667],[78.05569357783155,10.773939620627825],[78.05692138258546,10.763570238935417],[78.06994774202768,10.77571927684736],[78.09806026641762,10.766931656785884],[78.09641642400783,10.788868545145984],[78.1050650307625,10.805034074014493],[78.14912701276624,10.80386864784458],[78.1523061469635,10.826442893635681],[78.17441533541253,10.835133242405789],[78.17708854293332,10.82272465758362],[78.18663760655573,10.83303389861052],[78.18081941069998,10.821191679908845],[78.18605904120712,10.819323885429652],[78.16988855132102,10.798984900388827],[78.16824902531619,10.775886272822175],[78.15163727397933,10.740510236214428],[78.15466644611801,10.720050970383074],[78.14507043474221,10.67670594186745],[78.14553537308886,10.649588371619036],[78.16306525564669,10.648850333818304],[78.16539210243829,10.613740416176515],[78.13616661841195,10.596777163275803],[78.13271241019325,10.575088418406544],[78.13916779814804,10.562630184019957],[78.16096429382647,10.562493376920349],[78.1700410241708,10.554202003960864],[78.18093299009124,10.559796752416021],[78.20001736772235,10.54668869782366],[78.23074488341275,10.550025750209368],[78.24310839756643,10.55432507697831],[78.26260872032688,10.578860226575298],[78.25579195360801,10.601409668643583],[78.28345229662666,10.745871792289773],[78.29234657644184,10.73527433158534],[78.29253017142466,10.701801309387406],[78.31636596676555,10.701653588389682],[78.32050085901776,10.709085877005858],[78.34187865443381,10.705247110978146],[78.34499384475248,10.721507164575867],[78.37782205995504,10.725970968106267],[78.37432546472967,10.718476175627188],[78.38439507241482,10.716690746585847],[78.39924918455831,10.696294523670591],[78.40383662828772,10.676531285228132],[78.42229511821932,10.6711321896853],[78.43818897640529,10.689952496228612],[78.47081281499922,10.690112238575551],[78.47061561862468,10.703650711435353],[78.51349929035172,10.694891506391974],[78.52031271443943,10.710606720911114],[78.56538874258364,10.73445542339591],[78.56224142940873,10.764547435930814],[78.57170245543837,10.775018500944677],[78.54495638537654,10.79609937007387],[78.5546400669342,10.813414747842476],[78.57647377891654,10.808053870566836],[78.58781440840563,10.828573400400723],[78.57293093842031,10.83572997236276],[78.57791966138375,10.852701180431842],[78.55816659671979,10.863789850404808],[78.5506081476647,10.877552216157328],[78.50462508159491,10.88551934091016],[78.49055254686776,10.895125500071686],[78.48452597779867,10.885666622228905],[78.47124502592344,10.886280988593283],[78.47598478799242,10.906430979923963],[78.4893713772535,10.906457145342106],[78.46381342527468,10.914133106145378],[78.4688357892472,10.921259575377302],[78.40117606455453,10.961316276646432],[78.25033150732256,10.968809960902682],[78.20150950174862,10.959978539697898],[78.17084179678812,10.995025007812982],[78.1649043280188,11.01318750140476]]]}},{"type":"Feature","properties":{"id":"d:623","name":"Madurai","district":"Madurai","state":"Tamil Nadu","dtcode":"623"},"geometry":{"type":"Polygon","coordinates":[[[78.37867310768556,10.31008401837149],[78.36325858784026,10.293705853413902],[78.3293791793636,10.298430375414924],[78.33871389507776,10.298300692586382],[78.3398929132269,10.288749134255664],[78.32551564929409,10.283313301616317],[78.33197425142097,10.25493032291878],[78.32158404399406,10.243435412222132],[78.32868814673803,10.228351822027848],[78.32019331000045,10.214097214599052],[78.30902954621438,10.214744532894233],[78.31346791362407,10.208838638653738],[78.29142346406262,10.203946466644526],[78.26894516055827,10.182358399075328],[78.27221824685614,10.171940048032027],[78.2596697480259,10.161447983226903],[78.25981792692865,10.154179751425396],[78.26968403296429,10.151321209246401],[78.26186076056345,10.159043913753754],[78.28136840818674,10.166902639855726],[78.28425776114469,10.148581982216369],[78.28083280566489,10.129581252610317],[78.27049923522,10.129442258946858],[78.27339213831993,10.114823973423881],[78.26128440237545,10.10242899875879],[78.26037913862262,10.085924573211445],[78.2028575693595,10.06691275705668],[78.20398241640207,10.079348492567746],[78.17015980211261,10.092454502611904],[78.17469038338284,10.098321552064432],[78.15630222974136,10.10726041776653],[78.16538676734383,10.123858985865473],[78.16122413242073,10.154544502235138],[78.14612282008072,10.179385565900855],[78.13062680058125,10.1875046447864],[78.10364470716172,10.192331214246726],[78.09153533718175,10.181996090263958],[78.07075412821722,10.18810448873155],[78.02003180044007,10.184524243414163],[78.01374257027014,10.163361581429541],[77.99714394960782,10.160741308221862],[77.98407327357765,10.136606150363173],[77.97270685255845,10.131162274431166],[77.96221048043465,10.13730834666374],[77.93355489031947,10.11361749813277],[77.93129320282698,10.090305535930861],[77.94670280978596,10.090610377096592],[77.94647334233316,10.083626212159023],[77.9254149294416,10.091008172189289],[77.9195547831604,10.071917806145203],[77.89101278141965,10.078117163756003],[77.87484250443428,10.06159463614609],[77.86063757689884,10.075132965569198],[77.80555903803463,10.067602440636493],[77.78054947070586,10.05093752473954],[77.76355267808204,10.055913465267373],[77.71723113310146,10.018052249394984],[77.71255372040137,10.025860401255613],[77.69792099805969,10.017310757644523],[77.69236636072173,9.969112091413509],[77.6731950944431,9.961805253883442],[77.67904605006063,9.932845806934541],[77.6674217766223,9.913268599377389],[77.65411814587941,9.918563326656729],[77.64484790404983,9.888262400771447],[77.61847588079422,9.85842195866988],[77.6173417972739,9.838947239209258],[77.62564241555212,9.835046246691952],[77.61206588560906,9.799147653140059],[77.56631236514552,9.747779422755487],[77.5353459065727,9.67504432163567],[77.50363189157997,9.65019747861595],[77.50627398864584,9.638476430062354],[77.47014017531869,9.590391625059661],[77.46414776917986,9.578964844171415],[77.47542107712492,9.56308106490026],[77.49829797659555,9.57541109443582],[77.49984453505331,9.596301009237532],[77.5373411699216,9.659774193792094],[77.54744170121211,9.658610552210229],[77.54330408886122,9.645187713096211],[77.55189163892264,9.644367137575644],[77.57611874129961,9.668914455172452],[77.58596892290021,9.666850053089828],[77.60553423158495,9.695119671702585],[77.62876204714155,9.704668371870318],[77.64400331790117,9.706449371955207],[77.6566455756942,9.679777083345588],[77.67772695760922,9.682763148278914],[77.68122060276724,9.676673323010233],[77.69369879944333,9.697407483622177],[77.70774900834071,9.690953791309433],[77.71006231572443,9.705387642779922],[77.72579222687943,9.692748679696718],[77.76000144642278,9.682737094567704],[77.77632575573331,9.640434096432035],[77.79096765526396,9.63910920912432],[77.79471887975328,9.648739189897013],[77.84185338299802,9.635344363779895],[77.84893570698624,9.650367255890991],[77.89141271138413,9.642344732760694],[77.90068706120954,9.626467983191178],[77.9344274446162,9.649126576557647],[77.96229377492271,9.646182892602686],[77.96398537985783,9.633167598382448],[77.97527287759112,9.629602497419098],[77.99633595543393,9.640106771201737],[78.00069429642653,9.650349768768313],[78.01457023215885,9.639460168411311],[78.04055338820265,9.678503777101],[78.06149470030701,9.670611263600422],[78.05927333639099,9.661759353921278],[78.07814372184667,9.66085431094679],[78.08783550890308,9.683409118860002],[78.07629257072719,9.696797394886005],[78.0799403829576,9.70828950713313],[78.0680177197246,9.72339081573696],[78.07131456376678,9.735615139737728],[78.06141582642844,9.74153970631968],[78.06710968556742,9.752946408751821],[78.10105470160255,9.75513080398001],[78.10430273568376,9.768227280664806],[78.087981722292,9.778934790293578],[78.10453815537363,9.786431729196165],[78.13701032510994,9.761741373576902],[78.14553777877718,9.789221961425868],[78.14088041108437,9.809176011439119],[78.17227329183778,9.796950197992304],[78.15993847975577,9.774569831012773],[78.17587076427628,9.772204021431179],[78.19344544042744,9.806625698850088],[78.16906844067059,9.830927235717855],[78.15173364793797,9.82770546842564],[78.14231619738614,9.812263579039042],[78.1278358176385,9.814135138342362],[78.1323800200634,9.833216634578195],[78.12500888232144,9.854644053366108],[78.15084154001246,9.852220616260482],[78.15128496460638,9.874715003904349],[78.18102514286633,9.867786595688957],[78.20873426889646,9.87547108473134],[78.22516001237562,9.860992077206745],[78.24867725074374,9.860184692439374],[78.23921807973517,9.845306078062402],[78.25843774634299,9.834163444143963],[78.26699027468473,9.856217889415591],[78.25027188164557,9.873665574400082],[78.2873352851035,9.870183803208738],[78.29453582738309,9.861429430115784],[78.30960999083858,9.865252881959787],[78.31711043298083,9.926209836567052],[78.34530903394128,9.939979306430997],[78.37034621907517,9.934642382136662],[78.37203230386287,9.962344480172396],[78.38889481811461,9.952227597389406],[78.45655684069777,9.968502561425236],[78.44767280976164,9.986234021402025],[78.45648003743594,9.992149600984675],[78.45609533391547,10.018058885804166],[78.4444849412449,10.024408000595413],[78.44348795321338,10.034344307767583],[78.43071303940566,10.0360325981331],[78.42773234125806,10.0530030928537],[78.43739901321578,10.061097882185717],[78.45289335825552,10.058925134407197],[78.45418665558354,10.070162883715058],[78.46186843344569,10.071607685572278],[78.45636444042853,10.099184036141457],[78.47356898642808,10.121908853256151],[78.45157415710796,10.118966818130062],[78.43267563282433,10.135099335585263],[78.42588517326855,10.12202700467191],[78.42533910357703,10.133319383750448],[78.40169288240548,10.138569878837469],[78.41303254890059,10.160656160711522],[78.39462244043355,10.174056069129787],[78.41253545086674,10.213089388819172],[78.39241133887133,10.241632880420322],[78.41060428860156,10.257107493042458],[78.42508186021564,10.258570606161783],[78.42422078818488,10.270681074252485],[78.40622869726057,10.275668926219002],[78.3867022137624,10.270340105061907],[78.38129805860761,10.293855530075477],[78.38574390718696,10.28930341602458],[78.39063742220502,10.302236396755985],[78.37867310768556,10.31008401837149]]]}},{"type":"Feature","properties":{"id":"d:611","name":"The Nilgiris","district":"The Nilgiris","state":"Tamil Nadu","dtcode":"611"},"geometry":{"type":"MultiPolygon","coordinates":[[[[76.84693266057326,11.594471499896022],[76.82283915025546,11.608075750794079],[76.75691864300462,11.618436934589049],[76.61398488372656,11.607553277732277],[76.59228826543638,11.618656614405285],[76.57674634472086,11.614495550340196],[76.55995453057689,11.622469488138842],[76.55055826140119,11.674193534084099],[76.51111127265995,11.704978423221245],[76.48167711268805,11.692517913363655],[76.45821172058659,11.664329351404467],[76.43136224994402,11.666363369890986],[76.44405702414687,11.647194178096825],[76.43248048089453,11.631290311873055],[76.38809582044746,11.62966743342703],[76.37798143533867,11.601909715581135],[76.35457774581911,11.58931103278259],[76.34039817323257,11.587198488871973],[76.3358765059449,11.595736198049858],[76.30238378626541,11.571225579433365],[76.29594165205432,11.590415968780636],[76.28609418426423,11.590195917368836],[76.27890633428126,11.600942130350084],[76.23298312565383,11.569245828226117],[76.25150541663184,11.537776620850563],[76.25049256704733,11.527569753707914],[76.23848168566013,11.526266906203691],[76.25228649458488,11.50000033894433],[76.2475733981068,11.468540697273246],[76.26460159044302,11.48089245312514],[76.27562464212298,11.476873837668997],[76.28443504444347,11.482920296402867],[76.29351889393644,11.465683524585833],[76.30515322221778,11.467788644373234],[76.32547051601676,11.453328887562922],[76.3422259600698,11.467592623756625],[76.39767727642071,11.43502298161622],[76.41870494806489,11.441783227094355],[76.41507825792176,11.422627320091362],[76.46208230602431,11.387469769859948],[76.51775232711259,11.371563303994021],[76.50818455427778,11.354123438217485],[76.54785726359876,11.358885576414837],[76.54996694356876,11.330993416425027],[76.5372989589243,11.31404371030239],[76.54575558761792,11.300310349189104],[76.52626077063181,11.288262991628258],[76.52217783424071,11.271338082080826],[76.45308789729262,11.239367346241407],[76.44896115994656,11.205468559559751],[76.4386227520739,11.198961219900044],[76.45190463999364,11.19922199102163],[76.45844286609234,11.187681469409384],[76.47347053364703,11.194931179797809],[76.47236639456838,11.208750706231044],[76.51048204412595,11.211637589326465],[76.53385100208166,11.196753564101767],[76.600900823697,11.206594471904147],[76.62972263986894,11.19417374961262],[76.6782356321717,11.2211159195639],[76.68422182825698,11.233739940754516],[76.7070992200044,11.238382298198516],[76.69988172112548,11.251972337026114],[76.7056555393079,11.263341742240732],[76.73711747355716,11.244632902639493],[76.74303210535531,11.253182381299206],[76.75491843083681,11.248659932915697],[76.75186303507836,11.254700120357796],[76.76765270396271,11.264099560927482],[76.76914131569477,11.289557732026072],[76.79031019621341,11.279118851165803],[76.80697031464176,11.299156891766115],[76.81780823072819,11.289933797758632],[76.84273064260977,11.287420570433193],[76.85442673455849,11.296064304880828],[76.8539998686102,11.305769046254625],[76.85995340195174,11.303595570957846],[76.85456659775664,11.318113645964958],[76.86034622534399,11.324577948811879],[76.85107098259321,11.327212367863362],[76.84983257861727,11.342625942151763],[76.86832352108684,11.344580022221772],[76.86246962438504,11.351278613836744],[76.87673361435378,11.358375798625657],[76.88422264968855,11.351690525706488],[76.88981191528407,11.365495015417602],[76.90236792492837,11.362976701749817],[76.90634732778805,11.350428544730336],[76.95011795021253,11.3658016782889],[76.92842868193802,11.368698910306158],[76.93341172665055,11.37643448813376],[76.95555349699494,11.37945337860686],[76.98099794683759,11.401296506289778],[76.97605084461792,11.413914258743679],[76.98291750825923,11.44036380558833],[77.01012652510269,11.43843250372234],[77.01221481888072,11.452007256237657],[76.99261426838908,11.480398238929126],[76.97182295607253,11.467654194180264],[76.93526636323331,11.482163600185325],[76.93376308740258,11.506712277387876],[76.94508172972677,11.519289537319482],[76.93796988889494,11.527074540567382],[76.92639628133692,11.5250832083836],[76.9273555311434,11.533291514320378],[76.91436458508629,11.524180746394975],[76.86627550327455,11.519585169947655],[76.86310672216094,11.544101979619164],[76.83040114585933,11.571928149111917],[76.8422448381957,11.585422492938006],[76.84671506615356,11.582060056994925],[76.84693266057326,11.594471499896022]]],[[[77.00052822571786,11.517112887611416],[76.99973431802594,11.515877880392157],[76.99986633084684,11.515559378943134],[77.00121579893127,11.5135759612754],[77.00193366513267,11.51363159940894],[77.00399892431021,11.51348840742143],[77.00399822362431,11.514357837654327],[77.00427339376552,11.515391223644459],[77.00457492137545,11.517019851917745],[77.00052822571786,11.517112887611416]]],[[[76.95216566798752,11.548333963242555],[76.95364128918223,11.547031837011714],[76.9551131805719,11.54878524158698],[76.95471047840644,11.551488366422214],[76.95476125477958,11.552894033420428],[76.95472998442452,11.552916187690153],[76.9537209095608,11.553631088804547],[76.95313434740956,11.554331861432315],[76.95286851166246,11.554508248845512],[76.95162638237301,11.555159417248596],[76.95120920295845,11.554956095386016],[76.95089293309634,11.55485677417044],[76.94970098908857,11.554459245165429],[76.94907276576936,11.553424278821668],[76.94894421505555,11.55271923624138],[76.9488203212082,11.552018622403633],[76.94873656588439,11.55164953483803],[76.94872391041865,11.551593760777402],[76.95026390129338,11.550838492071222],[76.95140519199722,11.550286769398829],[76.95216566798752,11.548333963242555]]]]}},{"type":"Feature","properties":{"id":"d:609","name":"Namakkal","district":"Namakkal","state":"Tamil Nadu","dtcode":"609"},"geometry":{"type":"Polygon","coordinates":[[[78.48622032978193,11.407419937784551],[78.48991096739691,11.413968299818288],[78.48388621292469,11.414169328263762],[78.42702314559574,11.384942781583748],[78.44487550717088,11.40312397264348],[78.44855176814804,11.43094911718839],[78.45799718325465,11.438816344027217],[78.44540132434435,11.439660036656317],[78.43769918257304,11.464784442299509],[78.4259139507987,11.47090667568797],[78.4360305233052,11.485862028582293],[78.43292052614719,11.495390952717331],[78.45773460390046,11.502373288385323],[78.46181148474825,11.494909823146667],[78.47340528463722,11.520046881083504],[78.47024563939009,11.529277878813248],[78.46162861201094,11.529235165844067],[78.46653545712948,11.537528140145128],[78.45432583965537,11.542345328822414],[78.46063376466469,11.561346113989945],[78.44881250775249,11.565480432174834],[78.45162121086256,11.597061527915335],[78.43905039428743,11.598112938794014],[78.38585467934298,11.586474838197967],[78.38287016784696,11.575197268060567],[78.37449436057948,11.588535920577153],[78.34521940004223,11.541606190382275],[78.32848161596935,11.531284220956527],[78.3100669692135,11.541188282028177],[78.32324942980097,11.542606035798052],[78.3294849371237,11.558490813236334],[78.30726928573706,11.564610649868161],[78.31926276496056,11.57849013527721],[78.3032468787281,11.588760360110593],[78.27192957683282,11.578674912680423],[78.26432909201232,11.566996558904622],[78.2771009299885,11.565803644331181],[78.26622528016858,11.55984208524046],[78.24360432599373,11.552708462739067],[78.2073626402723,11.56450403005902],[78.20146929674975,11.553087747683344],[78.16681442658722,11.548714067344171],[78.16058852944143,11.538811233024294],[78.13874747103672,11.544028698004574],[78.11916596303244,11.539101694416612],[78.11013475840838,11.555902300018744],[78.09034280477744,11.545417987804983],[78.08312640274153,11.55405479175561],[78.07889656305537,11.523972817971645],[78.07087925365482,11.527967003061484],[78.05874991322774,11.515665105429896],[78.05509063310443,11.522213726280889],[78.05400222622134,11.51339469098392],[78.04365733610555,11.515082263382817],[78.03466023781787,11.528626095818122],[77.97773753582884,11.530621793253246],[77.97194261442374,11.46824692327099],[77.94854097036811,11.473989229176263],[77.94114161833973,11.459797653600182],[77.92326129041317,11.46096686661146],[77.92413055058773,11.451510697974166],[77.91570003322448,11.458680696029797],[77.91093982460133,11.422226457588106],[77.88014563056065,11.42347989341751],[77.87667284158861,11.413580803283065],[77.86458120794559,11.423678257715896],[77.85248154066898,11.41510715328348],[77.84989520203278,11.434638336689797],[77.8200181887955,11.446132711016624],[77.83445020055328,11.457033441860808],[77.83119460894555,11.468947928862251],[77.8082178024423,11.468775717135404],[77.81582052406783,11.467398964191439],[77.81432897304819,11.457553815304244],[77.80578246791042,11.459065915757764],[77.80434642289384,11.448574350234715],[77.79586515790356,11.44728828695537],[77.7842939209996,11.450810283045204],[77.79145583841692,11.465588904821544],[77.77273894360226,11.48280860039586],[77.76551401655426,11.477711637211414],[77.76103896733827,11.450986956314049],[77.74208207142577,11.445787108911004],[77.71937972719125,11.45331622790376],[77.70867896139085,11.449169762415975],[77.71195019805752,11.463805008857635],[77.69658993106553,11.464428057935917],[77.68305507756176,11.423076173948303],[77.71749229311749,11.378273700201003],[77.75082368525338,11.354152454013034],[77.75755675414058,11.334307465116227],[77.8076971505817,11.267597681181037],[77.84084790768367,11.260602428932097],[77.86476622226655,11.242447248399623],[77.87082530316239,11.214752341265593],[77.86145514531702,11.185691544632778],[77.88434055991823,11.155931184017579],[77.88197857282928,11.122468076275142],[77.89311749909606,11.077970739306512],[77.94744059433216,11.065564930142914],[77.99513161108196,11.096876030961475],[78.02747660991677,11.090566613050116],[78.05476635026997,11.073963065399246],[78.10174183643808,11.075499316071577],[78.1701725824442,11.012725852362205],[78.19477622355394,11.022051628893744],[78.19704589437437,11.04405566843442],[78.16331338290455,11.04909207340991],[78.18326330168496,11.0695659685728],[78.19577818555724,11.064614017115886],[78.2017755737526,11.075479282072845],[78.22892001160862,11.054574830125096],[78.23668968872299,11.066605090853113],[78.22989427495841,11.094849694161896],[78.24996729167884,11.091631697579363],[78.26551129468916,11.0703005924407],[78.27791432303725,11.07941791605165],[78.29088439134881,11.077180083897796],[78.32387455033921,11.05792302696925],[78.32840934470813,11.033125808017477],[78.34463094693729,11.026239365137743],[78.35012374425105,11.04829429468625],[78.3600993118007,11.046645290902681],[78.36335159221825,11.065083624056083],[78.33809300111294,11.083518986180662],[78.33820119330741,11.094864733872186],[78.32397653068355,11.097239989913607],[78.3434436463212,11.112155315873549],[78.34605310489788,11.137974963602103],[78.3806033222281,11.137439426396007],[78.37687666217026,11.17623635008927],[78.3874074963633,11.177166925780089],[78.381180797022,11.187002121632064],[78.4106681480385,11.197489027668393],[78.4219233621171,11.211667584404484],[78.43813286044612,11.268528868170764],[78.46543596234086,11.313339754177534],[78.45577037644632,11.332186892567762],[78.44726006712625,11.332098468829939],[78.4468506752069,11.344800205188083],[78.45959778256329,11.342618428303343],[78.45470291288576,11.34929140706851],[78.46175369522771,11.370281166667995],[78.48622032978193,11.407419937784551]]]}},{"type":"Feature","properties":{"id":"d:615","name":"Perambalur","district":"Perambalur","state":"Tamil Nadu","dtcode":"615"},"geometry":{"type":"Polygon","coordinates":[[[78.87763396444285,11.507522975758599],[78.85673330020681,11.523477857272693],[78.84304725574916,11.523019816084073],[78.8338557099317,11.506628564615944],[78.81026589757012,11.507920977006862],[78.80973629040447,11.481939630906536],[78.79843523799188,11.481882371092537],[78.78951718695762,11.453769123577366],[78.81933733773576,11.439556744362541],[78.82278564941295,11.427077404816657],[78.8014274103206,11.40221161068714],[78.79883952837874,11.384234321427902],[78.78918165811416,11.386500535615555],[78.7413485476494,11.449647511581958],[78.70319412860079,11.45698637837142],[78.68835223174855,11.435496454382402],[78.65133333082981,11.422419984289284],[78.66318572963792,11.373786845608642],[78.69007300587927,11.380174258197586],[78.67209846444231,11.359976734153722],[78.6596476663824,11.357948614108212],[78.65523074086022,11.344650715847681],[78.63424715763188,11.333943370415478],[78.66119786391539,11.331437782600876],[78.66585441234464,11.317266598188635],[78.67843762656905,11.327462369286058],[78.73312928529485,11.323362531171366],[78.73887119082681,11.29406539657652],[78.75121104605084,11.284792986433134],[78.72869694019084,11.272467024200619],[78.7260737993741,11.260995677221567],[78.71007075725358,11.248954050359375],[78.7134429995925,11.240012238584866],[78.70271649795751,11.228746160708521],[78.71260667435118,11.21273768409324],[78.69881140643308,11.191134566635228],[78.67590768416639,11.19531092914168],[78.65120202318641,11.168264636563134],[78.67581565895206,11.161558606060847],[78.7010350915958,11.068573008047494],[78.71173077742328,11.055597320255387],[78.71765213939955,11.055627349047185],[78.72023390201771,11.07397874533541],[78.74274982606782,11.075476587951737],[78.73528722635523,11.105552252835157],[78.75967154289005,11.12155349558649],[78.77676990442976,11.112817882601624],[78.8109367064237,11.111738547858913],[78.80725153505723,11.078934382078959],[78.84003243419716,11.076436544229828],[78.84746276822136,11.090188036027126],[78.87248751438352,11.084236745207097],[78.87320563121492,11.096721640691758],[78.88646424827722,11.10173919938217],[78.92641720861064,11.089427423983684],[78.97395517309727,11.094280485384463],[78.98416369625795,11.088816784425134],[78.98473687171487,11.078854016925636],[78.99833222495639,11.076213809116124],[79.0064474210785,11.058854294211763],[79.02441439241251,11.067666671818419],[79.03227987305532,11.083883366400302],[79.0543564328966,11.084974792354588],[79.06940781777142,11.108894776583899],[79.06539904359525,11.126866332679322],[79.05506766324301,11.129869795347949],[79.05609931007488,11.140533242986722],[79.05952026356007,11.152273058422628],[79.07075304670602,11.154458797109926],[79.06936571912395,11.177113823580044],[79.07841103358619,11.180758836617784],[79.0757702579421,11.189265151338322],[79.0672344445528,11.18885684802993],[79.0659261076303,11.204360849176362],[79.09344709320227,11.199849992134496],[79.09891000985473,11.230664818164097],[79.11116731259908,11.230602594803205],[79.10944463942988,11.244384506641376],[79.12217399607624,11.248729128599315],[79.12196552943816,11.264109683746625],[79.1089782071849,11.270229258277618],[79.11102378786784,11.288956458368148],[79.1301026318768,11.297577153073796],[79.13926667128023,11.29001027762596],[79.14270170855244,11.299113868424936],[79.14091135541143,11.30930684069046],[79.12496382378554,11.31075784988973],[79.13004747711497,11.33097209740087],[79.15746144728544,11.338420259398948],[79.15075266525025,11.363426181728196],[79.16814751395285,11.378420763311842],[79.10910509421879,11.40101541259571],[79.08313819857995,11.39679492480683],[79.05300019241324,11.402831780118285],[79.03244173958805,11.393568327823896],[78.99698965144178,11.407552042562912],[78.96073997340926,11.406103990425809],[78.87763396444285,11.507522975758599]]]}},{"type":"Feature","properties":{"id":"d:626","name":"Ramanathapuram","district":"Ramanathapuram","state":"Tamil Nadu","dtcode":"626"},"geometry":{"type":"MultiPolygon","coordinates":[[[[79.10665563996729,9.850816842625502],[79.09010748935256,9.857376141384425],[79.06947259618488,9.849990763213608],[79.04515111231261,9.859207270220349],[79.03112773429609,9.893207045334423],[79.00604974768198,9.914255260283745],[78.99106264804551,9.944009919383113],[78.96394130228222,9.942851335076568],[78.96293808623082,9.923865176566224],[78.94395604557519,9.916848689306475],[78.93554219285876,9.933969504436112],[78.92969115459623,9.925955398862998],[78.91599019900316,9.927114324401508],[78.8932060505856,9.911519850342051],[78.90158962917863,9.89440460688055],[78.89207455511162,9.879012391157142],[78.876848034689,9.886240852278748],[78.87243986055432,9.876580299207282],[78.88034025511895,9.873185483745925],[78.8687710771536,9.853371466314055],[78.8661420442869,9.831261182331287],[78.87402777744778,9.824724767175834],[78.8641830477226,9.813056669413974],[78.87208678581673,9.802930900825126],[78.86647689130903,9.789323646667347],[78.88748718594236,9.786358572693363],[78.8949698872561,9.76403110025564],[78.88225599690396,9.744565926339542],[78.8553128750964,9.765255259290859],[78.85112721096264,9.74704167642585],[78.82308301602649,9.74976379588728],[78.81663606325222,9.743890273569653],[78.82633982844467,9.731794959587202],[78.81532609498915,9.731553322849138],[78.80538055632283,9.759506332106533],[78.82165395990286,9.760861298368049],[78.82643753999476,9.769446835818169],[78.82037984969097,9.774784556105356],[78.83122546613602,9.780839457678892],[78.8282975592827,9.792945160561937],[78.81455907117875,9.779810339165383],[78.79602004368866,9.794891281279366],[78.80014743860153,9.783875669146969],[78.78972048379126,9.781698495940162],[78.78037059643029,9.760444500668862],[78.7821828657693,9.795402810923738],[78.77418245727253,9.78678861212884],[78.73736693313748,9.780505918832493],[78.74431489700694,9.760292155203881],[78.73348192794279,9.758360685840048],[78.73279003293455,9.74902796982888],[78.74285011668107,9.743478113402121],[78.74492076664862,9.707624484384128],[78.7551639225585,9.717146908114433],[78.77806001543347,9.71955067040301],[78.79429890843521,9.705577510654388],[78.79525239465083,9.666162519609315],[78.78546557841375,9.652652256910743],[78.79479975783367,9.637402042991143],[78.787780648292,9.634068543424258],[78.80269829917387,9.62109810675924],[78.80753034068042,9.626198518314505],[78.82664605873514,9.617942986041076],[78.82127411896306,9.599746445804051],[78.78222063274048,9.595885594587283],[78.77386018127443,9.588315525599707],[78.75382607418226,9.593321981568414],[78.74673896486854,9.58529576987528],[78.70100114785447,9.593544296582024],[78.68443668742748,9.605585607214959],[78.67894624729301,9.593850772899515],[78.69378317915668,9.57676496721288],[78.65422812129016,9.543199179610664],[78.661805844598,9.536119284598197],[78.65557472644377,9.520053283910343],[78.61682896890156,9.536174269860068],[78.61683248939914,9.558085923602343],[78.59757139428704,9.560905379207771],[78.58712638064468,9.572341377756779],[78.57578926356834,9.576064691613153],[78.57137290218816,9.566724269909122],[78.52010266856304,9.578889934653178],[78.49425502427815,9.599780159570715],[78.50299082420923,9.61092963793825],[78.47711815465716,9.613198004948408],[78.46117586470098,9.636447020827971],[78.4548849448,9.61606480959215],[78.42946126221008,9.608827085003231],[78.41183120492167,9.587857663182954],[78.39778429194304,9.595191036983813],[78.39387119463281,9.581358011574588],[78.36843334022095,9.570481128140779],[78.37528358804877,9.5660059116641],[78.37237851457336,9.543176421265555],[78.38737105979706,9.536097202609543],[78.38226140203682,9.515948649429893],[78.37486152359567,9.507427132575186],[78.34732443302728,9.511398959442563],[78.32700910114889,9.487514016794181],[78.33007132140852,9.47283137709816],[78.34685055374864,9.471301016059092],[78.35190564244864,9.460980754565853],[78.33935617433623,9.468456645601849],[78.33037796043244,9.462818114422065],[78.31103491291532,9.46794108756101],[78.30869622093832,9.460481467352336],[78.29938469074165,9.461464861362128],[78.3011786892461,9.44216192082472],[78.21862126255908,9.4474012936147],[78.21504389621325,9.433455834922075],[78.22252274375441,9.410122763693543],[78.24319451006954,9.40667669569556],[78.24303629159517,9.381062529062005],[78.25523321138276,9.373641682029351],[78.26319928087949,9.386627898171426],[78.29147634698508,9.391016950066401],[78.29504771527976,9.381678086923829],[78.30418781907247,9.384257051767449],[78.30815020604402,9.374818744351975],[78.30115553157638,9.367150029213935],[78.30825248013744,9.365022349876066],[78.31048254244034,9.345154370919431],[78.295376203128,9.342619311709617],[78.29781998092525,9.325974588652914],[78.30480234308358,9.323507879585213],[78.31140400730936,9.33502812630031],[78.32435808560886,9.332394898047138],[78.33310293157489,9.354064050404036],[78.35609362603243,9.357891131213602],[78.36487963909295,9.339465248352672],[78.35333038216736,9.30863767184682],[78.34613036270726,9.309405486389588],[78.34676413941155,9.297873238583705],[78.32862273860555,9.275285316011495],[78.28097379535042,9.284194203165018],[78.26935484622675,9.20209872403283],[78.29612056693536,9.20508086539375],[78.27394606557529,9.141485909561807],[78.3563763923277,9.118056856391755],[78.35680092984273,9.098613033013159],[78.36540185042887,9.103147863794257],[78.38488733302084,9.09472233086336],[78.41528685044483,9.114598113394058],[78.46753635193421,9.12798948669044],[78.53685722508058,9.138495394293333],[78.57824975901299,9.130999665606979],[78.6053917390784,9.148014449389146],[78.65764819891797,9.158123156987127],[78.64230838476834,9.169755807203087],[78.64933792734371,9.187621608300875],[78.67886611038313,9.196014169606643],[78.71725519902832,9.189542662894931],[78.71653429023301,9.200031006404245],[78.73260279528327,9.211889351241084],[78.86109901007968,9.255401916404663],[78.89569633506342,9.251537234298823],[78.92652291876001,9.267714594963975],[78.97935339038804,9.274869744005082],[79.08920077392222,9.261531773092765],[79.18865611207643,9.282482796886613],[79.20919806015495,9.28240316589798],[79.20502728290207,9.273479531177808],[79.21846939882747,9.270755078403527],[79.21990843433565,9.25730532013255],[79.2573618970697,9.259179370285107],[79.3108661931957,9.241477450713068],[79.418188175311,9.176027361342618],[79.4354962907746,9.157793143974173],[79.41643758429936,9.187098899835929],[79.32400378203641,9.263577299270189],[79.31471715044447,9.281188349797173],[79.33504634063277,9.309328748803505],[79.32934201162914,9.320096212899667],[79.30991538934953,9.327646842672413],[79.28150974019081,9.31274858493606],[79.26592844631641,9.292744173886438],[79.22111428067073,9.291337678138037],[79.21118673705618,9.283265804869696],[79.07111927008445,9.295035562033762],[78.9804693387194,9.361242278140057],[78.93168520881278,9.414207741376972],[78.90300675837027,9.46248689593315],[78.89838645067452,9.49011748860826],[78.9152263516356,9.49903115316786],[78.92013850310255,9.559225252583234],[78.93364027255272,9.606175052942804],[78.95981482993916,9.630934333693112],[78.98036288925655,9.689557172889481],[79.00323293727652,9.725325528869712],[79.00474829095627,9.71870341194322],[79.01500071208993,9.731491394309506],[79.01315044131944,9.74484009306819],[79.01591177985784,9.732318978935469],[79.02987391612817,9.761463311222046],[79.03231386620398,9.755302464306776],[79.05906925718514,9.772957778962384],[79.07696142939871,9.799709595004247],[79.07582440659078,9.812208844286081],[79.0784791016302,9.799976559391297],[79.09390347689248,9.829362546429289],[79.08495513466684,9.834650471590093],[79.094245257112,9.830040675429123],[79.09496905488922,9.838223018066957],[79.10481942064446,9.837943714285847],[79.09882023402187,9.84332265237126],[79.10867992339145,9.842256656652982],[79.10665563996729,9.850816842625502]]],[[[78.49274322343535,9.08642473202134],[78.49337104969923,9.086686719056196],[78.49398068957018,9.087287711617563],[78.49466779116806,9.088309225902993],[78.49512737555563,9.088788239346355],[78.4955551047849,9.089357762580256],[78.49566439382237,9.089723919028698],[78.49564636822788,9.090198580569114],[78.49554642256768,9.090659702710216],[78.49521908905456,9.091066654162097],[78.49482352669895,9.09134713770713],[78.49435961243174,9.091546132268888],[78.49378659058674,9.091704609877024],[78.4933727403286,9.091781603140124],[78.49294968323711,9.09186304927274],[78.49251311458544,9.09194006556452],[78.49221295331306,9.092048696428312],[78.49183093036544,9.092288354628357],[78.49183097078961,9.092292905969154],[78.49122621236394,9.092763298391908],[78.49047131131832,9.09330142968073],[78.49011662320648,9.093486937714514],[78.48993924456539,9.093432752897675],[78.48982996361276,9.093283625304098],[78.48968424789052,9.09274117416746],[78.48951575807922,9.092004289998656],[78.48908345462851,9.091394177811107],[78.48857382240152,9.090711670366941],[78.48766385417154,9.08974449556468],[78.4872042643941,9.089143374070165],[78.48722232681949,9.088709409273271],[78.48749963315447,9.088239211108812],[78.48811805675224,9.087741684421673],[78.48873200224833,9.087434099867345],[78.48957785412323,9.087026982846435],[78.49049196628162,9.086692158397124],[78.49125596187119,9.086456840299151],[78.49207460197951,9.086366132211499],[78.49274322343535,9.08642473202134]]],[[[78.53679957479892,9.10186415091158],[78.53765045544277,9.102126084069939],[78.53839828944209,9.102600199620207],[78.53869252093529,9.103082074029055],[78.53908830068318,9.103765339324926],[78.53927423308235,9.104166585775786],[78.5394520096771,9.104566714159427],[78.53957877723504,9.105130444144702],[78.53951788583181,9.105544970042303],[78.53939973132081,9.105843649571877],[78.53913486844918,9.106045398169611],[78.53888124799332,9.106142649943632],[78.53869445321148,9.1061702522988],[78.53857187719262,9.10613172218135],[78.53849099468107,9.105755925813046],[78.5384108793308,9.105268283325882],[78.53835463042094,9.105004508403635],[78.53818916164393,9.10479411543259],[78.53789650759235,9.104611729284148],[78.53722031783022,9.104359093686817],[78.53655086992431,9.104094777911538],[78.5360088327701,9.103769985428674],[78.535482298741,9.10330096990963],[78.53508319881985,9.102767871430972],[78.53502724904901,9.102460799172517],[78.5350734808451,9.10224472965736],[78.53529865165592,9.10206275377831],[78.53564174431406,9.101918688366313],[78.53615234761988,9.101837608194208],[78.53679957479892,9.10186415091158]]],[[[78.58171405261743,9.110973213249727],[78.57095495381571,9.1011315174357],[78.58784696424983,9.106832726810532],[78.58171405261743,9.110973213249727]]],[[[79.48929248097745,9.119036838613974],[79.48985673616362,9.119791676779931],[79.49127641477399,9.121124789924147],[79.49234557615043,9.12192462774738],[79.4928506386476,9.12236750335896],[79.49356951994528,9.122737955211942],[79.49468853961662,9.122841544148752],[79.49575751594008,9.122927096000298],[79.4965854500183,9.123166455879975],[79.4969450078973,9.123595771140733],[79.49698143727703,9.123930319778436],[79.49651322007959,9.124825536295614],[79.49605857373112,9.12529132788142],[79.4955764146805,9.125490431263236],[79.4949168141067,9.125386696749514],[79.494566499892,9.125133585367257],[79.49399317800967,9.124763118262878],[79.49367932012413,9.124586890635152],[79.49337900613811,9.124514686863],[79.49305602226761,9.124478636857923],[79.49210527591363,9.124203116957084],[79.4918778117039,9.124026926304602],[79.49107226543916,9.12291511327869],[79.48972509434694,9.12050590575329],[79.48910165006502,9.119728541202992],[79.48879223973846,9.119371505056689],[79.48879211038103,9.119086714238543],[79.48889671560262,9.11894206231323],[79.48906500329299,9.11894195410389],[79.48929248097745,9.119036838613974]]],[[[79.48888577861406,9.127513301024061],[79.48897229535903,9.127775476130662],[79.48895871912018,9.12800158986533],[79.48886328120608,9.12819144184842],[79.48870859939898,9.128250237910267],[79.48829916436047,9.128227787715819],[79.4876395467187,9.127929630692831],[79.4873392030883,9.127717288431436],[79.48719361043526,9.127550040762115],[79.48712076155726,9.12733307465111],[79.48725261537636,9.12710703233482],[79.4875527910218,9.127021006084993],[79.48799864286364,9.127251453892939],[79.4882261214464,9.127251382050709],[79.48831246391826,9.127093094047334],[79.48826233523046,9.12665460136482],[79.4883122959333,9.12652349258044],[79.48857620838734,9.12660476937138],[79.48871732204039,9.126916674217428],[79.48888577861406,9.127513301024061]]],[[[79.48190870214282,9.130200741276811],[79.48170400303906,9.130426873872942],[79.48149941891963,9.130549026746237],[79.48105815387564,9.13060792885125],[79.48062600134189,9.130558330673692],[79.47991621189318,9.130083855786367],[79.4797251770632,9.12989402964509],[79.47973416021605,9.129699581583695],[79.47999795768573,9.129618168023152],[79.4806940738775,9.12995246621767],[79.48112627581858,9.130060880642297],[79.48136727943624,9.129974919851302],[79.48145360214517,9.129653925706998],[79.48123510222365,9.129070758199179],[79.48117595984031,9.128889986260123],[79.48117589965318,9.128736294207574],[79.48130777772677,9.12862770997509],[79.48163077597033,9.128686456296483],[79.48194482609537,9.129246855005514],[79.48202686743362,9.129866207390469],[79.48190870214282,9.130200741276811]]],[[[79.48360184679034,9.133518465295822],[79.48354286969699,9.133925335995695],[79.48347013580337,9.134092690652617],[79.48333821101741,9.134237338207045],[79.48326547083556,9.134260010640906],[79.48308805177032,9.134296228172504],[79.48286972342703,9.13429623615483],[79.48202798673448,9.133672675911654],[79.48155927456529,9.133112238040162],[79.48151377040459,9.132886171006431],[79.48164559278266,9.132696273629382],[79.48196864223019,9.132840882725791],[79.48243725288971,9.133234058282742],[79.48259654844409,9.133387709371362],[79.48277396301778,9.133401206610554],[79.48283300389151,9.133342424702189],[79.48281023070072,9.133161604374544],[79.4821867558761,9.132339003897684],[79.48210024811425,9.132004524346858],[79.48228219019695,9.131837213055858],[79.48261881139179,9.132026943260957],[79.4830738512023,9.132447196751299],[79.48346983127449,9.133102598034155],[79.48360184679034,9.133518465295822]]],[[[79.47393589707808,9.13526173112976],[79.47424544844017,9.135939783598564],[79.47424549694921,9.136238161859191],[79.47395917961363,9.137051909886846],[79.47374553508624,9.137788902438421],[79.4736138249976,9.138399189025476],[79.47288167468486,9.139186030316592],[79.47228135663161,9.139760305961163],[79.47179918410622,9.140036188999227],[79.47129429678057,9.14009509397044],[79.47069376043673,9.139986731378904],[79.47029793936636,9.13975175969523],[79.4699976631096,9.139521341256158],[79.46980662468633,9.139403790979138],[79.46979289483552,9.139091880209879],[79.46980645220978,9.138879413336182],[79.46998379940982,9.138698529300234],[79.47097089339681,9.138662133059784],[79.4711619668544,9.138603312108303],[79.47149849731937,9.138246113044447],[79.47181226267847,9.137875264003835],[79.47231260542708,9.137685315183958],[79.47346777330544,9.136609080009848],[79.47358586583272,9.136156905890019],[79.47344473331506,9.135569265639141],[79.47335823543465,9.135356877374251],[79.47340817637455,9.135139816679722],[79.47354006073637,9.13500865513999],[79.47369471559401,9.135008603698498],[79.47393589707808,9.13526173112976]]],[[[79.46807372599422,9.140620390433837],[79.4680965288294,9.140859950403074],[79.4679647154345,9.141253257240727],[79.4678102150871,9.141850073787918],[79.4677376159408,9.142496558583211],[79.46764223012896,9.142993811209486],[79.46753309200847,9.143233502616988],[79.46741488270025,9.143378192578059],[79.46620029306247,9.143568392901734],[79.46527685459479,9.143460041123156],[79.46511760575282,9.143320020730437],[79.46507207823588,9.143152759099284],[79.46509473195073,9.142935680983467],[79.46609073722536,9.141959029151591],[79.46750965406439,9.140511971240018],[79.46778708796012,9.14039439024818],[79.46807372599422,9.140620390433837]]],[[[79.45434555863459,9.14372032692791],[79.45442747600536,9.14399609071371],[79.45450042459629,9.1446380457716],[79.45463244999361,9.144986035978942],[79.45470533929576,9.145320586707301],[79.4544051393958,9.145605417760365],[79.45412760399046,9.145628093904966],[79.45378186669213,9.145497072810196],[79.45378171487684,9.144936530266852],[79.45378157114638,9.144258436392644],[79.4537815432986,9.143896763270991],[79.4539725646539,9.143670694213029],[79.45434555863459,9.14372032692791]]],[[[79.45643431504503,9.147038036764027],[79.45622970487445,9.147386256103147],[79.45599319283318,9.147553513970992],[79.45575207243449,9.14763497664538],[79.45554737422903,9.147634995270073],[79.4553654123834,9.147562711027305],[79.4552926272858,9.147408995990453],[79.45505599666691,9.147074527045605],[79.45507869889079,9.146825939145502],[79.455233341172,9.146739951359256],[79.4556063818651,9.146825821188818],[79.45572916539474,9.146825755558748],[79.45592934327772,9.146717180387983],[79.45618405339002,9.146558917884603],[79.45643426384103,9.14670358343457],[79.45643431504503,9.147038036764027]]],[[[79.45376894173181,9.148584758817577],[79.45327780761316,9.14929917663534],[79.45297759334014,9.14956142794232],[79.45269100561168,9.149715189054163],[79.4523543817219,9.149778515319783],[79.4519676812466,9.149692762384841],[79.45124890056023,9.149380967944829],[79.45045720092729,9.148585457685424],[79.45021603740948,9.148287112831651],[79.45009312811567,9.147952627861388],[79.45025228982108,9.147654224829111],[79.450456949399,9.14761806541714],[79.45093465999237,9.147902774901185],[79.45138052081732,9.147880041253694],[79.45173980021859,9.147626772021399],[79.45242665208484,9.14718812457452],[79.45256749534495,9.146519047599906],[79.45266298266638,9.146424087924919],[79.45321806695182,9.146767552346493],[79.45354111999261,9.14691214597337],[79.4541188597895,9.147020496701005],[79.45432354811349,9.147138032933343],[79.454514741047,9.1474002077869],[79.45446475698795,9.147734737621024],[79.45376894173181,9.148584758817577]]],[[[79.44501697032898,9.15106840316934],[79.44562661738647,9.151606259403067],[79.44578597043301,9.152058361571918],[79.44567682422768,9.15233411002659],[79.4455449704086,9.1525828120324],[79.4454858334151,9.152727451186959],[79.44561780760846,9.15308456476651],[79.44573611034147,9.153310589707127],[79.44579530662378,9.153491397139886],[79.44572260686614,9.153658658345089],[79.44551792123707,9.153767203904],[79.4453267777109,9.153767259777135],[79.44511297867328,9.153658776299535],[79.44500376778925,9.15338306612084],[79.44453497028015,9.152343392986582],[79.44446208007966,9.151651694292662],[79.44455746499317,9.151199604023184],[79.4447030091372,9.151032363833485],[79.44501697032898,9.15106840316934]]],[[[78.69545248071994,9.150566198827924],[78.69589000428076,9.150817969796709],[78.69634774622365,9.151311642871317],[78.69679653555646,9.152068683074917],[78.69700368436601,9.152589692432999],[78.69701845626254,9.153263226073195],[78.69688358769739,9.154481156345788],[78.69686649365582,9.155163062019696],[78.69675170513221,9.155666740055919],[78.69652212988157,9.155810523013185],[78.6961028358328,9.155826802400385],[78.6955197573482,9.155633642935681],[78.6948568006685,9.155023188132626],[78.69407879405546,9.153540538929336],[78.69384185082284,9.152857015139862],[78.69375069158446,9.152265494870036],[78.69374768043161,9.151747650312561],[78.69386553760025,9.15119900005683],[78.69422391958454,9.150778179808766],[78.69441526433332,9.150653098291967],[78.69466458185896,9.150549232752253],[78.69507542276088,9.150506062821902],[78.69545248071994,9.150566198827924]]],[[[78.73205873602134,9.154421508782255],[78.73198860544541,9.155178882923883],[78.73180397740003,9.155640759184843],[78.73160360368432,9.155841587410851],[78.73135224608464,9.155905999001062],[78.73110146340679,9.155879682910653],[78.73086261844075,9.155768606869158],[78.73052359515083,9.155430880326442],[78.73025828132492,9.154916791848807],[78.72989823925398,9.154459848324453],[78.7297073993584,9.15422048286803],[78.72945422087366,9.154081768641872],[78.72918216429323,9.154058411029704],[78.72878809403934,9.154093605754467],[78.72837178329566,9.153924997591037],[78.72812740021588,9.15354456091089],[78.72801339502318,9.153208243276255],[78.72803413083487,9.15280059908589],[78.72816257464913,9.152577669912805],[78.72836055615123,9.152411562028192],[78.72873725927573,9.152203591601312],[78.72944278711674,9.152142027996527],[78.73042316170545,9.152072647425978],[78.73097272404678,9.152118491994196],[78.73119312390511,9.15227504300861],[78.73148754224792,9.152778486565792],[78.7318783489224,9.15353513696902],[78.73201797586361,9.153981001069882],[78.73205873602134,9.154421508782255]]],[[[78.75224349507822,9.15682907324041],[78.75221360004387,9.156852078584125],[78.75218257403063,9.156874840037844],[78.7521504592592,9.156897464025661],[78.75211728986567,9.15692005963227],[78.7520671117705,9.15695351670083],[78.75201634527886,9.156984774335653],[78.7519908627692,9.156998500378592],[78.75196538205616,9.15701038439802],[78.7519399516488,9.157019990942404],[78.75191462095441,9.157026893428826],[78.75188943938038,9.157030659066388],[78.751864456334,9.157030856837743],[78.75183972122265,9.157027055725496],[78.75181690581107,9.157019379890981],[78.75181547299817,9.157018898322153],[78.75181528255536,9.157018833580857],[78.75171807675677,9.156977281194845],[78.75132963444813,9.1568065104421],[78.75133418621165,9.156806512215832],[78.7512796171514,9.156777744002953],[78.75122511905805,9.156751114912758],[78.7511163591283,9.156697503752977],[78.75106210986829,9.156667140055793],[78.7510079549314,9.156632149565437],[78.75098091384471,9.156612391031594],[78.7509538997075,9.15659084190984],[78.75095222884106,9.156589338668313],[78.7509517662087,9.1565889218403],[78.75094095767919,9.156579190235858],[78.75092950595595,9.156566689828596],[78.75091078686206,9.156539523280422],[78.75089708485903,9.156510105858281],[78.75088772082053,9.156479210910925],[78.7508820174168,9.156447607352908],[78.75087929462315,9.156416064986026],[78.7508788751099,9.156385355386055],[78.75087921018152,9.15637673324879],[78.75087923892761,9.156375976749775],[78.75088002495346,9.15635574727438],[78.7508855217447,9.156296618843655],[78.75089536099202,9.156237424774803],[78.75090970169721,9.156178204090027],[78.75092870555704,9.156118995811527],[78.7509525360649,9.156059840735361],[78.75096276697768,9.156037642391622],[78.75097370935616,9.156015460010133],[78.75098537218346,9.155993293590907],[78.75099776444283,9.155971149342067],[78.75101089421901,9.155949023716113],[78.75102476959687,9.155926922921106],[78.75102955941401,9.155919644380528],[78.7510297363821,9.155919374772084],[78.75103923786287,9.15590493387037],[78.75105377799404,9.155883343909721],[78.7511038572745,9.155812825327969],[78.75115515467049,9.155747199595497],[78.75126409875489,9.155630593874761],[78.75138600463053,9.155533446061456],[78.75145350493929,9.155492143599412],[78.7514891869207,9.155473307347968],[78.75152626937562,9.155455678126962],[78.75156247507482,9.155440206662277],[78.75156261521201,9.155440155223753],[78.7515994901561,9.15542653731892],[78.75163673161283,9.155415293567438],[78.75167416980064,9.155406301581396],[78.7517117732784,9.155399377778565],[78.75174950880854,9.15539434567175],[78.75178734495002,9.155391027886807],[78.75182525295666,9.155389245275817],[78.75190114892007,9.155389566323157],[78.75197694606882,9.155393883611897],[78.75205238928135,9.15540076661877],[78.75212722702933,9.155408788367957],[78.75217133071652,9.15541229594315],[78.75221563113475,9.155414558351309],[78.75230352769205,9.155423179625066],[78.7524287501477,9.155475739148082],[78.75246742621394,9.155511662740398],[78.75246866409242,9.155513042711435],[78.75248772364779,9.15553648891513],[78.75250344955515,9.155560055731732],[78.75252609338851,9.155607518389191],[78.75254455197097,9.155703501721403],[78.75254114106782,9.155849045100801],[78.75254130456123,9.155897688143488],[78.7525483383699,9.156046818830562],[78.75255025717134,9.156196493105844],[78.75253743821226,9.156345897710022],[78.75252249383918,9.156420243910805],[78.75251236263941,9.15645728308826],[78.75250025604433,9.156494216724466],[78.75250000361771,9.156494865912151],[78.75249995960029,9.156494980318154],[78.75248688911289,9.156528660030668],[78.75247193485833,9.156561552200987],[78.75245543190827,9.156593001433773],[78.75243741799187,9.156623116814224],[78.75241793263505,9.15665200742743],[78.75239701087209,9.156679779697791],[78.75237469402548,9.156706546257842],[78.75235101802787,9.156732414418801],[78.75232602240506,9.156757490604978],[78.75229974398808,9.15678188656188],[78.7522722223027,9.156805712261242],[78.75224349507822,9.15682907324041]]],[[[79.44581899070621,9.157930773003294],[79.44547323993314,9.158206585191778],[79.44506381297947,9.15820668185998],[79.44447692473973,9.158039517689149],[79.44375351772963,9.157370603915286],[79.44350322643025,9.156927593570192],[79.44357594684911,9.156642774244558],[79.44362139711093,9.156484510836615],[79.44375327698114,9.156344350124034],[79.44412639133611,9.156416596220321],[79.444549543649,9.156986140997939],[79.4447770590627,9.157284453721342],[79.4449817887092,9.1573703218918],[79.44532752331259,9.157144232130374],[79.4455185033454,9.156845858095442],[79.44559125790023,9.156665028423175],[79.44625050723273,9.15479326913608],[79.4469961816821,9.15282206684464],[79.44728723673246,9.152654763562685],[79.4476467281361,9.152785769605085],[79.44782417864238,9.153206166211268],[79.44766969087141,9.153934027750198],[79.4470103463175,9.155448647013705],[79.44663743138854,9.156054445908268],[79.4461827329378,9.157284231117869],[79.44581899070621,9.157930773003294]]],[[[78.69849740841033,9.158014571962493],[78.69871273727888,9.158110664615968],[78.69888299856797,9.158301195843764],[78.69895168195796,9.158484765978429],[78.69883606159438,9.158686111412335],[78.698607054079,9.158741488902843],[78.69841643876222,9.158752908147918],[78.69832776606054,9.158714453776613],[78.69806858862633,9.158523357838408],[78.69794978732831,9.158232113574615],[78.69800776010517,9.158106184177162],[78.69809121988327,9.157967785417373],[78.69829466044737,9.157937504307135],[78.69849740841033,9.158014571962493]]],[[[78.82355809904766,9.166035885279545],[78.82357145789426,9.166039356389206],[78.82358581117585,9.166045236168639],[78.82361563344665,9.166062557129193],[78.82363483673248,9.16607687966772],[78.82365739792084,9.166097460666847],[78.82366781478488,9.166109168786717],[78.82367673685228,9.16612180365857],[78.82368213303218,9.166134466022145],[78.82368256063026,9.166140122315246],[78.82368089695038,9.166145101946052],[78.82367648801896,9.166149014703096],[78.82365390616933,9.16615822014675],[78.82362679411575,9.166164762396882],[78.82360653980103,9.166167916015025],[78.82357722238343,9.16617094813551],[78.82353478956267,9.166173525304847],[78.82347408231408,9.166175828439311],[78.82339009881818,9.166180380610719],[78.82334276478922,9.166185544704549],[78.82329114130478,9.16619526096948],[78.82326527072291,9.1662025818681],[78.82323934085223,9.166212346909038],[78.82319174990513,9.16623488871257],[78.8231437133936,9.166257592807122],[78.82303076102643,9.166306259256377],[78.82291713222781,9.166353023419068],[78.82284085717536,9.166382049814963],[78.82273832616379,9.166416780386728],[78.82267923767934,9.16643404634484],[78.82261442872314,9.16644847706332],[78.82254834236265,9.16645708387984],[78.82250372304249,9.166459824226314],[78.82244371019162,9.16646002820031],[78.82236310256454,9.166454710686548],[78.82231691209095,9.16644908277744],[78.82226415583095,9.16644057972144],[78.8222040791997,9.166428435285459],[78.82213595725673,9.166411791891308],[78.82205918543592,9.166389775110437],[78.82197343315723,9.166361613387872],[78.82179003221052,9.166295910674771],[78.8216093019551,9.166226304948609],[78.82149030662103,9.166176877576047],[78.82133351107805,9.16610619342379],[78.82124487430897,9.166062925169646],[78.82109807701514,9.165986808184117],[78.82095294519783,9.16590821777186],[78.82066443417634,9.165749286262567],[78.82047078974047,9.165646583354935],[78.82041694562064,9.165620087069476],[78.82036241428963,9.165595248296631],[78.82025170771064,9.165549357577241],[78.82002671027469,9.165464447403593],[78.81987678774198,9.165405332904601],[78.8197920721191,9.16536807560898],[78.81969670337529,9.165320736640123],[78.81964306227474,9.165289454020174],[78.81959235776682,9.165254530892463],[78.81956017202853,9.165229311636859],[78.8195192456825,9.165193378384854],[78.81946817825519,9.165141561703209],[78.81944077155421,9.165110047600415],[78.81941101575873,9.165072424892852],[78.81937903214137,9.165027425387224],[78.81934509468823,9.164973530798328],[78.81930967860815,9.164908939048166],[78.81926778477659,9.1648214116341],[78.81923089725608,9.164733587991309],[78.81920896937996,9.164674810372876],[78.81918290116876,9.164596076887703],[78.81915350739433,9.16449030692468],[78.819139322996,9.164429383092413],[78.81912531736242,9.164359261741291],[78.81911205194062,9.164278402409208],[78.81910026784071,9.164184932950178],[78.81909223241048,9.164100065019094],[78.81908614901937,9.164015197067704],[78.81907908376967,9.163845503672935],[78.81907753327751,9.163732439142482],[78.81907842979615,9.16367116044003],[78.81908141040626,9.16360990833251],[78.81909225935996,9.163487469712749],[78.81912396719454,9.163242751093074],[78.81914377055496,9.163079631562873],[78.81915163710191,9.162986398577905],[78.81915563909651,9.162879807797024],[78.81915500668255,9.162822936604899],[78.81915069027761,9.162766765130504],[78.81914134779865,9.162711563864278],[78.81913245627399,9.16267527384266],[78.81911743734075,9.162627488427804],[78.81909207969689,9.162564773719302],[78.81907500362165,9.162529418426105],[78.81905331110418,9.162489408922616],[78.81902582535142,9.162444171412977],[78.8189911126522,9.16239305760524],[78.81894451703843,9.162331329923665],[78.81889628918576,9.162273726989213],[78.81886322579344,9.162237399675021],[78.81881800190709,9.162191286808238],[78.81875567230108,9.162133440852983],[78.81866893097724,9.162061610966841],[78.81861748985082,9.162022681599556],[78.8185570215541,9.161979563613274],[78.81848571328683,9.161931481895323],[78.81845549755394,9.161913066354382],[78.81842421282586,9.161896577061388],[78.81835913168017,9.161868206571592],[78.81831445037625,9.161851758071856],[78.81813441092532,9.161790575712159],[78.81808509970443,9.161770248990923],[78.81803133463636,9.161743071311431],[78.81800409681863,9.161726342559577],[78.81797634875781,9.161706446846386],[78.81794842462722,9.161682570924869],[78.81780740889054,9.161546079411119],[78.81767062781213,9.161405758400171],[78.81758169370069,9.16131016682478],[78.81746580114755,9.161180270721308],[78.81718769082042,9.160861551130456],[78.8169103386714,9.160542216660868],[78.81688757266717,9.160519591131386],[78.81689477176583,9.16046654812953],[78.81690402082002,9.16041382793629],[78.81691490570631,9.160379322039685],[78.81692339927733,9.160365274197574],[78.81693498395124,9.160356669007195],[78.81694420695423,9.160353635063363],[78.81695811107821,9.160352567285408],[78.81697901397658,9.160355705878573],[78.81700991242907,9.1603662692531],[78.81705371338401,9.16038757514663],[78.8171101590249,9.160419074591811],[78.81713801757849,9.16043363858346],[78.81718895025845,9.16046133960961],[78.8172384043115,9.160493632786524],[78.81733598919911,9.160563196180037],[78.8174025570566,9.160606190178093],[78.81744198501274,9.16062714574831],[78.81748882856154,9.160646330261827],[78.8175147566356,9.160654006018023],[78.81754325299302,9.160659916039773],[78.81760407432766,9.160668386420433],[78.81766493339153,9.160674561612481],[78.81778673236765,9.160681719443007],[78.81803046596549,9.160687103557573],[78.81809639691744,9.160686374560342],[78.8181623799717,9.160681915438634],[78.81829441525048,9.160668274676313],[78.81838242319886,9.160660872959545],[78.81843268483732,9.160659014105187],[78.81849008808227,9.160660137754267],[78.8185556219789,9.16066697808994],[78.81859053679905,9.16067357276583],[78.81860578839593,9.160678007055626],[78.81862010215168,9.160684200871541],[78.81864625300791,9.160701107044037],[78.81866212084908,9.160715111416783],[78.81868172568184,9.16073628514759],[78.81870585532872,9.16076725067353],[78.81873623635161,9.160809329409815],[78.81882141640348,9.160925638107901],[78.81890183268938,9.161043002127833],[78.81895124362327,9.161123756660425],[78.8189775409049,9.161171337413649],[78.81903877456624,9.16128939664785],[78.81909826010605,9.161408052696979],[78.81921428560982,9.161646467037786],[78.81923678032287,9.161699022979867],[78.81925595126933,9.161753317150499],[78.81929178776097,9.161863149724448],[78.81931981340121,9.161934114080431],[78.81933934636874,9.161972773853586],[78.81936611526588,9.162014576635304],[78.81938273589527,9.162035619034203],[78.81942878174013,9.16208453881549],[78.81947786568723,9.162129572394413],[78.81957852191483,9.162216627778582],[78.81977021520991,9.162385889166941],[78.81996099222343,9.162556021364518],[78.81997693282817,9.162572345672219],[78.81999115585407,9.162590057017539],[78.82001557655506,9.162628735343237],[78.8200562217284,9.162712801024034],[78.82008449620199,9.162768026235105],[78.82010353689273,9.16279732341406],[78.82012945328867,9.162827526067101],[78.82018229578695,9.162877158768714],[78.82023682801628,9.162924903354778],[78.82034800800741,9.163017585620723],[78.82038049557967,9.163043056012532],[78.82041450310136,9.163067063983567],[78.82048612488067,9.163111592819186],[78.82053578734285,9.16313941424839],[78.82073761363436,9.163247276696506],[78.82079283936305,9.163280282648765],[78.82085270039866,9.16332102016813],[78.82088279665562,9.163344449006493],[78.82091322259427,9.163371006654444],[78.82094351468398,9.16340135736284],[78.82097306027367,9.163436323241644],[78.82100105177793,9.163476923281214],[78.82102644894763,9.16352441769472],[78.82103837138811,9.16355314988736],[78.82104806510833,9.163582225288872],[78.82106206625035,9.16364119730838],[78.82106844518717,9.163680961911423],[78.82108691544774,9.163841071196373],[78.82109473079072,9.1638864158369],[78.82114090599295,9.164176911399077],[78.82115153935096,9.16421782618545],[78.82116708020537,9.164264124140566],[78.82119033129987,9.16431628859499],[78.82120870903397,9.164344853109117],[78.82123126842568,9.164368517781703],[78.82124831126325,9.16438195176619],[78.8212731451893,9.16439740599144],[78.82130927992158,9.164414501772793],[78.82146768883878,9.164467390760347],[78.82151053129131,9.164485667820482],[78.82153183573661,9.164497305932464],[78.82172205220137,9.164597332664734],[78.82174707477363,9.164614462136697],[78.82177376012746,9.16463642759044],[78.82180114437058,9.164665403576285],[78.82181414568768,9.164682843441746],[78.82184746240492,9.164737328715434],[78.82187532994169,9.164793342906158],[78.82189154632918,9.164831354969351],[78.82191102539781,9.16488265909844],[78.82198260495626,9.165090097092236],[78.82205381710381,9.16528675002534],[78.82212344911471,9.165484039604987],[78.82217382933081,9.165615002783523],[78.82220007091688,9.165672112089998],[78.82223162603789,9.16572699540546],[78.82225561734417,9.165761859068057],[78.82229128764747,9.165805618671081],[78.82231356317158,9.165828984379543],[78.82234070666621,9.165854021789325],[78.82237393085698,9.165880222737943],[78.82241478533777,9.1659066595854],[78.82246524280899,9.165931764389889],[78.82253039761652,9.165956110053518],[78.82259583269847,9.165974844648925],[78.82263959322921,9.165984699267426],[78.82269809241882,9.165995134768911],[78.8227763186121,9.16600533880362],[78.82288093910502,9.16601494687846],[78.82302077625202,9.166026813746239],[78.82309755436106,9.166031357051098],[78.82317461364276,9.166031147755767],[78.82332918405876,9.166025328281533],[78.8234322540595,9.16602455938726],[78.82349105508304,9.166027650040727],[78.82355809904766,9.166035885279545]]],[[[78.82707379694754,9.167333270898519],[78.82714175360047,9.167452301835839],[78.82718549257169,9.167520697670717],[78.82723339972578,9.167586190862757],[78.82726735694183,9.167628403590939],[78.82731478978548,9.16768307908336],[78.82734905602199,9.167718991686058],[78.82738497605692,9.167753120849333],[78.82746026296256,9.167817662419056],[78.82761402489481,9.167943285074386],[78.82765609030463,9.167981182398064],[78.82770184509529,9.168026985006012],[78.82778379570374,9.168117010743238],[78.82786265341264,9.168209448660157],[78.82791303093377,9.1682728523325],[78.82797691103193,9.168360124373],[78.82801149078045,9.168411613341476],[78.82809043293102,9.168537343094098],[78.8281648870984,9.16866497329599],[78.82821187617427,9.168751400970532],[78.8282710473037,9.168868642681177],[78.82833641680863,9.169012803408648],[78.82839964742486,9.16915775602285],[78.82844408528534,9.169253270991554],[78.82850912061694,9.169382389934059],[78.82857655894196,9.169510274354034],[78.82871400657032,9.16976511719979],[78.82880382642064,9.169936553943192],[78.82887395160665,9.170075489895043],[78.82893992927102,9.170215973318088],[78.82897937429513,9.170311487115178],[78.82899966544078,9.170367010894191],[78.8290204542531,9.170431487249846],[78.82904061783795,9.170506711127961],[78.82905306579283,9.17057057110908],[78.82906063679405,9.170634842569267],[78.82906329221404,9.170677860179264],[78.82906423544507,9.170735356217234],[78.82906159978806,9.170812130214422],[78.82905287984156,9.170914374022152],[78.82903606427776,9.171049718808261],[78.82900681782706,9.171251591877956],[78.82897668384086,9.171453440888373],[78.82895864926323,9.171588201934316],[78.82894213373672,9.17173364125338],[78.82892741304416,9.171879351882781],[78.82889819084798,9.172170875834324],[78.82887471876792,9.172364724239678],[78.82885846465118,9.172475120214438],[78.82880757419201,9.172769507243368],[78.82875372558058,9.17306338321566],[78.8287137999578,9.173278460873174],[78.82867175610758,9.173493267918385],[78.82866237320442,9.17352589956433],[78.82864822473871,9.17355681431256],[78.82863657538608,9.173576542638411],[78.82861879323504,9.173601841115271],[78.82859206027052,9.173633947750478],[78.82855335455984,9.173674272594706],[78.82853915039857,9.17368344591748],[78.82852139609531,9.173688039673378],[78.82850912061694,9.173688303947372],[78.82849403341174,9.173684868385523],[78.82848682622823,9.173680834216466],[78.8284804940038,9.173674272594706],[78.82843888314152,9.173607294206297],[78.82840260737372,9.173537934677892],[78.82838154727021,9.173490390168196],[78.82835754159085,9.173425390254131],[78.8282642398705,9.173140281751765],[78.82817083933546,9.172855225343145],[78.82808888333713,9.172606339767551],[78.82800690488095,9.172357462885648],[78.82799371132437,9.172313274865152],[78.82798262341879,9.172268437680303],[78.82796481341998,9.172177436597066],[78.8279329995842,9.171994425148394],[78.82792142928336,9.171942965078236],[78.82790517786154,9.171885131353715],[78.82788131231938,9.171820735963722],[78.82786574361718,9.171787300692802],[78.82783741165146,9.1717334576795],[78.82780749505756,9.17168068328873],[78.82774404255744,9.171577583023296],[78.82761064183944,9.171375842276877],[78.82752421582425,9.171239762431744],[78.82732419963807,9.170917968353793],[78.82726124121136,9.170808438330106],[78.82722757504948,9.170744424082876],[78.82719179964327,9.170669600216787],[78.827173962695,9.170626888563223],[78.82715837782312,9.170583528629452],[78.82713262581889,9.170495239050808],[78.82711840279299,9.170435520568997],[78.82706793094876,9.170194649390686],[78.82705064197279,9.17012659106809],[78.82696805266221,9.169822993837869],[78.826935445614,9.169722889649499],[78.8269141321856,9.169666113557957],[78.82688671560312,9.169601683178758],[78.82686630677817,9.169563082767311],[78.82684206663855,9.16952750557511],[78.82682401678954,9.169505297430987],[78.82679788210298,9.169477357664501],[78.8267599022311,9.169442688583851],[78.82670497025147,9.1694001373],[78.82662714201187,9.169347738580854],[78.82652242539922,9.169280399320273],[78.82642735759102,9.169221101881462],[78.82633001075693,9.169166666071863],[78.82613262573616,9.16906393932133],[78.82600237181663,9.16899322825191],[78.82592954988809,9.168949721790405],[78.8258484877135,9.168895757736705],[78.82577418805634,9.168840722375018],[78.82570248183544,9.16878291918433],[78.82565620602189,9.16874275873613],[78.82559651386956,9.168687091922115],[78.82552069156802,9.168608901184756],[78.8254794014043,9.168562084995722],[78.82543411194094,9.168506594634236],[78.82539059126036,9.168445768156472],[78.82535182356594,9.168382048800437],[78.82532808378795,9.168338304591195],[78.82529840973918,9.168278818985172],[78.82518769956691,9.168036969046117],[78.82515382140261,9.167969663236766],[78.82511125563119,9.16789540015547],[78.82508631839889,9.167857310378361],[78.82505762800535,9.167818081894437],[78.82502430410156,9.16777805702365],[78.82480801403564,9.167535961975405],[78.82459172307144,9.167293869422585],[78.82459172307144,9.167316493633702],[78.82449382197684,9.167225990572696],[78.82439592267886,9.16713548660176],[78.82428616112755,9.167032174834565],[78.82417735628204,9.166927329686898],[78.8241356672663,9.16688325184565],[78.82409735861101,9.166835701123427],[78.8240736403926,9.166802486206779],[78.82404421607545,9.166756803164635],[78.82400876226615,9.166694352577675],[78.8239679005988,9.166610573402847],[78.82395719088399,9.166579535665226],[78.82395177673777,9.166546663046109],[78.82395098172874,9.16652400065168],[78.8239532724327,9.166493180183146],[78.82396199058255,9.166451631565812],[78.82396972777211,9.166427975900454],[78.82398089832265,9.166401291662469],[78.82399655416143,9.16637156820896],[78.82401800143883,9.166339076026622],[78.82404151124813,9.166307831630641],[78.8240663640388,9.16627836535405],[78.82408389735652,9.166261156146382],[78.82410873667241,9.166242964314653],[78.82412378974165,9.166235722346002],[78.82414185126872,9.166230864214103],[78.824163719856,9.166230481984304],[78.82433442760777,9.166252745317664],[78.82450523776748,9.166275742956422],[78.82468717356197,9.16629974006683],[78.82486952527644,9.166321004809632],[78.82493610481204,9.166325630587203],[78.82500275800948,9.166327262379903],[78.82513622699946,9.166324051118291],[78.82540341021947,9.166309305565163],[78.82547970683147,9.166307446740385],[78.8256846251242,9.16630746802463],[78.82588953084053,9.166311981173177],[78.82593407919374,9.166314813752555],[78.82597829876364,9.166319940596988],[78.82606595906401,9.166335936599452],[78.82612399023137,9.166349938089533],[78.8262010989204,9.166371416558688],[78.82630390661308,9.166402489788258],[78.82638103237014,9.166425965426013],[78.82645709003029,9.16645269843858],[78.82650551191904,9.16647447576778],[78.82653189543896,9.16648893397676],[78.82656059840892,9.166507631296602],[78.82659116538308,9.16653228022117],[78.82662265582536,9.166565394949838],[78.82667868734288,9.16663903131127],[78.82672895706618,9.16671427727727],[78.82676014387789,9.16676517939454],[78.82687765070358,9.166972649101773],[78.82697624799253,9.1671527791302],[78.82707379694754,9.167333270898519]]],[[[78.7042492097835,9.184079009338577],[78.7042811080609,9.184198293601924],[78.7041925359705,9.184425071134154],[78.70393251681489,9.184784273160412],[78.70308129031966,9.18548452518149],[78.70251690936936,9.185841789373374],[78.70211104243914,9.186061905140276],[78.70195148906829,9.18603820821665],[78.70191123376377,9.185993714183295],[78.70189073331066,9.185956467031291],[78.70188077458745,9.185892481235637],[78.70189781922164,9.185822480297249],[78.70204577803713,9.185714134315003],[78.70251342390604,9.185402006148152],[78.70301267071002,9.185023804233825],[78.70361102504606,9.184544064411211],[78.70415135180801,9.184056735595604],[78.7042492097835,9.184079009338577]]],[[[78.91048050887046,9.186002783432352],[78.91049407432956,9.186165784233568],[78.91048907879826,9.186310116175411],[78.91040728719167,9.18646225361498],[78.9102324409014,9.186564356344043],[78.91012041559556,9.186565769892452],[78.91008636585305,9.186535670354852],[78.91004435703711,9.186447779371106],[78.91004100632107,9.186311646781654],[78.9100607018837,9.186136465040988],[78.91013209908418,9.185988393415215],[78.91030049277575,9.185925436307302],[78.91048050887046,9.186002783432352]]],[[[78.93719352721801,9.182399771639723],[78.94272280331886,9.187961185090018],[78.89726449261387,9.179674300438908],[78.93719352721801,9.182399771639723]]],[[[78.96982980119044,9.186194464045144],[78.96973438573421,9.186202122399559],[78.96968059281839,9.186210365151165],[78.9696201856071,9.186225221612982],[78.96958856401079,9.186236130953821],[78.96955537844754,9.186250466866467],[78.96952067562981,9.186269212805094],[78.9694845516773,9.186293597865339],[78.96944881310202,9.18632394217863],[78.96941816797441,9.18635684932332],[78.9694002753306,9.18638006203626],[78.96937922510854,9.18641242291086],[78.96935548443223,9.186457737175617],[78.96932994173541,9.186521204095097],[78.96925277914747,9.186787092134429],[78.96923716642782,9.1868363694273],[78.96922350395066,9.18688599522272],[78.96920062386039,9.186986057320851],[78.96916283712629,9.187187785638415],[78.96913455007632,9.18732196074269],[78.96911421940477,9.187398010187334],[78.96908530443243,9.18748404133473],[78.96906679644263,9.187529438820787],[78.96903265597024,9.187599518346266],[78.968992951333,9.18766548403679],[78.96896330423368,9.187707023074625],[78.96891972156935,9.187759189402216],[78.96889269844898,9.187787268727842],[78.96885988658491,9.18781775657318],[78.96881983429965,9.187850428579766],[78.96877066231764,9.187884820955823],[78.96870993440778,9.18792010987307],[78.968675533424,9.187937111407793],[78.96861734594978,9.18796147329668],[78.96855913961096,9.18798071663378],[78.96852032789909,9.187990961715073],[78.96846858044715,9.188001717586923],[78.96839959522323,9.188011482027628],[78.96830766612862,9.18801776581889],[78.96825517756658,9.188018620684051],[78.96811543025109,9.188014591998854],[78.96801227041881,9.188008118434569],[78.96790916718038,9.187997983315674],[78.96784047480723,9.18798847693038],[78.96774894725957,9.18797152328481],[78.96769668327633,9.187959285586352],[78.96763699022571,9.187942726560829],[78.96756882067204,9.18792009302407],[78.96749262467134,9.187890147016194],[78.96742021506954,9.1878569553543],[78.96737379013568,9.187832876344265],[78.96731388777759,9.187798171813025],[78.96723698570104,9.187746941054955],[78.9671942663177,9.187714951867392],[78.96714627831523,9.18767583022134],[78.9670922329728,9.187627601231709],[78.96703106488849,9.187567635560304],[78.96695733116997,9.187489521702753],[78.96688815370655,9.187410106905391],[78.96684516932021,9.18735620064195],[78.96679247594226,9.18728284082677],[78.96676503420696,9.1872400407216],[78.9667363006943,9.187190240277811],[78.96670719258414,9.18713205077638],[78.96667923791081,9.18706370927077],[78.96666681960033,9.187026388627533],[78.96665560143904,9.186985864886925],[78.96664604695769,9.186941783331019],[78.96663873467128,9.186893735147091],[78.96662384689208,9.186743474346397],[78.96661447387041,9.18659304676488],[78.96661096415261,9.186492703442234],[78.96660931215078,9.186358877420664],[78.96661175377172,9.18618045624408],[78.96662153103526,9.18594276605181],[78.96664204406478,9.18562662799675],[78.96666970768398,9.185268480338632],[78.96670177304803,9.184910618754053],[78.96672657732965,9.184672193441235],[78.96676508541093,9.184354463335525],[78.96679036220641,9.18417298701311],[78.96682258028409,9.183965655065062],[78.96684035794354,9.183873235443166],[78.96686287511444,9.183782841248819],[78.96688049826372,9.183723523177775],[78.96690721775352,9.183645391623543],[78.96694853037509,9.183542507668674],[78.96697502977767,9.183484165925224],[78.96700787038783,9.183417709942043],[78.96704871408885,9.183341836116536],[78.96709968359977,9.183254910954236],[78.96714201760585,9.183190857273841],[78.96718815328221,9.183130590225748],[78.96722080614448,9.183092513612955],[78.96726644595077,9.183044354056843],[78.9673305461362,9.182984768047922],[78.9673685906868,9.18295309235846],[78.96741311298891,9.182918994808906],[78.96746511196913,9.182882776911379],[78.96752562518162,9.182844966312752],[78.9675956425698,9.182806422324294],[78.96763588439958,9.182788821951606],[78.96767852023959,9.182775941142193],[78.96770806493099,9.18276996763895],[78.96774859961157,9.182765248961523],[78.96780419993773,9.182764715106247],[78.96783652042333,9.182767357778447],[78.96787373762558,9.182772996070309],[78.96791639143191,9.182782851108975],[78.9679649327966,9.182798562592309],[78.96801959617994,9.18282231205389],[78.96804818057228,9.182837497661529],[78.96807808728472,9.182855623905716],[78.96810919324807,9.182877149262913],[78.96814130442623,9.182902596059076],[78.96817414413805,9.18293256377173],[78.96823590061891,9.182994467890351],[78.96829563768695,9.183058555304752],[78.96833283063468,9.183102117677816],[78.96837734575028,9.18316079292161],[78.96839943262815,9.183194440839443],[78.96842105597534,9.183232841123838],[78.96844030327863,9.183276474419632],[78.96844789314447,9.18329956140854],[78.96845373938034,9.183323998107635],[78.96845723742004,9.183349803139418],[78.96845762998385,9.18337697739045],[78.96845398731534,9.183405494256332],[78.96844515238456,9.183435301415502],[78.96842970675154,9.183466300432706],[78.96838730357521,9.183533918115888],[78.96834304897104,9.183601527804987],[78.96825028084997,9.183736589294027],[78.96805680080577,9.18400517795427],[78.96798923222502,9.184095397392404],[78.9679197726906,9.184184004606607],[78.9677803361922,9.184359887883643],[78.96769113078958,9.184478968088772],[78.96764290832678,9.184548623441268],[78.96762201710656,9.184585763438669],[78.96760661010111,9.184625637430733],[78.967599216068,9.184653497965595],[78.96759273562154,9.184691948639378],[78.9675897163839,9.184744985359561],[78.96759067668293,9.184775916865547],[78.9675939968562,9.184811582981492],[78.96760049706559,9.184852479425707],[78.96761116815287,9.184898975104167],[78.96762716085988,9.18495117820387],[78.96764974809936,9.185008687003279],[78.96768021356392,9.185070220964862],[78.96769810530944,9.185100661156993],[78.96790043196258,9.185424474901708],[78.96810407195262,9.185747388253278],[78.968090399594,9.185738350922334],[78.96830461275496,9.185903316982701],[78.96851882681423,9.186068282079514],[78.9685643561278,9.186100236830756],[78.96861539301236,9.186129852215657],[78.96865157625368,9.186147333591988],[78.96870143275196,9.186166676348584],[78.9687303064018,9.186175217063866],[78.96876326379295,9.186182337134579],[78.96880044057099,9.186186552067447],[78.9688416310217,9.186185543782429],[78.96886277377024,9.18618218726637],[78.96888451928832,9.186176258160263],[78.96890663221737,9.186167087821104],[78.9689287936554,9.186153860397921],[78.96897364384262,9.186119163683365],[78.96901519272114,9.186081116655952],[78.96904120433848,9.186054058782384],[78.96907396320198,9.186016073823598],[78.96911455537472,9.185962418310941],[78.96916398068161,9.185886433294158],[78.9691902213694,9.185841198767841],[78.96921877701567,9.185788284589519],[78.96924993867455,9.185726681582585],[78.96932897424988,9.185560643303877],[78.96935228373486,9.18550380855895],[78.9693697595604,9.185445900781689],[78.96937881278184,9.18540680460216],[78.96938841936547,9.185354191869672],[78.96941622761342,9.185141115943061],[78.9694265654257,9.185080376563832],[78.96944282583067,9.18501155933921],[78.96945410956896,9.1849752263719],[78.96946859580122,9.184936829823512],[78.9694872502164,9.184896351957391],[78.96951129362498,9.184853799867257],[78.96954226843431,9.184809224099755],[78.96960130391815,9.184737245388245],[78.96966422731053,9.184670160013459],[78.96970809743576,9.184628794431996],[78.96976868969998,9.184578573278772],[78.96980427286671,9.184552721336148],[78.96984569418444,9.184525979932886],[78.96989389688429,9.18449938928332],[78.96994994367316,9.184474649380205],[78.96998018186396,9.184464101798952],[78.97001265506317,9.184455005906566],[78.97004749981471,9.184447867178351],[78.97008485176423,9.184443309920589],[78.97012483667582,9.184442094119758],[78.97018148264102,9.184446312620471],[78.9702386451375,9.184456404387834],[78.97027696008101,9.184466010189329],[78.9703282125612,9.184481937090041],[78.97039666688082,9.184507841358972],[78.97048772371127,9.184548595950513],[78.97060774941302,9.18460904987188],[78.97069617058644,9.184655018824225],[78.97078158509858,9.184701059601268],[78.97083668865643,9.184732980777492],[78.9709076744285,9.184778475276978],[78.97094687870413,9.18480656370684],[78.97099040387627,9.184841026435379],[78.9710383945737,9.18488407513362],[78.97109082923684,9.184938918231172],[78.97111533258284,9.184971636616696],[78.97113434632413,9.18500714663664],[78.97114414874052,9.18503212682458],[78.97115385593546,9.185066766890582],[78.97116122481576,9.18511477275602],[78.97116278339278,9.185142851404416],[78.9711623791509,9.185175273581015],[78.97115926918337,9.185212479135664],[78.97115256415812,9.185254776672167],[78.97114124269059,9.185302196339686],[78.97112420973446,9.185354250398227],[78.97110041515924,9.185409543915437],[78.97105368479815,9.185503102669417],[78.97100340968494,9.185596385605225],[78.97096712134072,9.185657280971999],[78.97091433094477,9.185735503422553],[78.97088150830092,9.185778112161712],[78.97084129162396,9.185824467605062],[78.97079140727791,9.185873830164166],[78.97076293427668,9.185898358912379],[78.9707310288127,9.1859229958479],[78.97069515189689,9.185947401328235],[78.97065466842028,9.185971133729716],[78.97057959261873,9.186008459804881],[78.97050410089723,9.186040404806805],[78.97045355628944,9.186059273134155],[78.97038591314853,9.186082078827916],[78.97011290615055,9.186161737791423],[78.9700786147612,9.186170626130123],[78.9700438616378,9.186177433162603],[78.96997326573457,9.186186229274352],[78.96982980119044,9.186194464045144]]],[[[79.07585777990191,9.202338520945005],[79.06889865266838,9.210539149178683],[79.05676835912882,9.198019958684641],[79.08635219729166,9.191691565369085],[79.09022908261448,9.198587854666082],[79.07585777990191,9.202338520945005]]],[[[79.14070416797426,9.213282211207227],[79.14083317503223,9.213407184613004],[79.14113249817649,9.213587278610023],[79.1411777319443,9.213637235835018],[79.14139310483029,9.213776215824128],[79.1415688988432,9.214089020356171],[79.14156605657361,9.214197492430376],[79.14153391664941,9.214253830433817],[79.14133601509737,9.214267368046386],[79.14133503683199,9.214267435437376],[79.14132352492162,9.214268222848126],[79.14131201480792,9.21426901025885],[79.14130050289755,9.2142697976696],[79.14128899098718,9.21427058508031],[79.14127747997514,9.21427137337776],[79.14126596806477,9.214272159901759],[79.14125445705268,9.214272947312509],[79.14124294604065,9.214273734723207],[79.14123143413028,9.214274522133957],[79.14121992311824,9.214275311318106],[79.14120841120787,9.214276097842092],[79.14116527680287,9.21427904885884],[79.14046961605696,9.214200872622138],[79.1404662213235,9.214200666015456],[79.14010577411237,9.214178653092215],[79.14002182475245,9.214150973113933],[79.14001533801778,9.21414883522216],[79.14000885218142,9.21414669555687],[79.14000131711282,9.214144210955949],[79.13992424974629,9.214091830385316],[79.1398521455717,9.213960369944854],[79.13978549057761,9.213657169421106],[79.13969555574296,9.213455552850768],[79.13958723508935,9.213290003757653],[79.13948066884551,9.213223909836477],[79.13947768913371,9.213223612783153],[79.13947143865597,9.213222987641009],[79.13946518907653,9.21322236427233],[79.13945893859879,9.213221740016923],[79.13945268812105,9.213221115761517],[79.13944643943991,9.213220493279563],[79.13944018806389,9.213219868137456],[79.13943963559997,9.21321981316041],[79.13943292518478,9.213219142795205],[79.13939869757584,9.21323930695375],[79.13923050690352,9.213647520962597],[79.13916877108393,9.213708226175457],[79.13912965214826,9.213793908648313],[79.13905906882141,9.213818999417803],[79.13905444609098,9.213820641632356],[79.13899092082734,9.213788671650484],[79.13894805771356,9.213720647421932],[79.13890999070506,9.213605183371081],[79.1388749447309,9.213347348340012],[79.13889917139579,9.213064956995701],[79.13896649563476,9.21280538979159],[79.13918987520489,9.21271839915559],[79.13953377544848,9.21263881090268],[79.13957615886191,9.212639986703875],[79.13958241023798,9.21264016138925],[79.13958866161401,9.212640334301213],[79.13959491388842,9.21264050809985],[79.13960116436614,9.2126406810118],[79.13960576463872,9.2126408087006],[79.13963384777115,9.212641588134428],[79.13987006965655,9.212708351643965],[79.14000190640765,9.212727113915236],[79.14039877940523,9.212957435145158],[79.14049403136808,9.213012171030805],[79.14053477355945,9.2130508030619],[79.14056427423341,9.213064517179223],[79.14070416797426,9.213282211207227]]],[[[79.125552135855,9.217420986283773],[79.125470081042,9.217452201341668],[79.12522880972637,9.217480326192469],[79.12461959116531,9.217402569194387],[79.12442658902484,9.217336020270807],[79.12434239083156,9.21734236206428],[79.12429251457037,9.21731046067837],[79.12425213170508,9.217204024574555],[79.1242798680878,9.217120546419928],[79.12432338607341,9.217064270057264],[79.1244054049538,9.217039835688817],[79.12449005679629,9.216947611804985],[79.12461568888374,9.216848821755349],[79.12496479755933,9.216644969817976],[79.1252525270465,9.216434018695791],[79.1254536876864,9.21624747615768],[79.1255362671155,9.216116819887187],[79.12567053291114,9.216039409296101],[79.1256686266861,9.216036145282152],[79.12602968026005,9.215723869186444],[79.12692704243165,9.215079886319874],[79.12700267788364,9.214971794033731],[79.12698237326327,9.214940046723306],[79.12689374457901,9.214923763844748],[79.12675709824788,9.214954695372324],[79.12659282243358,9.215048765931533],[79.12635295698134,9.21524188680191],[79.12615956317542,9.215249921384038],[79.12598190156503,9.21529419892445],[79.12565357631183,9.215439396834975],[79.1252549129719,9.215550327370611],[79.12503566385544,9.215716434037937],[79.12485548875891,9.215805901431066],[79.12439780430816,9.215893919901493],[79.12421149641321,9.215852268013661],[79.12399760484911,9.215864714012891],[79.12294798272842,9.21604909315804],[79.12282749798756,9.216034904761772],[79.1226727245523,9.216052178054573],[79.12230605021963,9.216136150364322],[79.12226068799274,9.21611105266574],[79.12224275402643,9.216061236779048],[79.12224569690727,9.21593468595149],[79.1222256671714,9.215850957441779],[79.12225581103907,9.21574263041079],[79.12252358175726,9.215434391295677],[79.12273981792426,9.215408397959052],[79.12290156857432,9.215361778602663],[79.12379607140836,9.215260215331844],[79.12412852981018,9.215194144834143],[79.12425161068221,9.215147323276941],[79.12452540460441,9.214990541110476],[79.12463020655701,9.214959446429171],[79.12499427128378,9.214938739694881],[79.12529722991,9.214858954203207],[79.12545467044333,9.214767108380359],[79.12555723289594,9.214729219610566],[79.12559840268541,9.214686492877409],[79.12569408224633,9.214659869025793],[79.12601788088881,9.214510128111899],[79.12672158425143,9.214355581092702],[79.12748046213885,9.21409057389705],[79.12809559610606,9.213908441576553],[79.12858964795277,9.213825125800259],[79.12949518838671,9.213786887559758],[79.13058675105138,9.21384453798152],[79.13127748813122,9.213992770859278],[79.13189034037764,9.214244563282875],[79.13283057913772,9.214529695432079],[79.13310745967122,9.214650916672133],[79.13331248486347,9.215027159179757],[79.13347775331617,9.215177183625341],[79.13384039421325,9.215427677045179],[79.13398068860273,9.215568531743687],[79.13400544976524,9.215618382281974],[79.1339961854397,9.215649976128804],[79.13390720012428,9.215701498123167],[79.133838911993,9.215710184434178],[79.13362975994036,9.215686500137366],[79.13320510833925,9.215548689597691],[79.13313720019534,9.215485054975833],[79.13303049201768,9.215446080050027],[79.13280170009797,9.215264084096919],[79.13272227555213,9.21522751038826],[79.13270429307677,9.215186735389416],[79.13232985101183,9.21501754356737],[79.13203066441153,9.214812582169868],[79.13188320236436,9.214737232036276],[79.13172179576908,9.214718313808579],[79.13159198471895,9.214747023227327],[79.13154399132655,9.214789715371],[79.13159133164372,9.214871324866063],[79.13249332463063,9.21550883771216],[79.13291972884484,9.21574610103323],[79.13318765407328,9.215840156307406],[79.1333717494177,9.215870491879008],[79.134024521897,9.215885175071508],[79.13408353222805,9.215910342837024],[79.13411272388153,9.215982817975716],[79.13409208598617,9.216014353266436],[79.13398493943068,9.216058999586236],[79.13352042958039,9.216146996712329],[79.1332131931768,9.216174785600591],[79.13298577298454,9.21616456616383],[79.13281330094155,9.21608682838378],[79.13262970595873,9.215961568629076],[79.13228786824705,9.215647900316485],[79.13210709397421,9.215418690128839],[79.13185592412248,9.215166513705158],[79.13172437303561,9.215093507252618],[79.13161761814555,9.215063572412499],[79.13145617561767,9.215051433190807],[79.13104859380357,9.215128422805659],[79.13086885977984,9.215134269848113],[79.13051003312948,9.215023921758092],[79.13030094126397,9.214988934370215],[79.12969131935932,9.214988029027067],[79.12957107087539,9.214928640816574],[79.12937441259172,9.214692567814927],[79.1292157683159,9.214580997682567],[79.12912475819783,9.214585044686386],[79.12892642186122,9.214667639377792],[79.12868897557202,9.214833653354429],[79.12832559176826,9.215157220863235],[79.12788408238252,9.215629549638644],[79.12772872594067,9.215757568983996],[79.12721201858248,9.215822685265689],[79.12712771438802,9.215849368439828],[79.12706371301728,9.2159077970648],[79.12704754064724,9.2159551762678],[79.12707232426759,9.216000507142494],[79.12722458421669,9.216028421069696],[79.1273929680268,9.216017995909798],[79.12831039856184,9.215882638166326],[79.12867949026095,9.215771551672344],[79.1289350025688,9.21563049222241],[79.12919752982071,9.21545330682485],[79.12944154908278,9.215334788586151],[79.12994027216897,9.215228893673626],[79.13019291525778,9.215200823620247],[79.13051064398387,9.215340341233793],[79.13064240707313,9.21537266665035],[79.13095177428056,9.215372012250207],[79.13139332229385,9.215324582425916],[79.13153654339456,9.215341144603103],[79.13167507259452,9.215384806747737],[79.13174080142554,9.21543035139536],[79.1318316336772,9.215460202852634],[79.13225216919766,9.215948310398124],[79.13261269007062,9.216169412083316],[79.13320783742107,9.21632844599175],[79.13323708656672,9.216389620704579],[79.13320719602397,9.216450490375701],[79.13309109236675,9.216467969366821],[79.13278205663767,9.216405343109495],[79.13254332216438,9.216383763928992],[79.13174106103864,9.216246254259115],[79.13133633496885,9.216212511945741],[79.13111107073327,9.216224903842413],[79.1307080496659,9.216299655123448],[79.12960547724909,9.21660356629976],[79.12781761872961,9.217019174299084],[79.12741889610086,9.217141407314966],[79.12646237627453,9.217355661031828],[79.12622111843362,9.217381527424727],[79.1260619737962,9.217364877558314],[79.12596435297596,9.217328208301899],[79.12569228561573,9.217157283975078],[79.1256036686096,9.217138740958168],[79.12555577043867,9.217163352663073],[79.12554194267148,9.217197181783824],[79.12557314475457,9.217319390796733],[79.125552135855,9.217420986283773]]],[[[79.23573086388008,9.243476528427484],[79.23561258899483,9.243585060620953],[79.23538964420929,9.243652936338185],[79.23506653726957,9.2435445282967],[79.23484353499188,9.243431570818336],[79.23446127488901,9.243323177781742],[79.23438845565546,9.243277989623728],[79.23428835638337,9.243300622272768],[79.23411543697938,9.243282586908402],[79.23380148027914,9.243332404269267],[79.2333874422731,9.243472665291876],[79.23315994213078,9.24352697705586],[79.23289603057503,9.243558696079717],[79.23279591513325,9.243527077247315],[79.23274584034439,9.243454757613994],[79.23274572895328,9.243084050655249],[79.2328548742603,9.242871543316728],[79.23306411255122,9.24261831988208],[79.23358725723672,9.242143489652548],[79.23428779224135,9.241438046858663],[79.23447886120735,9.241293327806599],[79.23477458390391,9.241139537315146],[79.2349110631484,9.241040040284334],[79.23537501424656,9.240452203386273],[79.23559337313259,9.240271309153771],[79.23566161634808,9.240235122848198],[79.23582541515698,9.240198910825779],[79.23602107900567,9.240203375151856],[79.23622130180439,9.240234964136306],[79.23726795139979,9.240496872325402],[79.23772758070312,9.240659488885854],[79.2381371666586,9.240849244168864],[79.2384602969545,9.241034503114518],[79.23863326127425,9.241206244004479],[79.23866059341509,9.241301172937485],[79.23863789208954,9.241459408162086],[79.23853788444558,9.241771374192325],[79.23846056465247,9.241888936599395],[79.23835592798986,9.241952259674383],[79.2382285262213,9.24197490038851],[79.23770067795697,9.241938887155554],[79.23750047042962,9.241957028100595],[79.23718197544059,9.242043014926098],[79.23699999113707,9.242133483765265],[79.23674978338097,9.242327949929384],[79.23644500386969,9.242626412359499],[79.23573086388008,9.243476528427484]]],[[[79.20045363010891,9.250681944697568],[79.1804225009319,9.24962723116046],[79.17931051506923,9.238198738982653],[79.19980329925056,9.230356459352773],[79.20383677170716,9.239722836896929],[79.22364618319736,9.247150655331906],[79.20226729902316,9.241490779803295],[79.21774062797684,9.250422893725],[79.20045363010891,9.250681944697568]]]]}},{"type":"Feature","properties":{"id":"d:786","name":"Ranipet","district":"Ranipet","state":"Tamil Nadu","dtcode":"786"},"geometry":{"type":"Polygon","coordinates":[[[79.78988965278936,13.024571495670275],[79.79159392935988,13.053746041107543],[79.77908708271445,13.053669065410453],[79.77588847483847,13.062819948889219],[79.76210470086443,13.05178622497295],[79.74771501772281,13.049583604646632],[79.73721849288542,13.061009091936906],[79.718614131823,13.053735006076373],[79.72577426069462,13.067964591264],[79.73811942226702,13.065528278313854],[79.73632938982452,13.095118692614568],[79.7014732880552,13.099415052638003],[79.70222805974342,13.110799610750176],[79.7189133920852,13.104910017825201],[79.72409128317949,13.11667262633902],[79.73605320997696,13.117883772384307],[79.73653985521412,13.166943289578544],[79.69486286884866,13.159043347799585],[79.69181882959205,13.17723975258667],[79.7007908702732,13.181187595289426],[79.70075689509083,13.191645794583737],[79.67013740810155,13.183245909156518],[79.67151065818481,13.203791531763969],[79.66120642941205,13.210423167835438],[79.64813271078805,13.19949608763989],[79.64494880833325,13.179058900685604],[79.63009709469158,13.172867536839345],[79.63458445442022,13.147639388009337],[79.58917259739525,13.147545621619614],[79.59928814941561,13.131678866753507],[79.5943876742507,13.12198373238666],[79.57091169730025,13.121888937862405],[79.56845924177738,13.137498918760254],[79.53257712381641,13.13648430667272],[79.52264509581195,13.144186144790652],[79.50030581737764,13.136099375249161],[79.48268780919213,13.139915302001482],[79.481714556447,13.128160292742413],[79.47418840362302,13.127123680064747],[79.47528774300308,13.107666541234526],[79.46454399281632,13.107349352819185],[79.46241902531679,13.09540485780339],[79.45093762083954,13.093247795822416],[79.44366251300148,13.11401264535552],[79.42897652864823,13.116501515848723],[79.45352469609428,13.126484031351199],[79.43861128526054,13.12506412859135],[79.41877714135398,13.14995699677141],[79.41331275685434,13.118750196979237],[79.40161290725278,13.104211944377735],[79.42033782941284,13.103812046712713],[79.41675236565304,13.084631506563476],[79.37950821666837,13.080118844114272],[79.33494694474152,13.060554038948554],[79.32473168421619,13.077681158392428],[79.29873955400268,13.08674954966544],[79.29338145637081,13.101413797615523],[79.27245434303785,13.087019997619963],[79.294543849399,13.047188209781654],[79.2659796844236,12.98741540405861],[79.26785374976929,12.940141038317167],[79.25179385237614,12.95179416897562],[79.22325920604092,12.95643051859789],[79.18813781290358,12.925960158273233],[79.19133124917846,12.908070751194295],[79.20582956828234,12.904853593663994],[79.21090365904554,12.895211699427174],[79.1926026940889,12.888346778751599],[79.17819784918191,12.82003061664646],[79.20868149742553,12.784729326774517],[79.2381317300545,12.797645240817065],[79.24020879039992,12.808595588570507],[79.25232352601711,12.808119632578292],[79.25025207744727,12.823901203600341],[79.26175521396789,12.818713590990535],[79.26165590072164,12.794723193581946],[79.28781020199675,12.779149878241997],[79.28362574430042,12.763379198958184],[79.28949133257565,12.752873036236295],[79.34338681985507,12.731539851352188],[79.34781380740674,12.712996145883011],[79.33894427797425,12.701225530602086],[79.34512772972285,12.694889836594115],[79.35774098630527,12.696803101219198],[79.35564424566863,12.718949439191615],[79.36685950986993,12.714182005587096],[79.37978223876264,12.733472473383236],[79.39547287377682,12.72938176262319],[79.3923782809293,12.713924499264854],[79.38007237932807,12.707768903183947],[79.39494656612321,12.689833203677734],[79.3533662079396,12.668238043191709],[79.3605699473233,12.667068103920919],[79.36243525229837,12.651750891303072],[79.35181753394936,12.646366922629102],[79.38291698989664,12.628267034171175],[79.40990765773557,12.656088961693941],[79.45097744674936,12.671181768673785],[79.45900985772812,12.686853908435955],[79.45499009895265,12.699098941930233],[79.46546359188446,12.700542102704555],[79.46261920319976,12.716963098413219],[79.47532651159581,12.731399322623451],[79.45338587673848,12.740260284713669],[79.46752516796933,12.756653395917118],[79.46229849476188,12.7985298246874],[79.47645566516186,12.799528446656765],[79.47714923642641,12.807130265939756],[79.45736055895131,12.81046777718975],[79.45699762969507,12.844198142858849],[79.47288682562468,12.851311553720457],[79.4725588596976,12.874266963570337],[79.50063298290578,12.87200630241259],[79.5086235368839,12.857181221397825],[79.53917559273471,12.862933621673733],[79.56438413240734,12.855795768122112],[79.55701003741147,12.884900230567759],[79.56827476914053,12.899569444709785],[79.66308009860073,12.930435126200644],[79.65888470211921,12.950584079888271],[79.73409904994217,12.98679000029084],[79.74873827878149,13.003745508004178],[79.78988965278936,13.024571495670275]]]}},{"type":"Feature","properties":{"id":"d:608","name":"Salem","district":"Salem","state":"Tamil Nadu","dtcode":"608"},"geometry":{"type":"Polygon","coordinates":[[[78.62682174996868,11.86922280380113],[78.59583747780374,11.822759578604671],[78.53939719358011,11.80659687796374],[78.45538151462445,11.826352224579823],[78.43507878161789,11.854665464657462],[78.43307025644042,11.862232346614071],[78.44148321623143,11.868346226152424],[78.41437682562099,11.880143285192036],[78.4031462855683,11.873545168910974],[78.38056765461975,11.825715396701035],[78.32828345210928,11.775981266642454],[78.31287216440236,11.782685625287533],[78.34558598634001,11.824198878772615],[78.34800568299943,11.848485116213068],[78.3675567812347,11.880565179595065],[78.36574790573081,11.89183785456522],[78.35313114571882,11.894160166229957],[78.35894004131642,11.911702672619782],[78.30914847507314,11.881188953682363],[78.32639136296568,11.899584630119884],[78.3315047145984,11.92224420792725],[78.32438853490375,11.930084994079703],[78.30230750774054,11.92274824740737],[78.28007294412224,11.899567213396953],[78.26902077355236,11.900250057273107],[78.290755874771,11.932096593380935],[78.27502569322309,11.931440160792016],[78.25794970063228,11.912363511764061],[78.27275556156692,11.937920908618663],[78.25700069700994,11.940219580678775],[78.23579247657003,11.917964712291582],[78.25327740743103,11.95106129558708],[78.23486558408008,11.979260095723124],[78.14485915997054,11.96825007279592],[78.10059629221139,11.95576002140083],[78.07372239457959,11.937599053934019],[78.03904338039717,11.936337756436728],[78.02686234641709,11.920450308823355],[78.0112974414067,11.921307407373915],[77.97034589044725,11.895558696902688],[77.90508279996574,11.900285963899911],[77.86708896555398,11.91574487791861],[77.85005257609076,11.904900057394403],[77.84774071589301,11.894295919834196],[77.80741753916976,11.909077518588676],[77.7626667730236,11.909907439895505],[77.73674883107614,11.94055464882221],[77.69132793879602,11.941838038285162],[77.65353221973533,11.954670612370538],[77.60345201041822,11.937656730062857],[77.56106958963659,11.941915728106137],[77.53798391001581,11.932385394599446],[77.49536537424827,11.944054641051197],[77.48307019942985,11.8995744573263],[77.4862003520879,11.887410294636457],[77.4616279606719,11.899983508281512],[77.4663987325845,11.846312717879345],[77.44980338897633,11.796010253200526],[77.41539356485028,11.740143099915382],[77.41942536015227,11.728830119782858],[77.43505392068198,11.73150239456289],[77.43438395175319,11.715263889102987],[77.44318323382878,11.716587127022816],[77.43561569202636,11.7027656758502],[77.43969898235372,11.673736544199993],[77.45402601698738,11.666075276396487],[77.43762210526458,11.645047997273284],[77.44501789816783,11.618387552317822],[77.4586244048919,11.606637317418429],[77.44970708688292,11.595425335838794],[77.44470634176604,11.561374350766538],[77.49622667175616,11.551767331772153],[77.49328704099007,11.558784835358534],[77.5163127526757,11.57933588915725],[77.51225054041822,11.59135246067927],[77.52874341589686,11.586303838115931],[77.53727951944197,11.619234998816012],[77.56430451011127,11.660871757705943],[77.57672657106525,11.652472964070286],[77.57179130864101,11.664975051724612],[77.58180708657939,11.67594843003222],[77.5783946509197,11.685287686360292],[77.58901814094445,11.684987995230301],[77.61066006980013,11.652248129794833],[77.6227511366062,11.664873847403358],[77.61839063696199,11.67618322912508],[77.62501331996877,11.663681598847315],[77.63433505502707,11.663961454945676],[77.64918732921747,11.70478593790816],[77.67546620616123,11.725286037881915],[77.67270592044841,11.732844031285545],[77.68626453439141,11.74247610915557],[77.71445637642768,11.797138607053373],[77.72153827641104,11.791423166182922],[77.69096149892363,11.718508804571826],[77.68989460489496,11.694751368250682],[77.69822132731701,11.693472071005118],[77.68963235881577,11.66368934782712],[77.69548817162405,11.639645853704955],[77.70547019806058,11.634429023182982],[77.71496219710292,11.649286682638394],[77.73421298764036,11.657868919772985],[77.74562210558503,11.654610150596069],[77.7705504400593,11.697062874966084],[77.77651772660784,11.695704635010497],[77.7358974931898,11.601322669836394],[77.7461990027622,11.570648198291005],[77.72406383683177,11.536660247082732],[77.73244330383574,11.511661320766521],[77.697604706638,11.473273694236223],[77.69658993106553,11.464428057935917],[77.71195019805752,11.463805008857635],[77.70867896139085,11.449169762415975],[77.7208230898841,11.453125948201825],[77.73199632909979,11.444687817782473],[77.76103896733827,11.450986956314049],[77.76551401655426,11.477711637211414],[77.77404971855245,11.482533402247105],[77.79145583841692,11.465588904821544],[77.7842939209996,11.450810283045204],[77.80408073896207,11.448443240984803],[77.80578246791042,11.459065915757764],[77.81457621816048,11.45833579333665],[77.81582052406783,11.467398964191439],[77.8082178024423,11.468775717135404],[77.82976922513481,11.469865175887447],[77.83445020055328,11.457033441860808],[77.8200181887955,11.446132711016624],[77.84989520203278,11.434638336689797],[77.85248154066898,11.41510715328348],[77.86458120794559,11.423678257715896],[77.87667284158861,11.413580803283065],[77.88014563056065,11.42347989341751],[77.91093982460133,11.422226457588106],[77.91570003322448,11.458680696029797],[77.92413055058773,11.451510697974166],[77.92326129041317,11.46096686661146],[77.94114161833973,11.459797653600182],[77.94854097036811,11.473989229176263],[77.97194261442374,11.46824692327099],[77.97773753582884,11.530621793253246],[78.03466023781787,11.528626095818122],[78.04365733610555,11.515082263382817],[78.05400222622134,11.51339469098392],[78.05509063310443,11.522213726280889],[78.05874991322774,11.515665105429896],[78.07087925365482,11.527967003061484],[78.07889656305537,11.523972817971645],[78.08312640274153,11.55405479175561],[78.09034280477744,11.545417987804983],[78.11013475840838,11.555902300018744],[78.11916596303244,11.539101694416612],[78.13874747103672,11.544028698004574],[78.16058852944143,11.538811233024294],[78.16681442658722,11.548714067344171],[78.20146929674975,11.553087747683344],[78.2073626402723,11.56450403005902],[78.24360432599373,11.552708462739067],[78.26622528016858,11.55984208524046],[78.2771009299885,11.565803644331181],[78.26432909201232,11.566996558904622],[78.27192957683282,11.578674912680423],[78.3032468787281,11.588760360110593],[78.31926276496056,11.57849013527721],[78.30726928573706,11.564610649868161],[78.3294849371237,11.558490813236334],[78.32324942980097,11.542606035798052],[78.3100669692135,11.541188282028177],[78.32848161596935,11.531284220956527],[78.34521940004223,11.541606190382275],[78.37449436057948,11.588535920577153],[78.38287016784696,11.575197268060567],[78.38585467934298,11.586474838197967],[78.45162121086256,11.597061527915335],[78.44881250775249,11.565480432174834],[78.46063376466469,11.561346113989945],[78.45432583965537,11.542345328822414],[78.46653545712948,11.537528140145128],[78.46162861201094,11.529235165844067],[78.47024563939009,11.529277878813248],[78.47340528463722,11.520046881083504],[78.46181148474825,11.494909823146667],[78.45773460390046,11.502373288385323],[78.43292052614719,11.495390952717331],[78.4360305233052,11.485862028582293],[78.4259139507987,11.47090667568797],[78.43769918257304,11.464784442299509],[78.44540132434435,11.439660036656317],[78.45799718325465,11.438816344027217],[78.44855176814804,11.43094911718839],[78.44487550717088,11.40312397264348],[78.42702314559574,11.384942781583748],[78.44739465631538,11.400158292221189],[78.48981022493105,11.414140074675288],[78.48622032978193,11.407419937784551],[78.4962820385808,11.408885194735767],[78.5098034874239,11.396793151273357],[78.5034683290884,11.380497484439111],[78.51531075480025,11.384478037951155],[78.52348424529609,11.370667636329971],[78.5424177571634,11.3694580944239],[78.55343789740353,11.358653583285063],[78.55292174340757,11.320051364613146],[78.57528751315965,11.315735238877481],[78.5836508931335,11.329787076362999],[78.5931315590302,11.326870544432756],[78.6045246043178,11.338769610274323],[78.64206617201829,11.342757508892559],[78.66318572963792,11.373786845608642],[78.65133333082981,11.422419984289284],[78.68835223174855,11.435496454382402],[78.70319412860079,11.45698637837142],[78.7413485476494,11.449647511581958],[78.78918165811416,11.386500535615555],[78.79883952837874,11.384234321427902],[78.8014274103206,11.40221161068714],[78.82278564941295,11.427077404816657],[78.81933733773576,11.439556744362541],[78.79044628840485,11.457204701092326],[78.79843523799188,11.481882371092537],[78.80973629040447,11.481939630906536],[78.81026589757012,11.507920977006862],[78.8338557099317,11.506628564615944],[78.84304725574916,11.523019816084073],[78.83472092858582,11.539996049745165],[78.8146615635628,11.544720104404933],[78.81617024455659,11.561711448409373],[78.82932796643945,11.578153668588564],[78.81762589171097,11.590866276400373],[78.77534171428205,11.605973402282963],[78.77674188597605,11.613355178294592],[78.78643429376838,11.61348510891273],[78.78984039540698,11.628881544023566],[78.78625057032647,11.641301489235179],[78.77357849744911,11.636605186838873],[78.80648946006573,11.661344896787833],[78.80460646905934,11.68824770770077],[78.78064770423757,11.703341697393917],[78.71794968657446,11.683196873997842],[78.69316693217684,11.689346749206162],[78.67786978440994,11.671836014406711],[78.68009971016896,11.64357139339801],[78.65906723613126,11.64794155989252],[78.66002065856648,11.661626270210515],[78.64587407571042,11.660440206610076],[78.65267045606222,11.715267538572734],[78.6379109868238,11.721241234572808],[78.64317319738393,11.768336177593488],[78.66224899610408,11.779874417288726],[78.66528803174454,11.796652300433017],[78.69224817393182,11.803884406574115],[78.6952046391263,11.851230722618503],[78.62682174996868,11.86922280380113]],[[77.5321323992394,11.848475738924174],[77.54474141757034,11.83712568911018],[77.54954499236382,11.808402569294232],[77.54188975343014,11.801534374933201],[77.57347804830052,11.801158338561715],[77.57191802140171,11.785497916048524],[77.6060353441898,11.791553662151932],[77.61708304564115,11.785673905032898],[77.63541980037704,11.753875924042173],[77.6315499147269,11.72922735386806],[77.62076964443061,11.737242531362083],[77.61339129411523,11.766264700720257],[77.59068253770621,11.773340699880377],[77.58517552724801,11.757998927413922],[77.59601744982061,11.749782078307824],[77.57160170662387,11.71144134171561],[77.55705789144412,11.766499605958264],[77.53992864582494,11.75237410642546],[77.54768366962041,11.744409261672361],[77.53882429115063,11.739279901299524],[77.52843011227186,11.75133735474454],[77.50978594865585,11.753257770884789],[77.47640551928521,11.713846299999307],[77.47197682942607,11.718100859211583],[77.47167342074391,11.693996440090347],[77.457353896026,11.677995946204812],[77.44997306007227,11.696927195270927],[77.46463805708552,11.742191394001281],[77.48043277090851,11.739183631035568],[77.530749353028,11.77840170907176],[77.52659882739489,11.811260667121445],[77.53527915276393,11.82573678706983],[77.52501677739856,11.844613066806785],[77.5321323992394,11.848475738924174]],[[77.55709376835995,11.820414288082352],[77.55753442434617,11.819831322654482],[77.55587831005128,11.818795825354508],[77.5535755048716,11.817176962661343],[77.55208917575868,11.816195755239269],[77.5515477880864,11.816145883376546],[77.55020752414039,11.817709373690624],[77.54900500606338,11.819010826428796],[77.54860109207063,11.819544058646533],[77.55051396643324,11.820914210153042],[77.55176646856928,11.821511213339061],[77.55279922212554,11.820214215420835],[77.55364323874232,11.820779483070218],[77.55523512169775,11.82179686535489],[77.55560673317123,11.82208178904484],[77.55709376835995,11.820414288082352]],[[77.55831753339004,11.662681490366602],[77.55233373670488,11.663808927367477],[77.55530130597464,11.669425697739097],[77.55831753339004,11.662681490366602]],[[77.54898234965363,11.64100093587974],[77.5458297013842,11.63636433873228],[77.54069484677855,11.639756923204954],[77.5438374303235,11.644400276298278],[77.54898234965363,11.64100093587974]]]}},{"type":"Feature","properties":{"id":"d:622","name":"Sivaganga","district":"Sivaganga","state":"Tamil Nadu","dtcode":"622"},"geometry":{"type":"Polygon","coordinates":[[[78.50556692384782,10.375896815441216],[78.50774129778968,10.388971187092775],[78.49202275032299,10.387961778397038],[78.49035886110934,10.395827893677893],[78.44749961457488,10.408993790395435],[78.43859537962969,10.38367200491353],[78.44893990413117,10.374904966419523],[78.43663303055281,10.362729218096405],[78.39216357183784,10.354302904014482],[78.40425693294118,10.343602431384864],[78.39203479205368,10.317818412290142],[78.37867310768556,10.31008401837149],[78.39063742220502,10.302236396755985],[78.38574390718696,10.28930341602458],[78.38129805860761,10.293855530075477],[78.3867022137624,10.270340105061907],[78.40622869726057,10.275668926219002],[78.42422078818488,10.270681074252485],[78.42508186021564,10.258570606161783],[78.41060428860156,10.257107493042458],[78.39241133887133,10.241632880420322],[78.41253545086674,10.213089388819172],[78.39462244043355,10.174056069129787],[78.41303254890059,10.160656160711522],[78.40169288240548,10.138569878837469],[78.42533910357703,10.133319383750448],[78.42588517326855,10.12202700467191],[78.43267563282433,10.135099335585263],[78.45157415710796,10.118966818130062],[78.47356898642808,10.121908853256151],[78.45636444042853,10.099184036141457],[78.46186843344569,10.071607685572278],[78.45418665558354,10.070162883715058],[78.45289335825552,10.058925134407197],[78.43739901321578,10.061097882185717],[78.42773234125806,10.0530030928537],[78.43071303940566,10.0360325981331],[78.44348795321338,10.034344307767583],[78.4444849412449,10.024408000595413],[78.45609533391547,10.018058885804166],[78.45648003743594,9.992149600984675],[78.44767280976164,9.986234021402025],[78.45655684069777,9.968502561425236],[78.38889481811461,9.952227597389406],[78.37203230386287,9.962344480172396],[78.37034621907517,9.934642382136662],[78.34530903394128,9.939979306430997],[78.31711043298083,9.926209836567052],[78.30960999083858,9.865252881959787],[78.29453582738309,9.861429430115784],[78.2873352851035,9.870183803208738],[78.25027188164557,9.873665574400082],[78.26699027468473,9.856217889415591],[78.25843774634299,9.834163444143963],[78.23921807973517,9.845306078062402],[78.24867725074374,9.860184692439374],[78.22516001237562,9.860992077206745],[78.20873426889646,9.87547108473134],[78.18102514286633,9.867786595688957],[78.15128496460638,9.874715003904349],[78.15084154001246,9.852220616260482],[78.12500888232144,9.854644053366108],[78.1323800200634,9.833216634578195],[78.1278358176385,9.814135138342362],[78.14231619738614,9.812263579039042],[78.15173364793797,9.82770546842564],[78.16906844067059,9.830927235717855],[78.19344544042744,9.806625698850088],[78.1754332532919,9.772100029220569],[78.15993847975577,9.774569831012773],[78.17227329183778,9.796950197992304],[78.14088041108437,9.809176011439119],[78.14553777877718,9.789221961425868],[78.13391170242008,9.748093176823595],[78.14605140940552,9.742907766574488],[78.16301295573084,9.757530460273367],[78.1722133490555,9.748127086425825],[78.17329072911843,9.76016368567829],[78.20428841672383,9.763587526079686],[78.2102262996165,9.782532055270027],[78.23782305538772,9.757367561340853],[78.27688679228599,9.740598853257675],[78.28013457483895,9.729899621933995],[78.27194632502297,9.729124002261084],[78.27785304266348,9.696084705930593],[78.27124331156648,9.691806096429557],[78.29165999137524,9.67464283602664],[78.30229263792765,9.678971766568038],[78.29551401996395,9.693458680310473],[78.32482957357227,9.74266280184395],[78.32823186635409,9.725557442167423],[78.32101284303415,9.707170785380079],[78.3427776677089,9.680909214736602],[78.33925873317904,9.658111340637427],[78.34973626763133,9.666014511217881],[78.35606309588918,9.651547475165831],[78.38973682340345,9.65285655616784],[78.38967268459048,9.631442276420609],[78.4000489690288,9.611903758039656],[78.40900953642713,9.61956572705869],[78.4164518288244,9.608864723341922],[78.42338920514995,9.608154224704016],[78.42617353067814,9.617190649633683],[78.42946126221008,9.608827085003231],[78.43911363927668,9.609250600436003],[78.44016231187811,9.61527648497796],[78.45574150728804,9.616878327625473],[78.46148100713162,9.636447009314656],[78.47711815465716,9.613198004948408],[78.50299082420923,9.61092963793825],[78.49425502427815,9.599780159570715],[78.52010266856304,9.578889934653178],[78.57137290218816,9.566724269909122],[78.57578926356834,9.576064691613153],[78.58712638064468,9.572341377756779],[78.59757139428704,9.560905379207771],[78.61683248939914,9.558085923602343],[78.61682896890156,9.536174269860068],[78.6575147119617,9.520139049430446],[78.661805844598,9.536119284598197],[78.65422812129016,9.543199179610664],[78.69378317915668,9.57676496721288],[78.67894624729301,9.593850772899515],[78.68443668742748,9.605585607214959],[78.70100114785447,9.593544296582024],[78.74673896486854,9.58529576987528],[78.75382607418226,9.593321981568414],[78.77386018127443,9.588315525599707],[78.78222063274048,9.595885594587283],[78.82127411896306,9.599746445804051],[78.8268242674195,9.614317435880855],[78.8186640135994,9.62446486289505],[78.80269829917387,9.62109810675924],[78.787780648292,9.634068543424258],[78.79479975783367,9.637402042991143],[78.78546557841375,9.652652256910743],[78.79525239465083,9.666162519609315],[78.79429890843521,9.705577510654388],[78.77806001543347,9.71955067040301],[78.7551639225585,9.717146908114433],[78.74492076664862,9.707624484384128],[78.74285011668107,9.743478113402121],[78.73279003293455,9.74902796982888],[78.73348192794279,9.758360685840048],[78.74431489700694,9.760292155203881],[78.73755843958301,9.780808740108068],[78.77418245727253,9.78678861212884],[78.7821828657693,9.795402810923738],[78.78037059643029,9.760444500668862],[78.78972048379126,9.781698495940162],[78.80014743860153,9.783875669146969],[78.79602004368866,9.794891281279366],[78.81455907117875,9.779810339165383],[78.8282975592827,9.792945160561937],[78.83122546613602,9.780839457678892],[78.82037984969097,9.774784556105356],[78.82643753999476,9.769446835818169],[78.82165395990286,9.760861298368049],[78.80538055632283,9.759506332106533],[78.81532609498915,9.731553322849138],[78.82633982844467,9.731794959587202],[78.81663606325222,9.743890273569653],[78.82308301602649,9.74976379588728],[78.85112721096264,9.74704167642585],[78.8553128750964,9.765255259290859],[78.88225599690396,9.744565926339542],[78.89327489657065,9.772868926148753],[78.88748718594236,9.786358572693363],[78.86647689130903,9.789323646667347],[78.87208678581673,9.802930900825126],[78.86411483415152,9.81163718755928],[78.87402777744778,9.824724767175834],[78.86608260366286,9.834140796689084],[78.88030832719711,9.87291873956795],[78.87249009793827,9.875526964814892],[78.873985079624,9.883433504927796],[78.89207455511162,9.879012391157142],[78.90158962917863,9.89440460688055],[78.8932060505856,9.911519850342051],[78.91599019900316,9.927114324401508],[78.92969115459623,9.925955398862998],[78.93554219285876,9.933969504436112],[78.94395604557519,9.916848689306475],[78.96293808623082,9.923865176566224],[78.96394130228222,9.942851335076568],[78.98968890478719,9.94014080128102],[78.98869393976165,9.951483139332572],[79.00330674555521,9.956213955254896],[78.9963884674126,9.966017178574969],[79.00288739940416,9.978780335404236],[79.0137896986453,9.98172277336699],[78.99383419234384,9.995927475381723],[78.97395863430604,9.991458158118405],[78.96485746978598,10.007491029279947],[78.93022652625106,10.021764543641693],[78.93203949537767,10.0373872393081],[78.92463367458093,10.047044100833356],[78.94440393569438,10.059436308266097],[78.93422507400605,10.0719056349346],[78.9601215641845,10.095271676614624],[78.97336985421431,10.081810752230549],[78.98697500987222,10.089365049336209],[78.9676886819821,10.126646645381477],[78.94786605088422,10.105567511331833],[78.91348928835384,10.127763654802333],[78.91352281527689,10.144611567564837],[78.90006407423054,10.15667323537119],[78.8965321716212,10.147252678815523],[78.88186814658512,10.154530960039773],[78.86227340998994,10.126444417931543],[78.84789325707521,10.12606799390469],[78.84838475411323,10.137468760636516],[78.83305025260017,10.139238821676805],[78.82954833665339,10.15452208223072],[78.81361754782776,10.166615943573227],[78.82323465973128,10.19810305192597],[78.80989741403047,10.212999849906984],[78.76888588615277,10.199060494049222],[78.767187512412,10.163433963629664],[78.737319691635,10.158562602342737],[78.70851539710264,10.175602104138248],[78.69133431509832,10.147751349401036],[78.6783105472957,10.146968758309972],[78.66804290241288,10.154286928962232],[78.67037629343136,10.176015510160521],[78.66421314630311,10.178954568251196],[78.67323092291029,10.204699372157677],[78.65202055190365,10.219647489712884],[78.65061144107422,10.236593078803523],[78.64138063079403,10.241039464261341],[78.65167476340132,10.254283584263925],[78.63622403156862,10.269232144023201],[78.61157173141486,10.270367496035552],[78.57792778395057,10.287234916402394],[78.56945396240074,10.281069121086745],[78.57683850659997,10.266254618607308],[78.57062855005888,10.256770112245336],[78.55346539842763,10.249485664946912],[78.53845408560099,10.257660621924689],[78.52759317264331,10.238545352689936],[78.51894699313654,10.23664231673282],[78.51615478219678,10.190470502416336],[78.487816246173,10.19052113028912],[78.4705206514278,10.202903284985604],[78.47273409220301,10.219863589201907],[78.48774382399476,10.234405969270922],[78.47892912143901,10.242812191880763],[78.48564573229191,10.252402593583426],[78.46455688358023,10.24040225512739],[78.44775373090077,10.245423785100996],[78.45292942830913,10.267168316276122],[78.51454938857951,10.267646807135929],[78.52141175108726,10.326279377758347],[78.50945367267245,10.346962185919288],[78.49774459108478,10.352112717771929],[78.50556692384782,10.375896815441216]]]}},{"type":"Feature","properties":{"id":"d:624","name":"Theni","district":"Theni","state":"Tamil Nadu","dtcode":"624"},"geometry":{"type":"Polygon","coordinates":[[[77.71255372040137,10.025860401255613],[77.70630823099926,10.038220878771746],[77.71259558458858,10.047884354750916],[77.70889957594652,10.080243153290295],[77.69693577256844,10.086669292292916],[77.70253634975002,10.10273855990811],[77.66862985257595,10.122367464978064],[77.6754782696372,10.126611430837265],[77.67637939485154,10.144630067404712],[77.69211107658599,10.145364458278026],[77.70786612978915,10.128902092584461],[77.7294510497603,10.131382712111016],[77.72392565887307,10.146170871023818],[77.72928144873298,10.15906634758893],[77.71224242540934,10.170014988910054],[77.70127400387508,10.195164963401439],[77.71002896487119,10.206301390971712],[77.70654019756518,10.215858495357521],[77.69321122714476,10.196911371832224],[77.68148889271167,10.201483502116382],[77.66443003278995,10.188783033204329],[77.6222063847432,10.218746154017804],[77.59578031614518,10.205793040760113],[77.6030047410349,10.199962334650436],[77.59831889584926,10.194311288321403],[77.5890460327357,10.196760257773755],[77.5697466298666,10.181269906425994],[77.56681878140381,10.195373312429119],[77.54818484331066,10.203994082875669],[77.5462283799955,10.18284668959579],[77.53805903612304,10.187712951961823],[77.51180390344885,10.160897844613345],[77.50001385939954,10.160965540972903],[77.48775175695663,10.147743241596636],[77.48263446082149,10.153933400703819],[77.46804463393289,10.14225203204824],[77.46564590844379,10.128767988004583],[77.42757926467995,10.136080494085787],[77.41142925638232,10.145019339300356],[77.40874754630735,10.158449939572446],[77.39543375741525,10.16279488730188],[77.37207786006543,10.139306430652265],[77.3603242085649,10.151032016008775],[77.34146892289083,10.136022109395638],[77.32929080304554,10.142679001782282],[77.3237228418953,10.127566038892535],[77.30248338343971,10.136001263023775],[77.2830396329826,10.117773819024272],[77.24459506079218,10.130948432660917],[77.20789194734022,10.11770195976675],[77.20328239427505,10.088807004169896],[77.26189970786048,10.029725212381049],[77.25319359904616,10.012812329418445],[77.26613127590522,10.001889738308039],[77.2609106762074,9.99267896673502],[77.27285475887003,9.964194675367807],[77.26101230531043,9.952486853604338],[77.24654236129143,9.951396482045391],[77.23006224458479,9.912467291323546],[77.21825256426166,9.904294420681232],[77.22074646176355,9.884483202398656],[77.21245005658402,9.87688481491778],[77.22132924021088,9.863133288357961],[77.236307480662,9.859603934559003],[77.23718402886846,9.851380753635748],[77.22293527971684,9.844879723109289],[77.22177782023621,9.822451408589],[77.24115365805785,9.815634560280305],[77.24666602696672,9.797886555973388],[77.22266345580009,9.787791772396885],[77.23239972742938,9.768573655261306],[77.22023381479048,9.74503908158033],[77.2239083635787,9.73037335664191],[77.20355571478507,9.722106368437528],[77.20671616222776,9.69465635975218],[77.18114623301129,9.659206263827036],[77.16586297769025,9.612862728952683],[77.18867937742314,9.606100974041397],[77.20895728997836,9.613443529086252],[77.23430179595748,9.581545290178026],[77.25306707942323,9.582966368301808],[77.26971372222401,9.572769118882999],[77.31781874194552,9.602504873256226],[77.3298992517504,9.59899445512822],[77.32536116236099,9.58003404092497],[77.33949082275373,9.573313943422807],[77.35458691139034,9.604069557325106],[77.36112810192951,9.602261747710198],[77.3661435569592,9.595955751868647],[77.35747550796684,9.594431709275796],[77.3598908172544,9.57738001555824],[77.35026319955362,9.567081123181623],[77.36508454115558,9.552729163692787],[77.36561838118283,9.534999140564844],[77.38517837363776,9.519231526043496],[77.42786973223214,9.546517605566299],[77.45478457687118,9.541531358303812],[77.47307169699268,9.548497990563211],[77.47499408990407,9.567457099167823],[77.4643256293179,9.579832774009901],[77.50627398864584,9.638476430062354],[77.50363189157997,9.65019747861595],[77.5353459065727,9.67504432163567],[77.56631236514552,9.747779422755487],[77.61206588560906,9.799147653140059],[77.62564241555212,9.835046246691952],[77.6170362946188,9.840393767572472],[77.62000740055582,9.86217409698279],[77.64484790404983,9.888262400771447],[77.65411814587941,9.918563326656729],[77.66860726174318,9.914326339008543],[77.67904605006063,9.932845806934541],[77.6731950944431,9.961805253883442],[77.69190108011693,9.968099509960474],[77.69792099805969,10.017310757644523],[77.71255372040137,10.025860401255613]]]}},{"type":"Feature","properties":{"id":"d:790","name":"Tenkasi","district":"Tenkasi","state":"Tamil Nadu","dtcode":"790"},"geometry":{"type":"Polygon","coordinates":[[[77.33937488618317,9.420136716008763],[77.34359645777545,9.400836610709103],[77.32528831977126,9.337114704363787],[77.2999727449342,9.33665303427974],[77.29953742494075,9.310911975367404],[77.28298734474483,9.301332729272824],[77.28852884422172,9.274173717573994],[77.28175334610704,9.27231836910804],[77.27410668159271,9.235822952976779],[77.28171242784585,9.21657005722735],[77.2514881546658,9.189057476338405],[77.26515944159995,9.181260479830346],[77.26681438988157,9.15246078999407],[77.24728396906751,9.124601681377422],[77.21240695631501,9.100482391584451],[77.1974557479674,9.04697272840811],[77.1674670400043,9.045299484392826],[77.16109897907492,9.029441077793086],[77.14655534625317,9.021815243201674],[77.1493470029324,9.00958191023831],[77.17356682715891,8.99122584270039],[77.17820229302679,8.969099866381251],[77.19070407856393,8.965620497221112],[77.19696991301058,8.951688225822778],[77.19279559010731,8.926195976900269],[77.21823964918282,8.918687879415893],[77.22123245931542,8.903947981638257],[77.23854603204435,8.897739775800577],[77.24498763355449,8.880073224160167],[77.2732829336637,8.876086250224594],[77.29488701020829,8.882384737304273],[77.34167757997177,8.868006909333902],[77.38649742476663,8.871440641666261],[77.38441096175515,8.848280424151167],[77.40726906936837,8.83863675697789],[77.40093705064479,8.828135178442224],[77.41500857027569,8.825598098898098],[77.42035898641356,8.78722015472293],[77.44184756566372,8.767795910754478],[77.45010858800086,8.763870463259735],[77.460852931974,8.771223870299124],[77.4558978302567,8.786265710579327],[77.46281554156235,8.79006184557663],[77.46284329501307,8.813931897316568],[77.50636470681145,8.795113873731056],[77.51101399864986,8.808799981885953],[77.51997428757042,8.801225864337791],[77.51346910779607,8.791992338570328],[77.52014386344494,8.781781838309428],[77.5376655506724,8.790023668150816],[77.56836500478997,8.788710197715634],[77.56998351740366,8.811373539344846],[77.58531152589383,8.826633672842785],[77.59434734785845,8.868131550851025],[77.57252599310117,8.881894464027015],[77.56375794365138,8.877887475155925],[77.57083555867086,8.905167381810429],[77.56164216142562,8.9114451112259],[77.59293335558378,8.910740179375363],[77.59323423820338,8.944732246239523],[77.61410759724805,8.942365046720443],[77.6183362421749,8.93409218434752],[77.62167281510884,8.949241527730843],[77.64501090784971,8.957003847439925],[77.65470450860471,8.956469977995754],[77.65691735918679,8.934326896199789],[77.69483209064954,8.91880716121057],[77.69129616268945,8.955032987278384],[77.68097635623135,8.964148403009297],[77.67598684185215,8.989311767228628],[77.69056565539536,8.993948167013611],[77.70303838941621,8.968864714666186],[77.71053577369324,8.967199586647887],[77.71988403959514,8.966618888767446],[77.7292275246631,8.9830586964101],[77.72249168986313,9.00243621488554],[77.6891232269504,8.999748272607157],[77.68823872056883,9.014440989144731],[77.6966752234068,9.020334805287206],[77.69395316639917,9.031971821995636],[77.71363384391923,9.045557501305083],[77.70174915965977,9.063046343103894],[77.70423438662255,9.073425539678887],[77.74370020405212,9.077651769366707],[77.73997921056706,9.106784712158264],[77.68628685842452,9.102257508714377],[77.6731579131735,9.126485958035536],[77.6741053168963,9.138063541775853],[77.68832471269772,9.13280857728313],[77.70051683817663,9.138077808679508],[77.6901119370066,9.158874999862379],[77.70463913784516,9.165622014185],[77.70584468234635,9.188388258343467],[77.73477824085482,9.19691195172968],[77.73286919601024,9.219877899860222],[77.74471925021548,9.225556970957681],[77.74153099093157,9.274988816697793],[77.72194128580034,9.28011166942184],[77.71210041344102,9.291424798268784],[77.65510836061372,9.28346722275123],[77.58563157676494,9.308617874848085],[77.58956793415284,9.347568917164626],[77.57302341273186,9.34302769160261],[77.57486036418165,9.354126354245889],[77.5603721798708,9.353459097787532],[77.54982798503451,9.36317172170522],[77.55470151523245,9.370283947865957],[77.53305062837674,9.376087515809038],[77.52932261904935,9.36034534559012],[77.51907300784588,9.356748301387027],[77.52758271619298,9.348948199567113],[77.5221296729238,9.334963944265171],[77.4747249573399,9.340749479187],[77.47151299241398,9.328390663929314],[77.46477704083301,9.329138178255377],[77.45905285277341,9.336268597861654],[77.46804008306766,9.346655172669625],[77.44139584872144,9.354273368435534],[77.43849853309682,9.36809815039903],[77.4505114833041,9.369940537819513],[77.43398627656008,9.390883159611716],[77.41974771340544,9.399270795366336],[77.38908292437637,9.392238379602517],[77.33937488618317,9.420136716008763]]]}},{"type":"Feature","properties":{"id":"d:619","name":"Thiruvarur","district":"Thiruvarur","state":"Tamil Nadu","dtcode":"619"},"geometry":{"type":"MultiPolygon","coordinates":[[[[79.74813215311995,10.996463143665896],[79.73176390181898,10.994804010775544],[79.7003067142677,11.015422879090966],[79.67100838585495,11.017258215979242],[79.64337031386883,11.009824661572644],[79.63391570989518,11.00029137924029],[79.63273346769249,10.98092461313655],[79.60423693956973,10.982181697021092],[79.60401728710971,10.971770422440898],[79.5854922113543,10.983242825267823],[79.57746468541401,10.982590953930028],[79.5747533066802,10.97059708256286],[79.56380716516162,10.976476922131694],[79.54496428971318,10.965551062053953],[79.53245871238721,10.96849093023815],[79.52845874080249,10.959556840055118],[79.53018990844102,10.969136772252364],[79.5170853084325,10.970448375028472],[79.51887573703202,10.946570400870197],[79.50122803323818,10.941654807010709],[79.48430072619992,10.920924011588387],[79.4935292610475,10.91644573285483],[79.49325069257958,10.905276237913561],[79.50676921830473,10.904134610837275],[79.50721534143776,10.895997409425508],[79.48827346895008,10.889375656775757],[79.48574196797038,10.869170849202284],[79.47198687630507,10.872276080154599],[79.45815069282071,10.863234696252173],[79.40506436033853,10.89309970572091],[79.37018672325688,10.894515143567986],[79.3009505136311,10.935819906875654],[79.28697594377893,10.937397957110612],[79.27530661803243,10.926251623877587],[79.287060001835,10.91767603162366],[79.28667458505225,10.90716626672662],[79.29531865621303,10.908081941584603],[79.26823860330839,10.905333758302188],[79.27359701624893,10.872938840994305],[79.29532226564382,10.864176402666832],[79.28940065213929,10.832957499684849],[79.2984810529999,10.83572201138321],[79.32636513042317,10.810373942989262],[79.37662344242342,10.803987263403798],[79.370158729956,10.79628445570339],[79.34851934243424,10.795672590586106],[79.34540482764865,10.766222344285149],[79.36141917057546,10.76505308414226],[79.36113206541741,10.75224245497438],[79.34148736542446,10.739492361764706],[79.32039182426392,10.737251316331278],[79.31200617235923,10.746837153252692],[79.30161291515194,10.739538791695706],[79.32006435420688,10.68487405460975],[79.31789851336192,10.660784624258529],[79.34289672868047,10.658402100434872],[79.35742113755511,10.645864085723321],[79.34812831657085,10.626940984577391],[79.35185685141272,10.583075633232864],[79.39664969913838,10.580174794271846],[79.40504513728978,10.55210728856416],[79.42070519185502,10.549108743230901],[79.42591896076344,10.557864012299211],[79.45250784002357,10.559513754436553],[79.45205823142723,10.551047145348026],[79.42849834284607,10.545685775914041],[79.42315204907706,10.535361954304118],[79.46915568027862,10.511353984758049],[79.45538454470231,10.48858172740593],[79.483091071008,10.489604844363653],[79.47931024343684,10.46345096979499],[79.46965037981063,10.46176311589964],[79.4730497782206,10.435322287768],[79.45111022044328,10.42965912662647],[79.46514890665054,10.415967990982198],[79.46158933682881,10.406616130942691],[79.47601223068648,10.4001299743175],[79.47717918535967,10.393520772279453],[79.46143513202712,10.39260289225711],[79.4700030053906,10.383112254873259],[79.46755297891225,10.373100154981175],[79.48565414238003,10.380558105422622],[79.50481838742638,10.366326969564518],[79.4987557698633,10.314827804673882],[79.54413041507597,10.324885319017062],[79.54922329140841,10.31780555934688],[79.5316739558331,10.308434183434368],[79.70877760820801,10.280905179409721],[79.7220306521223,10.286111270973908],[79.63880221985066,10.342263003321946],[79.63713639476758,10.378675119377279],[79.62741992200712,10.396173707408053],[79.63083056283286,10.445541360212614],[79.65885270143384,10.446665866753685],[79.66356045742758,10.440264488001601],[79.69020012204393,10.449898442166235],[79.67723454441045,10.480684484919546],[79.69943694564667,10.483392780727259],[79.68835477224458,10.510359418192614],[79.70032708177011,10.50605046009119],[79.72673302361419,10.536131423758798],[79.71034797741069,10.553684152165488],[79.69975624372955,10.549039483574482],[79.67574679326447,10.561632918228943],[79.65961057141149,10.55922082216836],[79.66885904975669,10.57552036043478],[79.67974594109408,10.572662094997668],[79.68716738359362,10.583550449410959],[79.66925770411346,10.585153262721397],[79.66737271794884,10.602638325613993],[79.65555773127736,10.613497305674942],[79.67266096438085,10.616402176565463],[79.67362624996773,10.624425703387915],[79.6494182107394,10.642839404757508],[79.65417177542271,10.657250059211536],[79.66670156773546,10.65039743566218],[79.67782465400882,10.680409768569001],[79.67229171008668,10.693225760032956],[79.65217302571217,10.702327118160875],[79.65525439985032,10.712936163398734],[79.66889303392222,10.708111589993841],[79.68715443078554,10.715883959826037],[79.68127835288274,10.72874979564828],[79.69824052443548,10.745485474234357],[79.69490014803465,10.762846180562416],[79.70368153836472,10.783397851611518],[79.72889365243387,10.797107636180298],[79.73171386386102,10.809880626280425],[79.72364815413131,10.80762670658464],[79.7276321967894,10.82919545006949],[79.70358070157577,10.824389905765171],[79.68605152239884,10.829725068779794],[79.68655686786529,10.816142395881657],[79.65896414642799,10.817422023159347],[79.65717569861367,10.805760318873588],[79.63127067713495,10.815422160304882],[79.63128422911932,10.822735550031426],[79.65283781495505,10.824581497903239],[79.64817903690722,10.835094792639941],[79.65500158518326,10.843963407027816],[79.6420339989168,10.857061591876029],[79.65095998027839,10.85635707829903],[79.64622768680266,10.87435996236433],[79.65564360393029,10.875716466074888],[79.6525527381929,10.886148489758776],[79.66764575369294,10.901019625952555],[79.66856637234893,10.914321954778606],[79.67888918906154,10.91538393127451],[79.68477749662858,10.928342446230502],[79.69061687026719,10.920296483405211],[79.7063804287195,10.925815323593461],[79.71440308579093,10.913708121747067],[79.71572017859249,10.930865765257835],[79.72958918741563,10.934149270144038],[79.72406595877331,10.941341630803663],[79.73717772284625,10.949063538332648],[79.73670478320537,10.957425590296243],[79.72085333717891,10.95187375285057],[79.71969148134325,10.96850740333804],[79.74477239916011,10.966205937737781],[79.7461045270646,10.956288787013559],[79.76396206922396,10.959762106006442],[79.74813215311995,10.996463143665896]],[[79.71838160560665,10.955913501387032],[79.71973962385597,10.955945360670068],[79.71970024979875,10.954846564437755],[79.71834216237917,10.954832141100528],[79.71838160560665,10.955913501387032]],[[79.72191724071597,10.935183193249514],[79.72188551940667,10.93614594761149],[79.72059568957563,10.936209486969757],[79.72049049505922,10.936227587393564],[79.72044963429022,10.937235543408468],[79.72045729961455,10.93723559368235],[79.72177150612912,10.93724431664185],[79.72177692656354,10.937278597252783],[79.72192732340673,10.938229631917974],[79.72192817500961,10.938229689247624],[79.72246706087384,10.938265680814679],[79.72255830365556,10.937501792007017],[79.7229058097367,10.937135605087043],[79.7229926732314,10.9369999890071],[79.72293561044795,10.936261236609433],[79.72293297209593,10.936227090827048],[79.72227270227727,10.936200412943418],[79.72226517080193,10.936200108653072],[79.72230022486094,10.93521738766234],[79.72230144836635,10.935183113869117],[79.72191724071597,10.935183193249514]]],[[[79.76894282143591,10.900956508651248],[79.76908433933082,10.901761101738705],[79.76829769811124,10.901589035091156],[79.76761179306934,10.90132658792184],[79.76718638239177,10.901190782597102],[79.76688482423911,10.900594055615386],[79.76615760477895,10.900611836240808],[79.76606195576078,10.899468167702562],[79.76656512640592,10.899359878965287],[79.76663620919604,10.898627482072653],[79.76782310467193,10.898709475308598],[79.76789581610765,10.899848530686839],[79.76693083235472,10.899974766628288],[79.76694902234091,10.900200801577167],[79.76795981837668,10.900169512325329],[79.76935026221449,10.899966585953068],[79.76954656476534,10.900753223798468],[79.77027376625917,10.900739956919624],[79.77043357744652,10.901390908335065],[79.76948679356124,10.901517133036842],[79.7693041480977,10.900902350003644],[79.76894282143591,10.900956508651248]]],[[[79.76405565840523,10.907305640010488],[79.76509785595009,10.908915177771142],[79.76470857641158,10.910352476764054],[79.76494597329344,10.911288296341006],[79.76405823028188,10.912219123970697],[79.76372550777538,10.909488697282194],[79.76277430328058,10.90901828432737],[79.76246900813632,10.90622910310013],[79.76302678826592,10.906812401331356],[79.7632744052807,10.905185280893004],[79.76370426261889,10.905131136246762],[79.76368165022656,10.904647474391867],[79.76505382412812,10.904598302016614],[79.76507691532248,10.904146290673605],[79.7628633487831,10.903856152323865],[79.76288168160143,10.903426726864407],[79.76229632229432,10.903408448903754],[79.76217952334108,10.901519807576227],[79.76351361855605,10.901582610729058],[79.76361391635584,10.902595277431086],[79.76415818133196,10.902595483842648],[79.76425391658844,10.90347250159104],[79.76524173371924,10.903536160848802],[79.76534746991975,10.902189042378767],[79.76397537327334,10.902089203407998],[79.76398018105674,10.901456275792045],[79.76442389939974,10.901456437217115],[79.76470273017574,10.901772949267873],[79.76560837840749,10.901682922677315],[79.76601566377755,10.900955316044358],[79.76708570101138,10.901556945034985],[79.76788598943673,10.901769668725827],[79.76760656756932,10.90279563774492],[79.76719956157532,10.902677991131812],[79.7670942179386,10.902998832992061],[79.76740057309487,10.90331988356359],[79.76709391610464,10.903893909605124],[79.76637151790261,10.903428047365662],[79.76596407083582,10.904304847427795],[79.76603685683175,10.90531288181345],[79.76448630805749,10.905398229568751],[79.76448621642932,10.905863807335002],[79.76390064062821,10.905940381656217],[79.76387303180628,10.906577738401795],[79.76405565840523,10.907305640010488]]]]}},{"type":"Feature","properties":{"id":"d:614","name":"Tiruchirappalli","district":"Tiruchirappalli","state":"Tamil Nadu","dtcode":"614"},"geometry":{"type":"Polygon","coordinates":[[[78.66318572963792,11.373786845608642],[78.64125539755861,11.342084032079256],[78.6045246043178,11.338769610274323],[78.5931315590302,11.326870544432756],[78.5836508931335,11.329787076362999],[78.57669346461422,11.31644517096971],[78.56126312094517,11.316360513289064],[78.55292174340757,11.320051364613146],[78.55343789740353,11.358653583285063],[78.5424177571634,11.3694580944239],[78.52348424529609,11.370667636329971],[78.51531075480025,11.384478037951155],[78.5034683290884,11.380497484439111],[78.5098034874239,11.396793151273357],[78.4962820385808,11.408885194735767],[78.48622032978193,11.407419937784551],[78.46175369522771,11.370281166667995],[78.45470291288576,11.34929140706851],[78.45959778256329,11.342618428303343],[78.4468506752069,11.344800205188083],[78.44726006712625,11.332098468829939],[78.45577037644632,11.332186892567762],[78.46543596234086,11.313339754177534],[78.43813286044612,11.268528868170764],[78.4219233621171,11.211667584404484],[78.4106681480385,11.197489027668393],[78.381180797022,11.187002121632064],[78.3874074963633,11.177166925780089],[78.37687666217026,11.17623635008927],[78.3806033222281,11.137439426396007],[78.34605310489788,11.137974963602103],[78.3434436463212,11.112155315873549],[78.32397653068355,11.097239989913607],[78.33820119330741,11.094864733872186],[78.33809300111294,11.083518986180662],[78.36335159221825,11.065083624056083],[78.3600993118007,11.046645290902681],[78.35012374425105,11.04829429468625],[78.34463094693729,11.026239365137743],[78.32840934470813,11.033125808017477],[78.32387455033921,11.05792302696925],[78.29088439134881,11.077180083897796],[78.27791432303725,11.07941791605165],[78.26551129468916,11.0703005924407],[78.25172767702199,11.090180333132247],[78.23867670733422,11.094503179410628],[78.22989427495841,11.094849694161896],[78.23668968872299,11.066605090853113],[78.22892001160862,11.054574830125096],[78.2017755737526,11.075479282072845],[78.19577818555724,11.064614017115886],[78.1817575456057,11.068499469844875],[78.16249408073787,11.046795865259455],[78.19663449741532,11.046049218193698],[78.19477622355394,11.022051628893744],[78.1649043280188,11.01318750140476],[78.18245503711817,10.978871159374942],[78.19787069243398,10.971270633575335],[78.19789594587324,10.961452943430807],[78.21818334912946,10.95885780182355],[78.25033150732256,10.968809960902682],[78.40117606455453,10.961316276646432],[78.4688357892472,10.921259575377302],[78.46381342527468,10.914133106145378],[78.4893713772535,10.906457145342106],[78.47598478799242,10.906430979923963],[78.47124502592344,10.886280988593283],[78.48452597779867,10.885666622228905],[78.49055254686776,10.895125500071686],[78.50462508159491,10.88551934091016],[78.5506081476647,10.877552216157328],[78.55816659671979,10.863789850404808],[78.57791966138375,10.852701180431842],[78.57293093842031,10.83572997236276],[78.58781440840563,10.828573400400723],[78.57647377891654,10.808053870566836],[78.5546400669342,10.813414747842476],[78.54495638537654,10.79609937007387],[78.57170245543837,10.775018500944677],[78.56224142940873,10.764547435930814],[78.56538874258364,10.73445542339591],[78.52031271443943,10.710606720911114],[78.51349929035172,10.694891506391974],[78.47061561862468,10.703650711435353],[78.46786899988055,10.688494774245118],[78.43818897640529,10.689952496228612],[78.4249961762089,10.671814409260756],[78.40737377885493,10.673895661700717],[78.38439507241482,10.716690746585847],[78.37432546472967,10.718476175627188],[78.37782205995504,10.725970968106267],[78.34499384475248,10.721507164575867],[78.34187865443381,10.705247110978146],[78.32050085901776,10.709085877005858],[78.31636596676555,10.701653588389682],[78.29253017142466,10.701801309387406],[78.29234657644184,10.73527433158534],[78.28345229662666,10.745871792289773],[78.25579195360801,10.601409668643583],[78.26260872032688,10.578860226575298],[78.24310839756643,10.55432507697831],[78.20874825117387,10.550117690173252],[78.1901071687793,10.538454544681503],[78.17336478443386,10.503726869029833],[78.19172595268421,10.500909786600447],[78.19990236989125,10.48150207903314],[78.21758317660328,10.4666890195757],[78.24637030882212,10.467945807562401],[78.31509328397664,10.439460821418667],[78.30681585480919,10.412155632581397],[78.28782749899713,10.402115240877738],[78.27720373678288,10.383189375911977],[78.29236429840574,10.361202134086778],[78.33084705438561,10.337591276918133],[78.33780168734776,10.32549564761259],[78.33324972707207,10.300365722180551],[78.36325858784026,10.293705853413902],[78.37479780070267,10.300269998097717],[78.37184873043961,10.308619183601518],[78.3904095519568,10.315933381098457],[78.40327061060698,10.340528633916259],[78.39216357183784,10.354302904014482],[78.43663303055281,10.362729218096405],[78.44893990413117,10.374904966419523],[78.43859537962969,10.38367200491353],[78.44749961457488,10.408993790395435],[78.49035886110934,10.395827893677893],[78.49202275032299,10.387961778397038],[78.50774129778968,10.388971187092775],[78.50556692384782,10.375896815441216],[78.51390372177408,10.371526312598508],[78.53028288221587,10.390529116704037],[78.5271225299946,10.40282983691133],[78.51654657432313,10.407845007838889],[78.52314472074626,10.43658360227818],[78.56248336457935,10.426777313747653],[78.56509482460248,10.442972924598601],[78.58507200815006,10.440922888298777],[78.58940524662036,10.474474195418397],[78.57076846895261,10.489063774234328],[78.58183416904899,10.521892948797571],[78.56457863467392,10.512026207736838],[78.54999309903744,10.514084039784667],[78.54386764342188,10.53002580407191],[78.53648546897837,10.530606778947774],[78.53284094188693,10.513934451934878],[78.54094233539467,10.50501816042755],[78.52735531223081,10.486275822378213],[78.49606685434101,10.485063286885616],[78.4913130192648,10.526785108092426],[78.48616888506224,10.538842692739092],[78.46386290717547,10.54083364459362],[78.46613429198146,10.578338640436513],[78.44683748344694,10.608530194598526],[78.45954522932252,10.611447503151751],[78.48249628561818,10.638414034577451],[78.52701870271407,10.629084606281612],[78.52911082421355,10.644784502559277],[78.51980880268414,10.65172003416723],[78.51782783332803,10.66983235159819],[78.54441077023256,10.675233750415533],[78.55084722888766,10.68638267222059],[78.56844885359901,10.681278790053598],[78.56556037110859,10.660638264029245],[78.59305370473946,10.659024657015788],[78.60918403364417,10.681099162623381],[78.62131382233058,10.675797465301123],[78.62606628657765,10.702539975967271],[78.63518929992208,10.7073587188696],[78.65847221544325,10.704677093707732],[78.6524999369567,10.65861065439167],[78.6651994794171,10.654780849397769],[78.6657679521935,10.671456374583038],[78.6829471270745,10.671060813381573],[78.6821224413043,10.686574779283847],[78.69763097523398,10.702287619576701],[78.68918804135687,10.73463833863807],[78.70911768156803,10.733070038978775],[78.70988282879783,10.72206284270793],[78.74282015337478,10.707416093600054],[78.74655586934901,10.686820102758434],[78.73580575998837,10.671653570591415],[78.74882793238304,10.641987152111497],[78.76532304556507,10.655092572962658],[78.79066211224513,10.649776002077632],[78.79971004978796,10.679861627852977],[78.81265109532939,10.672418922698954],[78.8204057759684,10.694576384594326],[78.87210205717658,10.688129739750407],[78.86450334024056,10.732831779336038],[78.86842506137751,10.760710788104403],[78.88096460220773,10.777454386945417],[78.8802741849281,10.788533686842785],[78.86715941239729,10.784948307638071],[78.86046217101858,10.80318613958006],[78.86877411974747,10.825581875579614],[78.79705523617093,10.823852636615324],[78.77576934559495,10.826992141869255],[78.77648050856773,10.833099311921618],[78.84915180577141,10.841812794978818],[78.92337047979807,10.866108486872545],[78.9406271694066,10.87846418258107],[78.93971427087217,10.88768122155913],[78.96019091502276,10.89464203630801],[78.96628365758893,10.887187337262894],[79.00570955388726,10.89359668089016],[79.00194696301466,10.922154058946798],[78.99033081843133,10.928419374623251],[78.98269839940077,10.921667326176731],[78.977563649898,10.943567502161686],[78.94731826990204,10.962467562952023],[78.94679830704929,10.976569255057967],[78.98743134595172,10.966798338363859],[78.98226227272025,10.975530308668075],[78.98962124637494,10.978491406612877],[78.99185646231267,11.001401810286566],[79.01231997039883,11.010092299710484],[79.00598456323004,11.06029150161518],[78.98038421256646,11.09099226191943],[78.93933322978314,11.094813368246907],[78.92641720861064,11.089427423983684],[78.88646424827722,11.10173919938217],[78.87320563121492,11.096721640691758],[78.87248751438352,11.084236745207097],[78.84746276822136,11.090188036027126],[78.84003243419716,11.076436544229828],[78.80725153505723,11.078934382078959],[78.8109367064237,11.111738547858913],[78.77676990442976,11.112817882601624],[78.75967154289005,11.12155349558649],[78.73528722635523,11.105552252835157],[78.74274982606782,11.075476587951737],[78.72023390201771,11.07397874533541],[78.71765213939955,11.055627349047185],[78.7010350915958,11.068573008047494],[78.67581565895206,11.161558606060847],[78.65120202318641,11.168264636563134],[78.67590768416639,11.19531092914168],[78.69881140643308,11.191134566635228],[78.71260667435118,11.21273768409324],[78.70271649795751,11.228746160708521],[78.7134429995925,11.240012238584866],[78.71007075725358,11.248954050359375],[78.7260737993741,11.260995677221567],[78.72869694019084,11.272467024200619],[78.75121104605084,11.284792986433134],[78.73887119082681,11.29406539657652],[78.73312928529485,11.323362531171366],[78.67843762656905,11.327462369286058],[78.66585441234464,11.317266598188635],[78.65626961823182,11.333829387372383],[78.63640906116093,11.33152054297231],[78.6884873455538,11.377159634255927],[78.66318572963792,11.373786845608642]],[[78.5693521976521,10.709125347341299],[78.5799529468254,10.699991741846008],[78.57495534760861,10.684870581910179],[78.558266525312,10.696854989058068],[78.5693521976521,10.709125347341299]]]}},{"type":"Feature","properties":{"id":"d:628","name":"Tirunelveli","district":"Tirunelveli","state":"Tamil Nadu","dtcode":"628"},"geometry":{"type":"Polygon","coordinates":[[[77.69611541757625,8.926316054045477],[77.69483209064954,8.91880716121057],[77.68478944589764,8.918989493868912],[77.65691735918679,8.934326896199789],[77.65470450860471,8.956469977995754],[77.62167281510884,8.949241527730843],[77.6183362421749,8.93409218434752],[77.61410759724805,8.942365046720443],[77.59323423820338,8.944732246239523],[77.59293335558378,8.910740179375363],[77.560933198427,8.910088755584233],[77.57083555867086,8.905167381810429],[77.56375794365138,8.877887475155925],[77.57252599310117,8.881894464027015],[77.59434734785845,8.868131550851025],[77.58531152589383,8.826633672842785],[77.56998351740366,8.811373539344846],[77.56938739987271,8.78967338538017],[77.5376655506724,8.790023668150816],[77.52014386344494,8.781781838309428],[77.51346910779607,8.791992338570328],[77.51997428757042,8.801225864337791],[77.51101399864986,8.808799981885953],[77.50636470681145,8.795113873731056],[77.46284329501307,8.813931897316568],[77.46281554156235,8.79006184557663],[77.4558978302567,8.786265710579327],[77.4615031235935,8.772864806876498],[77.45010858800086,8.763870463259735],[77.42035898641356,8.78722015472293],[77.41500857027569,8.825598098898098],[77.40093705064479,8.828135178442224],[77.40446937815724,8.842127006147654],[77.38441096175515,8.848280424151167],[77.38649742476663,8.871440641666261],[77.34167757997177,8.868006909333902],[77.29488701020829,8.882384737304273],[77.2732829336637,8.876086250224594],[77.25947170537793,8.880914692108222],[77.25557449028193,8.861122647399226],[77.26275776963674,8.841992210982983],[77.24707894567192,8.814836329605027],[77.23198437967969,8.807726254247157],[77.22970887699643,8.784587517316591],[77.21306543309638,8.778615917581408],[77.21795359595195,8.768236273431164],[77.19732856179452,8.76889827425981],[77.19246385305267,8.744440972095155],[77.1697672247983,8.74742748602633],[77.1807878159927,8.718321944993233],[77.20671673804787,8.684195526405913],[77.20069269324473,8.669076371408885],[77.24408420326314,8.621820759690046],[77.24523830484128,8.603435231720997],[77.26772139995934,8.579240014975296],[77.35081083231377,8.546440321306234],[77.37443318255329,8.518063398998528],[77.38910876711046,8.524038234683706],[77.43867472955495,8.507159812650071],[77.44952833381949,8.487202588620546],[77.44513932344479,8.474810237606258],[77.46631397294419,8.468782442415895],[77.472256591755,8.455267552323951],[77.4615996888933,8.428456551344865],[77.47293636040524,8.416303989761554],[77.47316181059207,8.397408298756362],[77.48930399636022,8.388396028860015],[77.49148289601447,8.379095291661796],[77.50732149972562,8.386990396253266],[77.51975759056769,8.382224589164947],[77.53144934634851,8.3929063201605],[77.5379841956801,8.385362530869683],[77.54169024299541,8.378808074774975],[77.5337304212815,8.367481143832661],[77.54204558058922,8.335266889442256],[77.53271735969457,8.335305241400029],[77.53093329116724,8.318654150270014],[77.56426185720325,8.278560474402376],[77.55365540642286,8.276885665258346],[77.56305970563892,8.27559449020546],[77.55843145234448,8.26966215879453],[77.57672524066031,8.24424858581489],[77.54530342696829,8.240237204635976],[77.54061084890958,8.221465025163177],[77.54988223519285,8.220020380818397],[77.54376838940401,8.205488601237954],[77.54976278890447,8.205593896900671],[77.54552672928328,8.195588037427987],[77.5529103185734,8.191751289356015],[77.54174471324099,8.18524768075816],[77.54691882602121,8.179367035152486],[77.53766929395218,8.1693870841663],[77.5462292971754,8.158082047849001],[77.58377099243667,8.15458024907862],[77.58861959887707,8.142107005100682],[77.74560611916625,8.177367792567697],[77.78131024673344,8.20104072112649],[77.78377355839655,8.221643464091812],[77.80292453622448,8.240165763079467],[77.88814467631315,8.273297999569792],[77.95269407955597,8.313890549606024],[77.9736116635604,8.337972149581434],[77.89270275681083,8.32206375592068],[77.88945755062615,8.342069039033118],[77.8722622384094,8.350238273043383],[77.85873078143574,8.340517502243907],[77.86036855392913,8.356304758990463],[77.84669110455212,8.35441849140551],[77.84128360496949,8.363084591378364],[77.85324512213519,8.366969143676597],[77.85486059215505,8.375685681912959],[77.83558851244365,8.38231147122577],[77.85711613606932,8.384763948248604],[77.85986207119552,8.396297025771348],[77.85159424412011,8.402680050733789],[77.84814180558253,8.423756279834974],[77.83210431756243,8.432321679418287],[77.84048371359948,8.451382961700759],[77.83290011710632,8.456996987686702],[77.84360555414625,8.47120755402682],[77.839394630285,8.484353979053347],[77.82675160802565,8.489931043302807],[77.82581225680104,8.515492484186236],[77.80726656201489,8.531716585334813],[77.82029029388492,8.540548861652892],[77.81212781942943,8.570361103810205],[77.79702217990467,8.565425499283412],[77.80313338644318,8.57612413787518],[77.78107500221505,8.583470884117391],[77.78682493060082,8.62069613133093],[77.80565140191383,8.611910713648909],[77.81893494992022,8.631051640020175],[77.81912243640485,8.650253600085751],[77.80610742358297,8.647280902761432],[77.82432023865744,8.674823037812859],[77.82427824062128,8.681839573634347],[77.81029805001035,8.683289189802192],[77.82808678121896,8.734403835361718],[77.81808054877877,8.775937026070464],[77.84390119509612,8.786686771582147],[77.85166206243248,8.802139793629266],[77.83132865285731,8.833430773363892],[77.81820592394804,8.837574293420657],[77.80772316040247,8.866492109758033],[77.8121676848651,8.871949601557676],[77.76195582923975,8.886832648135085],[77.75999189014478,8.927623315219858],[77.74512241501331,8.933054246221273],[77.73634530964712,8.923897576575234],[77.69611541757625,8.926316054045477]]]}},{"type":"Feature","properties":{"id":"d:633","name":"Tiruppur","district":"Tiruppur","state":"Tamil Nadu","dtcode":"633"},"geometry":{"type":"Polygon","coordinates":[[[77.77656929170179,11.05833467267883],[77.73717235978314,11.08571074042418],[77.730139886005,11.076654574178423],[77.71336346359512,11.078173818346427],[77.70701944607431,11.091537241040824],[77.66136941692142,11.103776823575364],[77.65446403139978,11.11620349972966],[77.63238940742792,11.125479805414502],[77.61355009020632,11.12545662107609],[77.59871273433784,11.111627980053045],[77.58422531090005,11.121425849971134],[77.55620815076236,11.108221033408517],[77.50325217370934,11.106908713818015],[77.49894379521623,11.146557950689465],[77.48320906819298,11.140018857660413],[77.48513515677345,11.160828984427637],[77.46972859330661,11.164848172863124],[77.47633287522312,11.184931254412428],[77.4879402630291,11.178978808684496],[77.5123225862023,11.18302586664794],[77.51686373974515,11.205633442564183],[77.51073600240875,11.198457759416776],[77.49904106210025,11.205627411700794],[77.50199001827731,11.219258122129592],[77.49448146883962,11.222462143781481],[77.50023211318263,11.22678004718763],[77.46525855130004,11.252279493232892],[77.46908824362939,11.27008741757281],[77.45239032858545,11.313299019678778],[77.45454174518188,11.306804555422278],[77.44821843742166,11.311453730415659],[77.44396837306518,11.305667239898439],[77.42574009708639,11.319655023567648],[77.4175360468029,11.310322040961292],[77.38676430255946,11.322065108086118],[77.37861493721888,11.339410138763391],[77.36318240884711,11.34149764192453],[77.36608097312998,11.317132551581848],[77.33377500160269,11.315073483382193],[77.34872204715725,11.28591833428612],[77.33132800873504,11.256783123163203],[77.29559150588497,11.272761593044343],[77.31437607707825,11.281967934963376],[77.28631718390739,11.292370838348342],[77.28893972824282,11.343746290766179],[77.2877102436393,11.333188876322664],[77.25388451668738,11.310772225656265],[77.24722665655239,11.329179295137669],[77.23826957910893,11.322162855019668],[77.24162499869755,11.305206510915701],[77.21631415259213,11.297846931198974],[77.20201295530264,11.304083897247335],[77.20431809071218,11.309941527145035],[77.22106169137652,11.307016923233427],[77.2266756345912,11.31763305804918],[77.23652157973693,11.314063319080846],[77.23454447403486,11.331105018020056],[77.22152543855711,11.340208255431875],[77.23397483794014,11.352123852191172],[77.21084170661112,11.349595147422216],[77.19660270687527,11.338673433286445],[77.17873030837775,11.342057832645779],[77.1745147932271,11.33253001763321],[77.18249973273468,11.313842421854686],[77.16767901905514,11.317225635228004],[77.15903772189193,11.332287724133543],[77.14708257108667,11.336217153911695],[77.15056706241194,11.306279322178996],[77.12633647726663,11.307980477018432],[77.1171157164395,11.294622027839882],[77.13874820310326,11.286084926984783],[77.13915346995883,11.27972538979866],[77.14384291199887,11.287294994204776],[77.15344278343542,11.278240370679384],[77.1700836824083,11.283278951156335],[77.16589799581668,11.244278335734297],[77.15949649959238,11.243261920582247],[77.14502550723948,11.207173778585926],[77.15887421593385,11.197386626982514],[77.16098183876187,11.167996033633914],[77.18230858471698,11.161945211741967],[77.17316363092004,11.13818391416669],[77.18394343319412,11.139493072397961],[77.18957566880293,11.150462642866856],[77.21225364982863,11.137940939975728],[77.21351845888402,11.126739515290597],[77.22505224143056,11.124955280791601],[77.23569924216292,11.139809703931],[77.24221206839697,11.13802647322487],[77.26457050789632,11.11063000575494],[77.2341073771738,11.103390899621333],[77.168385466771,11.067339031847897],[77.17889212819809,11.036844101007409],[77.17534676972413,11.015785438398702],[77.15377781640886,10.99830680221848],[77.16994255977208,10.968711156784995],[77.18184238423736,10.920573104204955],[77.19893048432155,10.920230843128229],[77.21099169561916,10.902268954637185],[77.24807127863366,10.904652952200129],[77.25778686206196,10.869833368160412],[77.28839830284129,10.848092232245184],[77.29902960820897,10.814595132661447],[77.27819755190444,10.802743800291573],[77.27591386826384,10.791382577227212],[77.28387236586107,10.786627024954681],[77.25413463640858,10.776391097183167],[77.21438572929026,10.78556310842001],[77.2152912284017,10.803463302145474],[77.17179628366654,10.802170022011786],[77.16122467224778,10.793207362413378],[77.15276007729425,10.765674788790218],[77.13414915044542,10.750129103255034],[77.14511667456271,10.659930006438131],[77.15229551623999,10.650586050871572],[77.18145442612065,10.642468786990332],[77.16632718570658,10.587182175012826],[77.09056133877449,10.584080170005537],[77.07374086567805,10.549247968119273],[77.07826723115463,10.502232226682029],[77.05854506314654,10.479055147596872],[77.07320074732525,10.459493900745773],[77.04179834532817,10.426383504314346],[77.04479724244514,10.414825629886918],[77.08950347281447,10.371642083262463],[77.08995830780911,10.35086620338242],[77.07818178340483,10.337361852575077],[77.08120193106812,10.321970225760744],[77.08836410001373,10.32459315364747],[77.09552803235225,10.308995430405435],[77.12038790621872,10.31795924226396],[77.1766231966911,10.35844116216106],[77.23564592535416,10.352251306354143],[77.2277471396722,10.315416049048235],[77.26292596030905,10.263331916396822],[77.25719030166158,10.259392422364797],[77.25972305309612,10.230274146040665],[77.26926064882564,10.237043594344692],[77.28808816128608,10.231863375776594],[77.29678103432296,10.252693758830246],[77.31053850832045,10.246330144774985],[77.32507031032989,10.270076697965147],[77.34809790218942,10.263398715854985],[77.35127818173866,10.273335039581536],[77.32654467388322,10.32112194156955],[77.33664221558044,10.354136361791618],[77.3156725634255,10.355656067894833],[77.31997585565749,10.433955303572676],[77.32715454192623,10.434693435268686],[77.32294600758367,10.44852966334428],[77.33226142928217,10.454561531195052],[77.35714759324374,10.444845617391639],[77.38508283690895,10.448973779269823],[77.37854246114176,10.493920188229984],[77.40170015869887,10.498824285615518],[77.4056666222252,10.522123690050414],[77.37802126939371,10.525916995577928],[77.36796149287103,10.546660796805032],[77.40168436990942,10.613363294614643],[77.48250887364985,10.650003585406187],[77.5046494249804,10.64255979427299],[77.51613525006718,10.612951345570082],[77.5072889151353,10.613386487872985],[77.50826482240208,10.606986031890804],[77.54283911997184,10.609764251401941],[77.54919612443672,10.638967545405345],[77.57146498842751,10.657876816832912],[77.58007109139449,10.679083395643215],[77.58600720640267,10.683468969234621],[77.63678805582731,10.668740623286103],[77.65569505032576,10.673355098439574],[77.66469826344557,10.7162749187203],[77.68906884473971,10.734931473041444],[77.70203224755191,10.73370375900634],[77.7062745315997,10.715965063859311],[77.70870329944684,10.68632003681922],[77.69847427044317,10.662427819755631],[77.71410733512569,10.64152659136331],[77.72305914484834,10.640764723092916],[77.72054768079104,10.631231959943902],[77.74341579383992,10.636943028200793],[77.75453046020411,10.651385821285862],[77.75355002632658,10.66802482611536],[77.76654772142642,10.679281028964285],[77.78878944192262,10.685237299292988],[77.80803178829643,10.680771872779273],[77.81000637961402,10.699039037602782],[77.82462002892562,10.715075741019852],[77.82708195987811,10.749674816565674],[77.81280366783173,10.758446779815692],[77.79701551710023,10.75243080032096],[77.77109040839345,10.767154300146169],[77.77778002756698,10.789631637176964],[77.79363530939969,10.790296562005503],[77.79854586096711,10.805752876823862],[77.82784587731427,10.797546039392945],[77.83589892618839,10.78678900613247],[77.87112136542216,10.77173059887495],[77.89202766029841,10.773805491561824],[77.89292397772935,10.781521651383375],[77.8898382943728,10.793595509419756],[77.8813755463555,10.78884473966],[77.87143594195992,10.795394481939981],[77.87342818607118,10.833912109875389],[77.86686139264812,10.84410061034449],[77.85641675090824,10.849347972595352],[77.83619322505527,10.835350744341952],[77.82071943077425,10.857718993401596],[77.7964071717016,10.8659491263886],[77.78891016831027,10.886084817961004],[77.78402088166226,10.873123628582874],[77.77493917015964,10.871249185578941],[77.77167028258745,10.8934923410671],[77.76083691916287,10.901579534832985],[77.76999355016017,10.961765887587255],[77.75317122833086,10.965605961170475],[77.7502066010437,10.976521104366505],[77.78129853988868,10.998438159229531],[77.78970128134334,11.018786904416636],[77.791906819639,11.033089574082997],[77.78236463172176,11.038967412804498],[77.77656929170179,11.05833467267883]]]}},{"type":"Feature","properties":{"id":"d:788","name":"Tirupathur","district":"Tirupathur","state":"Tamil Nadu","dtcode":"788"},"geometry":{"type":"MultiPolygon","coordinates":[[[[78.85831028639987,12.633359087142646],[78.83765329467619,12.643439981275353],[78.8086456494113,12.636211177342927],[78.83578078611086,12.658034887130949],[78.8414763430657,12.678419467755445],[78.8564176924031,12.682705624938826],[78.8448759256303,12.696751713007908],[78.8536760251728,12.716607445401548],[78.84891154326381,12.756486168412463],[78.86105450304893,12.774984321960204],[78.87180838982533,12.774421433089891],[78.88469327628843,12.810522746876012],[78.86534031586211,12.818594460576051],[78.86499431356077,12.826246238774882],[78.87491047731731,12.83598649698894],[78.89754877526534,12.834196329188533],[78.89305251772379,12.842480055928311],[78.8775173271864,12.841636160645042],[78.87621363814714,12.8533736863369],[78.8997290700032,12.85685320623555],[78.90369444566971,12.849183104576017],[78.90177083464279,12.870850457686084],[78.9178883212322,12.910673587914783],[78.89991706762923,12.907292473936987],[78.82414689980065,12.860187693986335],[78.78258346408035,12.847294341723822],[78.74917166733663,12.817707530437676],[78.73413906623438,12.830443061714528],[78.73040828021443,12.865650542943497],[78.71868883476331,12.864700878687616],[78.71627656627297,12.850181666599612],[78.71206821159348,12.859802728815728],[78.6539476286309,12.865324750155752],[78.60290455109339,12.844737097819479],[78.60775766438152,12.821902620417996],[78.60038782201022,12.818422787597676],[78.59252102443723,12.782675628135172],[78.55562811583034,12.755785068603592],[78.56319568188727,12.751320267578729],[78.55531612284736,12.739275163947994],[78.56385741955309,12.737623230383758],[78.55441971378823,12.719275251893105],[78.56158587844024,12.710011800272254],[78.55587556396188,12.700157271849486],[78.5363647731334,12.690379476818984],[78.52928654995449,12.709115535191678],[78.54422976778764,12.710214607391867],[78.53769926091218,12.716874462768484],[78.52507155672502,12.715418842862151],[78.5268599245893,12.721611493815038],[78.51190831738968,12.70767099383522],[78.50330397601897,12.716991094652082],[78.4965757346781,12.703252391336104],[78.50744141858824,12.691407012425069],[78.49933411955581,12.67508547335042],[78.46789965399131,12.675892085706893],[78.47477561609415,12.647632510431027],[78.46496906117531,12.624029211679444],[78.4270675645916,12.635242762435691],[78.4067327527463,12.619977870972395],[78.40969299805151,12.588185682756905],[78.42123082840668,12.570227178571773],[78.41554161355774,12.48822409779282],[78.45017679175092,12.449360849293749],[78.4555701428678,12.428491561738273],[78.4358299025528,12.393820296357147],[78.4587809902895,12.384951378805159],[78.4647651310294,12.391855871011998],[78.49014899759096,12.386857042023252],[78.49609598401072,12.412115757834691],[78.5085836839642,12.39875841340251],[78.51407473944461,12.407149618314032],[78.56751637179136,12.388997853034862],[78.58452037519194,12.360612323373823],[78.61724621209653,12.347273412830553],[78.61120667943958,12.330011830601144],[78.60458682343099,12.331760401318403],[78.58833036836546,12.312766007252891],[78.6094523235886,12.309776346616],[78.61309856017401,12.294147010181804],[78.60371149513666,12.26266095560452],[78.62372156510848,12.264822698395951],[78.64142085555582,12.282174359688428],[78.6351974179973,12.261225046158623],[78.65127783740313,12.258842274431554],[78.67561416503716,12.269759488717494],[78.7100111396614,12.304134327778089],[78.7291769585562,12.373837390781153],[78.74787021779743,12.381617664390241],[78.76068245121526,12.40212015067751],[78.76943273288703,12.43499643557891],[78.75856210644618,12.442743127901423],[78.7775535461746,12.459799735719173],[78.77470538636231,12.485326350835273],[78.78209281864522,12.484352876065703],[78.78981948622041,12.499853924395156],[78.798233644364,12.497275836605953],[78.81771103133866,12.529280710939299],[78.85831028639987,12.633359087142646]]],[[[78.51169681534427,12.726734947686847],[78.51382952721985,12.73446914686165],[78.49316506959784,12.747149268398301],[78.49268576808811,12.735642312383627],[78.50597147744108,12.722524533721442],[78.51169681534427,12.726734947686847]]]]}},{"type":"Feature","properties":{"id":"d:602","name":"Thiruvallur","district":"Thiruvallur","state":"Tamil Nadu","dtcode":"602"},"geometry":{"type":"MultiPolygon","coordinates":[[[[80.33188192539187,13.235440511575504],[80.34654672836902,13.313273995772464],[80.3260184975649,13.441682190755802],[80.30070347070017,13.478228620370643],[80.26874886172152,13.564628197689208],[80.24181401160112,13.470646954258143],[80.2145985619219,13.490271830056368],[80.14514498964175,13.491415240118174],[80.13921277601688,13.504273795697596],[80.1127714890596,13.505947356597968],[80.10821302318463,13.48891989125315],[80.07819006964628,13.488811434832847],[80.07714188572837,13.526804905828099],[80.08864062319903,13.5353996601981],[80.0812594297158,13.549751227867816],[80.05693460321233,13.536636520031355],[80.01337919197708,13.547150188204538],[79.99859971366403,13.542723824169109],[80.00051907116807,13.525675412747459],[80.017653057197,13.529558577370512],[80.02718585322793,13.513700478173151],[80.03552034697552,13.518305431851111],[80.04804904603856,13.512530751319256],[80.04661829838722,13.49368380476529],[80.01590455387012,13.497951506782625],[80.00749053676199,13.478640515578974],[79.98407731881223,13.479578614824208],[79.98239685119002,13.470456356048107],[79.97242033232448,13.469091660565198],[79.97333871597206,13.429672477225353],[79.95665178103583,13.422192429135203],[79.93960960821884,13.425029410286685],[79.94183823501395,13.416720040830345],[79.9345709524003,13.416453212283475],[79.94570466574349,13.407730618355934],[79.94435636636726,13.396867701261822],[79.96275461797084,13.391357676419153],[79.95804795702347,13.379174950713452],[79.94504769543687,13.381776516332323],[79.94947095587843,13.375479984418803],[79.93800714310936,13.355522859250268],[79.93130022418009,13.351513081672127],[79.91597242320077,13.359869173380279],[79.91485096101015,13.348138024077384],[79.88350497680618,13.332859263670189],[79.88289966322165,13.323319314278551],[79.86806527269194,13.33106639964278],[79.86280893801207,13.316920846416153],[79.8089021391466,13.317253571736295],[79.79173280620785,13.293524142388486],[79.7608290707031,13.318480339151138],[79.75674668408092,13.295288373357268],[79.73371243840009,13.288817098848298],[79.73503611225944,13.275936220689186],[79.7947320204301,13.242103946059435],[79.79449303892012,13.226321734797427],[79.78478163175956,13.227904594784322],[79.77547748032464,13.215309550137992],[79.76425221517927,13.219114621421863],[79.75499101489304,13.206478157787085],[79.73731708208952,13.236534770817668],[79.73140153311147,13.222445278566532],[79.7183857468401,13.216515849908422],[79.70270782298724,13.222396149130065],[79.71254583061909,13.244665447983483],[79.70098195900214,13.253025465167983],[79.69593532165229,13.23855528894702],[79.68427382382521,13.244428815654945],[79.67829334192348,13.261653601744545],[79.69574914311472,13.267276455663204],[79.67828642309914,13.297429366866421],[79.67424591144398,13.281765772686354],[79.66538610178283,13.278716510881685],[79.66387413115847,13.289766700894818],[79.657833215096,13.283846965925378],[79.65179377586384,13.291833351408032],[79.64248173632241,13.29014819721467],[79.64126753116356,13.275586662412676],[79.63834251958045,13.287441215863021],[79.63163779882862,13.269698051434037],[79.61411741775159,13.282695366366907],[79.60608889557969,13.279549186651321],[79.60868597357509,13.287494576727157],[79.59605682579532,13.284853812295948],[79.59097575422402,13.260990483919612],[79.57402947925856,13.258998709831687],[79.55840758782149,13.272720247380827],[79.5345147054426,13.275573113239046],[79.54123131360056,13.292437526220741],[79.53486445102376,13.301370084573211],[79.5441066779929,13.316784605859095],[79.53730509819222,13.338647067773108],[79.51108372600305,13.341971343430727],[79.51008144419953,13.334174906294656],[79.49738387443948,13.332038045323314],[79.49970838381475,13.347787401408047],[79.45625511731551,13.338570740310582],[79.43542899079016,13.351709701951572],[79.43166884603009,13.33671481905323],[79.41472046361696,13.330033314780756],[79.40536137211755,13.335037469068514],[79.39835967911263,13.330202180243619],[79.40202307262163,13.317352930397176],[79.38780904335573,13.318049715275432],[79.3818880128578,13.307487805979576],[79.38865790997673,13.309783529359976],[79.38983893765717,13.297427159433843],[79.4157684436173,13.299580750840647],[79.42003527233358,13.289546841430663],[79.43053982361805,13.300247253143779],[79.44542222909972,13.301251735735333],[79.43373232833997,13.274987036657954],[79.40841812343375,13.265269615630617],[79.42263580435126,13.251316343835622],[79.41849621660509,13.242960108420876],[79.43767925171223,13.242888783168764],[79.43149104518085,13.236065619288262],[79.4397859313092,13.235860462383538],[79.4308664465638,13.229847966707583],[79.4532895126613,13.238487858047433],[79.45380044115724,13.216942611723956],[79.43737856133212,13.219554485858337],[79.44385234768227,13.20777510141402],[79.43238253416712,13.196971480811742],[79.43842768129458,13.18817512311304],[79.40918511131153,13.194037367385288],[79.37403254483718,13.18925713535477],[79.3877267208448,13.177528976974102],[79.36952220440695,13.172914319854392],[79.37923552408073,13.171513524784702],[79.38003813285448,13.162926322130586],[79.35611537071264,13.164579287752082],[79.36552123479392,13.133932918593297],[79.35809791391712,13.12171596842525],[79.3451087052018,13.121266431564914],[79.34130595604272,13.136820445166531],[79.31867123698281,13.123472084910503],[79.32423816866373,13.118538031090042],[79.31192219964309,13.11656903461257],[79.31903412491656,13.113330896937397],[79.30718986125162,13.105521888899435],[79.29430542214955,13.109598981153779],[79.312463705893,13.126141606075297],[79.28401760559704,13.12276988758151],[79.29873955400268,13.08674954966544],[79.32473168421619,13.077681158392428],[79.33494694474152,13.060554038948554],[79.35149703212396,13.062490809678232],[79.37950821666837,13.080118844114272],[79.41675236565304,13.084631506563476],[79.42033782941284,13.103812046712713],[79.40161290725278,13.104211944377735],[79.41331275685434,13.118750196979237],[79.41877714135398,13.14995699677141],[79.43861128526054,13.12506412859135],[79.45352469609428,13.126484031351199],[79.42897652864823,13.116501515848723],[79.44366251300148,13.11401264535552],[79.45093762083954,13.093247795822416],[79.46241902531679,13.09540485780339],[79.46454399281632,13.107349352819185],[79.47528774300308,13.107666541234526],[79.47418840362302,13.127123680064747],[79.481714556447,13.128160292742413],[79.48268780919213,13.139915302001482],[79.50030581737764,13.136099375249161],[79.52264509581195,13.144186144790652],[79.53257712381641,13.13648430667272],[79.56845924177738,13.137498918760254],[79.57091169730025,13.121888937862405],[79.59693751343862,13.123150167292415],[79.5889697658889,13.147274347965475],[79.63458445442022,13.147639388009337],[79.63009709469158,13.172867536839345],[79.64494880833325,13.179058900685604],[79.64813271078805,13.19949608763989],[79.66120642941205,13.210423167835438],[79.67151065818481,13.203791531763969],[79.67013740810155,13.183245909156518],[79.70075689509083,13.191645794583737],[79.7007908702732,13.181187595289426],[79.69181882959205,13.17723975258667],[79.69486286884866,13.159043347799585],[79.73653985521412,13.166943289578544],[79.73605320997696,13.117883772384307],[79.72409128317949,13.11667262633902],[79.7189133920852,13.104910017825201],[79.70222805974342,13.110799610750176],[79.7014732880552,13.099415052638003],[79.73632938982452,13.095118692614568],[79.73811942226702,13.065528278313854],[79.72577426069462,13.067964591264],[79.718614131823,13.053735006076373],[79.73721849288542,13.061009091936906],[79.74771501772281,13.049583604646632],[79.76210470086443,13.05178622497295],[79.77588847483847,13.062819948889219],[79.77908708271445,13.053669065410453],[79.78884531455918,13.056574320846371],[79.78697953707027,13.028909291144505],[79.79666913313574,13.027665214968303],[79.80105232422403,13.014948429608515],[79.82655187942117,13.030363088576655],[79.83049893484578,12.996991742401006],[79.81296473139146,12.990306825612603],[79.8199891948922,12.98792676075107],[79.82124900661972,12.962016091405328],[79.83185690458605,12.963880419020873],[79.85257322644098,12.948385670434881],[79.89042356576586,12.945051577396631],[79.91404399540727,12.978924262801652],[79.88923629299755,12.993714398776836],[79.90841501259813,13.00420276960204],[79.92859086036742,12.990053835349773],[79.94225646096582,13.00133974139018],[79.94183653360479,13.008571968847237],[79.92004150757018,13.019500046032396],[79.90041004155802,13.016984813907772],[79.90067997631773,13.049462611910158],[79.91779165897479,13.047639342328397],[79.9181954507967,13.034979962204845],[79.9489642243115,13.032677804603903],[79.96882875822412,13.037476087121407],[79.9698699999615,13.049009782335553],[79.98653789241033,13.056176159990255],[79.99085546875367,13.051573427368144],[79.97887324003078,13.049160185379865],[79.97420872893483,13.038911520761554],[79.98191332759846,13.031699850235931],[79.98845882555939,13.03142151584083],[79.99455511018272,13.046744876413156],[80.02378087538177,13.040352348368287],[80.02245582440507,13.023900525143564],[80.04272067276113,13.019040577322034],[80.04201163340568,13.029697542395537],[80.05244062379836,13.022772377056855],[80.07105454203705,13.03741632687095],[80.08002016335716,13.016117381749632],[80.08179442587483,13.041038800277681],[80.12794285831367,13.034200831300517],[80.14848804661541,13.064410874251898],[80.15335927443127,13.049491344616598],[80.1457152868965,13.039860899215842],[80.15796345467274,13.041292324854435],[80.16136667092263,13.081140735949749],[80.14043624100962,13.098552112220718],[80.14577911758732,13.139411672999833],[80.17713297462645,13.139629802719616],[80.17596784532991,13.147340337921277],[80.19459176810594,13.153984170760099],[80.19080017332776,13.168718779563585],[80.19956187079016,13.18122688622886],[80.21592809010195,13.172259741689343],[80.22275130582624,13.199762080427213],[80.27043910391238,13.20326838257657],[80.27531027064279,13.229325812578676],[80.30334748656752,13.21284742966859],[80.33188192539187,13.235440511575504]]],[[[79.84781014770047,13.324316106693033],[79.84765106504682,13.324351322913742],[79.8475159772927,13.324482479623573],[79.84740442989063,13.324805410388526],[79.84726775301677,13.325271976968374],[79.84689847716304,13.325809361035173],[79.84623394843159,13.326740714948562],[79.8456676612563,13.32757667936576],[79.84549777276806,13.327312365740868],[79.84507669286853,13.32652881124315],[79.84432334860327,13.325567049933182],[79.84367718143628,13.325204732743723],[79.84323819721477,13.324975129157135],[79.84290968511202,13.32465019510712],[79.84272871770138,13.324146246726459],[79.84264747766038,13.323235461771876],[79.84267505773623,13.322576735273017],[79.84282762401081,13.322170369993446],[79.84295439606032,13.321951900099178],[79.84316482641563,13.321768038200833],[79.84337483366446,13.32167316221078],[79.84373126720288,13.321633713872272],[79.8440731767798,13.321710567670479],[79.84437272270624,13.321883063138285],[79.8445952704364,13.322089433225365],[79.84469923515918,13.322261035925072],[79.84476830572306,13.322425636637744],[79.84478188735184,13.322507839922496],[79.84483666302461,13.322740827021804],[79.8449195415927,13.322939716372987],[79.84511463770613,13.32304328167512],[79.84536581025284,13.323106030808637],[79.84561067842287,13.32302500169488],[79.84578589032745,13.322902584708755],[79.84599670875497,13.322636579761204],[79.84625593559649,13.32247347309787],[79.84642364297521,13.32246054543619],[79.84666782932395,13.32252326062937],[79.84684203511542,13.322613040050994],[79.84688297313954,13.322818582579856],[79.84685484419305,13.322910866299411],[79.84674605641553,13.323125506603484],[79.8465772261427,13.323375079859488],[79.84659074668605,13.323469997140775],[79.84668109923732,13.323566239575538],[79.8467993283085,13.323676301188202],[79.84698058407831,13.323752421811866],[79.84714114535896,13.323773686910341],[79.84726005355648,13.323740000343122],[79.84753344683006,13.323535885187775],[79.84788419403273,13.323222597088803],[79.84818558959032,13.323004916617482],[79.8484161961069,13.322985427700848],[79.84865977878779,13.323014234058629],[79.84902649803622,13.323015898418074],[79.84945405389064,13.323077730587777],[79.84977142418896,13.32317500291295],[79.84991743186366,13.32331941393019],[79.85001426216643,13.323523498673378],[79.85004991540177,13.323739285300054],[79.85003650265624,13.323990787138545],[79.84986389586597,13.324301463205318],[79.84965467194809,13.324599993674456],[79.84934816497652,13.324790271297607],[79.84914024361579,13.324813287190967],[79.84883520808467,13.324692112377612],[79.84851806416182,13.324546923327386],[79.8482378194376,13.324353986398625],[79.84806696526044,13.324293315404745],[79.84781014770047,13.324316106693033]]]]}},{"type":"Feature","properties":{"id":"d:606","name":"Tiruvannamalai","district":"Tiruvannamalai","state":"Tamil Nadu","dtcode":"606"},"geometry":{"type":"Polygon","coordinates":[[[79.55962175704771,12.853552731630208],[79.53917559273471,12.862933621673733],[79.5086235368839,12.857181221397825],[79.50063298290578,12.87200630241259],[79.4725588596976,12.874266963570337],[79.47288682562468,12.851311553720457],[79.45699762969507,12.844198142858849],[79.45736055895131,12.81046777718975],[79.47714923642641,12.807130265939756],[79.47645566516186,12.799528446656765],[79.46229849476188,12.7985298246874],[79.46752516796933,12.756653395917118],[79.45338587673848,12.740260284713669],[79.47532651159581,12.731399322623451],[79.46261920319976,12.716963098413219],[79.46546359188446,12.700542102704555],[79.45499009895265,12.699098941930233],[79.45900985772812,12.686853908435955],[79.45097744674936,12.671181768673785],[79.40990765773557,12.656088961693941],[79.38291698989664,12.628267034171175],[79.35181753394936,12.646366922629102],[79.36243525229837,12.651750891303072],[79.3605699473233,12.667068103920919],[79.3533662079396,12.668238043191709],[79.39494656612321,12.689833203677734],[79.38007237932807,12.707768903183947],[79.3923782809293,12.713924499264854],[79.39547287377682,12.72938176262319],[79.37978223876264,12.733472473383236],[79.36685950986993,12.714182005587096],[79.35564424566863,12.718949439191615],[79.35774098630527,12.696803101219198],[79.34512772972285,12.694889836594115],[79.33894427797425,12.701225530602086],[79.34781380740674,12.712996145883011],[79.34338681985507,12.731539851352188],[79.28949133257565,12.752873036236295],[79.28362574430042,12.763379198958184],[79.28781020199675,12.779149878241997],[79.26204767039009,12.794122267598647],[79.26175521396789,12.818713590990535],[79.25025207744727,12.823901203600341],[79.25232352601711,12.808119632578292],[79.24020879039992,12.808595588570507],[79.2381317300545,12.797645240817065],[79.20868150012046,12.784729362692367],[79.21389585203552,12.760805037285309],[79.20724236579765,12.741780669606069],[79.18905672565884,12.748279079234166],[79.1739970825716,12.741501180422413],[79.1717081644479,12.760498472198512],[79.16113275944369,12.772897379877385],[79.15922414399382,12.752766889163109],[79.13204388222263,12.762404325901091],[79.08976450898383,12.7585187056308],[79.07799503904948,12.749056304685794],[79.07346947666672,12.755903268407204],[79.05979229139439,12.73843265401095],[79.05707281704322,12.718049963435272],[79.02394207620245,12.689046377594796],[79.02655643329233,12.679774314588267],[79.01215885216276,12.657267331402522],[79.02383961615773,12.692610032138221],[78.99539564576733,12.706021715705363],[78.97147971441491,12.66686305638383],[78.94793449532231,12.679855154380357],[78.94994319836624,12.686403762734976],[78.92756467972366,12.675877642294807],[78.91186033821485,12.687301252426034],[78.8972719297661,12.67913535418086],[78.89627362839762,12.689937562108033],[78.86577077327492,12.631655622223688],[78.85831028639987,12.633359087142646],[78.81771103133866,12.529280710939299],[78.798233644364,12.497275836605953],[78.78981948622041,12.499853924395156],[78.78209281864522,12.484352876065703],[78.77470538636231,12.485326350835273],[78.7775535461746,12.459799735719173],[78.75856210644618,12.442743127901423],[78.76881085975856,12.437454935772454],[78.76871151686791,12.422480781204063],[78.7509839699133,12.385270369887827],[78.7291769585562,12.373837390781153],[78.7100111396614,12.304134327778089],[78.67843638330066,12.271797456835644],[78.64803327890375,12.258377019436619],[78.65083998505894,12.240217055624207],[78.66538359542277,12.233331845585505],[78.66872505070029,12.23843888289699],[78.68864720794514,12.2219424753893],[78.66967971640386,12.197497755603809],[78.65499958277806,12.196586437914942],[78.65000453298008,12.18817983422511],[78.640673478799,12.197667433358212],[78.63283472932413,12.176785744995486],[78.64786194502625,12.162163441793178],[78.63135080410291,12.127862457413688],[78.65722570956174,12.125022797687269],[78.66443632105738,12.115444262403098],[78.66120577897135,12.102477095296512],[78.68411198597816,12.105913362591638],[78.73763752456568,12.133921448750087],[78.74521727716774,12.123920391272868],[78.7270966516993,12.099370632673113],[78.70401208598949,12.030064610381038],[78.6977167167329,11.99251068402895],[78.70271482439614,11.986299069754743],[78.73649209442497,11.987965465410221],[78.75751223998374,12.011612173092495],[78.78029220584531,12.00768895811637],[78.80431587574304,12.019606724369405],[78.82872284239946,12.007729471362534],[78.86137724078105,12.012268452240171],[78.8688248673745,12.00370355505061],[78.91202502455927,12.005373487866024],[78.94330743409229,12.0289569350431],[78.94891269239477,12.04094220965308],[78.94153961519015,12.050572504085078],[78.95971612844565,12.068747158155327],[78.98101483259086,12.065562875591331],[78.98847334766384,12.055069351569106],[78.99504558757248,12.06763220096242],[79.03150072917511,12.064417154157297],[79.02286357773694,12.050063119405435],[79.05249163636798,12.03653143410864],[79.06048662892191,12.052208654268167],[79.06877094008277,12.052513494194944],[79.06304460055806,12.069868633249085],[79.07882421190446,12.071241614246349],[79.08645531130985,12.081078319246025],[79.09848079660863,12.066087501261382],[79.08797260894387,12.042433231746859],[79.0768732669401,12.044243740167538],[79.07891005042146,12.031502424403103],[79.12543036113341,12.018774698014061],[79.14749009642775,12.044122152776751],[79.1726295826045,12.030478391945055],[79.17621395670787,12.047436681581472],[79.19014205132052,12.048211443777006],[79.20073247076637,12.06988660822604],[79.23361994782823,12.05915978120196],[79.23790686467089,12.076555373216989],[79.25717840718974,12.079869272727974],[79.27879505296178,12.106749004330712],[79.27858195371175,12.123359515607426],[79.21061625205355,12.166090095904389],[79.21086794831807,12.193986709019748],[79.21891906222103,12.197821710273077],[79.22231896458588,12.183790919849432],[79.2345725213555,12.184080417829843],[79.23312585106576,12.1978032100781],[79.21573493159421,12.212313395972991],[79.2359434241409,12.212193489285958],[79.22510741966943,12.222023582603791],[79.24840835359856,12.240988944701483],[79.24025672360517,12.25386938881825],[79.24504951142875,12.273994407107644],[79.28013805766773,12.291841424845481],[79.27379876708196,12.305470858128855],[79.28516571900549,12.306410741112153],[79.28933074793882,12.317933210733456],[79.25185532319273,12.323192658891669],[79.23413633628446,12.315748424886461],[79.23461073838261,12.329868192896337],[79.19816454130527,12.342973522760186],[79.23915008810835,12.346526577067843],[79.2246900444221,12.367698242280522],[79.23705801421958,12.368489183064419],[79.24850801628943,12.382988542353146],[79.2427068012875,12.397160541241348],[79.22721736374416,12.401930322235458],[79.23175778516,12.442959492133712],[79.26948638839085,12.447739323790445],[79.30897161571876,12.438681527035369],[79.32525833412791,12.450775874612475],[79.4016160630344,12.435707444224954],[79.41125188055706,12.406766249590673],[79.42061009889399,12.410850918948281],[79.4283657901377,12.400924221726015],[79.43306236659772,12.409958498233284],[79.43912763059768,12.389089263712489],[79.44822882116887,12.395785500925077],[79.45113829459254,12.374207188189198],[79.47287327723359,12.364962282840109],[79.48588834844595,12.374620944194008],[79.49326132863254,12.370279055815544],[79.48886195439441,12.349394709872366],[79.49664788023563,12.34493045460944],[79.51792723107633,12.35327377030332],[79.52953833341599,12.370073974127148],[79.598220289698,12.348206076564896],[79.60815260426503,12.378051512223545],[79.6209850569633,12.374445454258842],[79.6217121946768,12.349491558416236],[79.63830352012069,12.343032812744822],[79.64712195607476,12.358865409025347],[79.66367394608898,12.368061922782076],[79.66756838539075,12.37700330616541],[79.66008912642123,12.3789686821624],[79.66945710764867,12.393806223174565],[79.69775574230421,12.402248469590019],[79.6915434321771,12.420939346748895],[79.70732384841402,12.415127508384577],[79.7058571304221,12.431385708435334],[79.71672391387015,12.431576934787909],[79.71783485139888,12.439246666422752],[79.73627103167043,12.42840512669566],[79.73336650077742,12.454084404435623],[79.7494646205876,12.456744615606016],[79.74728786880522,12.484144564603403],[79.72071689566367,12.50050714192348],[79.74975306423545,12.502853127068166],[79.75615046144708,12.514955599563434],[79.75383203276796,12.524134149941775],[79.71463110426117,12.549590594635298],[79.7169284638536,12.568084728431423],[79.70565148000242,12.56945299936564],[79.71577786301015,12.581151599385302],[79.72492929455859,12.578974617397286],[79.72461482941192,12.587390424262233],[79.68836262891006,12.601561023345061],[79.6658082704405,12.593397623278648],[79.64567209227418,12.60308081139242],[79.6454431260813,12.625200474574068],[79.63031574642835,12.631017749231578],[79.6465780243736,12.670388572842091],[79.68249007958973,12.667984129376357],[79.74194440023776,12.694867342307829],[79.73646257315023,12.719289492174372],[79.71316514175238,12.728305476785744],[79.74148274074189,12.73462734370333],[79.74482945655369,12.743864161195557],[79.7311133517717,12.755981941788786],[79.70934844355361,12.758701088924758],[79.70749395339622,12.777833448578791],[79.69694829161108,12.77625433542803],[79.67745355457505,12.790197178663737],[79.65453130635224,12.764166846747118],[79.64619267765943,12.772488133673265],[79.65019504055941,12.782489988330092],[79.63533466805671,12.78638657779725],[79.64292000099334,12.802580378010962],[79.63832425413575,12.814756586376037],[79.59636512760082,12.828887298213532],[79.55962175704771,12.853552731630208]]]}},{"type":"Feature","properties":{"id":"d:627","name":"Tuticorin","district":"Tuticorin","state":"Tamil Nadu","dtcode":"627"},"geometry":{"type":"MultiPolygon","coordinates":[[[[78.28097379535042,9.284194203165018],[78.27629325202157,9.291462112284622],[78.21581421324748,9.301491865604875],[78.20880651859815,9.327211722182911],[78.17126343723639,9.342276186354967],[78.16838945085969,9.368903451634468],[78.14891174857641,9.37197437756541],[78.0802834127337,9.357825379217156],[78.05695887377385,9.362549756408146],[78.0500214273797,9.345080173621927],[78.03395279656533,9.333710920757316],[78.04979395778007,9.30657265232333],[78.0105988485597,9.308288210153094],[78.00844475857697,9.27378986409301],[77.98770988561313,9.268220271408861],[77.98390561291136,9.251498046135197],[77.95683000756567,9.248596951077301],[77.9561437521808,9.230568392576073],[77.94780783819672,9.230597095385184],[77.94480745706294,9.219973876419825],[77.93210871679807,9.222855550733465],[77.91605857960049,9.200841269570017],[77.87822693242002,9.207881461571235],[77.87487319986752,9.226420982785802],[77.88636229392361,9.232600936002777],[77.88021029309141,9.245177628638093],[77.80750460837866,9.245210216426301],[77.79644870800374,9.256190516402778],[77.7966629795552,9.273012171254203],[77.77350333804382,9.27644156820568],[77.78965837241549,9.251510246165774],[77.77026743032063,9.235892168174132],[77.75847106303003,9.26660400720303],[77.73851060341808,9.263900393776598],[77.74475128593514,9.226022646249444],[77.73286919601024,9.219877899860222],[77.73449600366729,9.196306250104456],[77.70584468234635,9.188388258343467],[77.70463913784516,9.165622014185],[77.6901119370066,9.158874999862379],[77.70048084627646,9.140184479336542],[77.69652662229588,9.133923910707809],[77.6741053168963,9.138063541775853],[77.67991942362092,9.1058207704371],[77.73997921056706,9.106784712158264],[77.7448606692957,9.079857635043696],[77.73915516978728,9.07296959185622],[77.70423438662255,9.073425539678887],[77.70174915965977,9.063046343103894],[77.71363384391923,9.045557501305083],[77.69395316639917,9.031971821995636],[77.6966752234068,9.020334805287206],[77.68826144525056,9.014662537691494],[77.6891232269504,8.999748272607157],[77.72201420744186,9.002540316748252],[77.72684830519208,8.996657848640854],[77.7292275246631,8.9830586964101],[77.71988403959514,8.966618888767446],[77.70303838941621,8.968864714666186],[77.69056565539536,8.993948167013611],[77.67598684185215,8.989311767228628],[77.69510629959342,8.927428356044368],[77.73634530964712,8.923897576575234],[77.74512241501331,8.933054246221273],[77.75999189014478,8.927623315219858],[77.76195582923975,8.886832648135085],[77.8121676848651,8.871949601557676],[77.80772316040247,8.866492109758033],[77.81820592394804,8.837574293420657],[77.83132865285731,8.833430773363892],[77.85166206243248,8.802139793629266],[77.84390119509612,8.786686771582147],[77.81808054877877,8.775937026070464],[77.82808678121896,8.734403835361718],[77.81029805001035,8.683289189802192],[77.82427824062128,8.681839573634347],[77.82432023865744,8.674823037812859],[77.80610742358297,8.647280902761432],[77.81912243640485,8.650253600085751],[77.81893494992022,8.631051640020175],[77.80565140191383,8.611910713648909],[77.78682493060082,8.62069613133093],[77.78107500221505,8.583470884117391],[77.80313338644318,8.57612413787518],[77.79702217990467,8.565425499283412],[77.81212781942943,8.570361103810205],[77.82029029388492,8.540548861652892],[77.80726656201489,8.531716585334813],[77.82581225680104,8.515492484186236],[77.82675160802565,8.489931043302807],[77.839394630285,8.484353979053347],[77.84360555414625,8.47120755402682],[77.83290011710632,8.456996987686702],[77.84048371359948,8.451382961700759],[77.83210431756243,8.432321679418287],[77.84814180558253,8.423756279834974],[77.85159424412011,8.402680050733789],[77.85986207119552,8.396297025771348],[77.85711613606932,8.384763948248604],[77.83558851244365,8.38231147122577],[77.85486059215505,8.375685681912959],[77.85324512213519,8.366969143676597],[77.84128360496949,8.363084591378364],[77.84669110455212,8.35441849140551],[77.86036855392913,8.356304758990463],[77.85873078143574,8.340517502243907],[77.8722622384094,8.350238273043383],[77.88945755062615,8.342069039033118],[77.89270275681083,8.32206375592068],[77.96695618755415,8.333782679386285],[77.97011703295054,8.340757807314082],[77.97174857203419,8.333260975215346],[78.06748418781946,8.373355161814546],[78.05689638965761,8.379411279050073],[78.06388973731356,8.417985279036838],[78.13058942976713,8.49690902168956],[78.12190006914298,8.515695111394582],[78.13797262110357,8.58596380075692],[78.12729328820751,8.615037682164788],[78.13143572361315,8.662913944304357],[78.12563863457329,8.66508837611746],[78.162993752445,8.741345521438827],[78.1915769652977,8.747920097055857],[78.19825271987317,8.76108014525009],[78.19913448908805,8.787475299216347],[78.19248176372325,8.786814197995811],[78.19655666019254,8.76927137660473],[78.18705554504673,8.764139952437334],[78.1618091306051,8.777736505405462],[78.15808082573197,8.796964934011845],[78.1665764287325,8.81174363218614],[78.1669276250928,8.872887245180461],[78.18664195260509,8.92359091396987],[78.21504443340578,8.96603792641878],[78.38488733302084,9.09472233086336],[78.36540185042887,9.103147863794257],[78.35680092984273,9.098613033013159],[78.3563763923277,9.118056856391755],[78.27394606557529,9.141485909561807],[78.29612056693536,9.20508086539375],[78.26935484622675,9.20209872403283],[78.28097379535042,9.284194203165018]]],[[[78.20999915520703,8.839223908001713],[78.21921643057081,8.833899907758799],[78.21578727726369,8.842005242421164],[78.20999915520703,8.839223908001713]]],[[[78.22342080122203,8.872782705971327],[78.22299366937243,8.87289193862474],[78.22269934804768,8.8729100751296],[78.22256818323642,8.87290909880805],[78.22220473744889,8.87278673108027],[78.22193651218312,8.872599800005254],[78.22182158531896,8.872377748724015],[78.22176484503065,8.872170635058758],[78.22180957664023,8.872036799717122],[78.22190822243819,8.872001272176686],[78.22212285960397,8.87204638366729],[78.2223329261416,8.872214750678673],[78.22260180538086,8.872314658727603],[78.22285755843718,8.872222280794814],[78.22299770011311,8.8719985011917],[78.22345996956504,8.871282033121089],[78.22427678878827,8.870348929762782],[78.22457557204505,8.86962138511199],[78.22475425773483,8.868753337681921],[78.22492675672727,8.867859861774601],[78.2252000071687,8.867364525869048],[78.22551386505424,8.866812054012915],[78.22592179810958,8.866347307171957],[78.22600559655255,8.866347930253763],[78.22609630124342,8.866399370002494],[78.22612378699618,8.86662077075271],[78.22609991157256,8.86688893084171],[78.22595884822519,8.867235995608972],[78.22569559962612,8.867705442824192],[78.22559159358086,8.867969380804954],[78.22547943173109,8.868349296406265],[78.22557636084856,8.868542203029506],[78.22573658975253,8.868554272282582],[78.22590465196575,8.868493876309024],[78.22607481174522,8.868161645022381],[78.22628845986587,8.867731716896559],[78.22641979176375,8.867225027797872],[78.22643107640036,8.866571494068394],[78.22658614717798,8.866299775435253],[78.22665661731705,8.866255878337206],[78.22678366065779,8.866320278556655],[78.22713709561981,8.866805185920336],[78.22755219723113,8.867569765018093],[78.22784562922376,8.86840324505192],[78.22781835457509,8.869329135605774],[78.22767169921508,8.870178385569917],[78.22739909196737,8.870817288387363],[78.2270902287148,8.871189398420912],[78.2268726792109,8.871289313849454],[78.22620133316475,8.871531812702756],[78.22519467387087,8.871892981854922],[78.22437934495268,8.872264040806698],[78.22342080122203,8.872782705971327]]],[[[78.27358180771073,8.943292814969752],[78.27372622985895,8.94396474478702],[78.27371211283427,8.944300526871563],[78.27362332604652,8.944477562365128],[78.27329104371452,8.944562146718646],[78.27308752769193,8.944484496440616],[78.27297266370984,8.944247940034147],[78.27297614827482,8.943780173302878],[78.27291262929938,8.9435004811221],[78.27265174955775,8.943295486913627],[78.27247323275122,8.943286919122768],[78.27200805365607,8.943598981806755],[78.27179249841204,8.943669920031057],[78.2716184345544,8.943552595974133],[78.27148216641402,8.943254236393068],[78.27102821266665,8.942480133146924],[78.27087245288119,8.94235206499768],[78.27069026466013,8.942347097352195],[78.27064215897833,8.94244465238446],[78.27062696128037,8.942527945161626],[78.27068680524798,8.94281123736505],[78.2710724780506,8.943387034034783],[78.27112247199109,8.943525201246885],[78.27100177614615,8.943582331643352],[78.27086345535534,8.943559554914295],[78.27061645099153,8.943448945730783],[78.27022859079122,8.943166864429577],[78.26978553091328,8.942467350204998],[78.26945844084362,8.941855721626355],[78.26912053775288,8.940433650750213],[78.2690544540873,8.939887407900962],[78.26923553019405,8.939552404436649],[78.26955110206518,8.939142238415519],[78.26990271434549,8.939030601163216],[78.27044423227349,8.939110742660889],[78.27085744472775,8.93929147494013],[78.27130612626271,8.939611003221195],[78.2720471887614,8.940516008666753],[78.27265407978759,8.941453343347847],[78.27333835259063,8.942491196314705],[78.27358180771073,8.943292814969752]]],[[[78.25309403163713,8.95205786914002],[78.2535262802906,8.952251456565493],[78.25435808071784,8.952746266579014],[78.25506023628323,8.95351933372321],[78.25529815867948,8.954111272416377],[78.25521815112702,8.954573930606427],[78.25504166720799,8.955143755328146],[78.25482537265053,8.95547888109401],[78.25438184295372,8.955816455674581],[78.25369451857364,8.956101451916597],[78.25318267020283,8.956315225572329],[78.2523062342858,8.95639415911299],[78.25206742255737,8.956424624919007],[78.25188646233329,8.956394270033257],[78.25165829025113,8.956272390811135],[78.2515641836403,8.956133506126658],[78.25150337398375,8.955980751902016],[78.25156364644772,8.9557201110424],[78.25174287471997,8.955634412979075],[78.251914298429,8.955617555723244],[78.25201685818669,8.955549418575433],[78.25201071371015,8.955397071405788],[78.25194625958851,8.955244290250793],[78.25182713938857,8.955091102618237],[78.25139248504676,8.954732502108124],[78.25101375083139,8.954207510103387],[78.25072518591101,8.953671913282845],[78.2505399586893,8.953101218406566],[78.25057096673628,8.952854863928842],[78.25067439875811,8.95267069360903],[78.25096015644324,8.952473375008323],[78.25152267159268,8.9522155579159],[78.25226111999389,8.951976724211924],[78.25309403163713,8.95205786914002]]]]}},{"type":"Feature","properties":{"id":"d:605","name":"Vellore","district":"Vellore","state":"Tamil Nadu","dtcode":"605"},"geometry":{"type":"MultiPolygon","coordinates":[[[[79.28401760559704,13.12276988758151],[79.2773587321624,13.15621650441018],[79.26208754660554,13.149041845147405],[79.26036684164511,13.159562611568333],[79.2532732860209,13.160255107044073],[79.25409224233621,13.146131987696592],[79.24527305718719,13.138275816140911],[79.24268692875677,13.171002970217836],[79.23389566504342,13.169998770859932],[79.22732232290195,13.155615674608839],[79.21468624012813,13.156957802919527],[79.21003004294015,13.148458090673573],[79.23287296992338,13.139370221603963],[79.2344266663944,13.105228876980052],[79.19829339295471,13.081341318392388],[79.19068782816126,13.088732697693496],[79.18065877941119,13.084242356154054],[79.19212109019708,13.067431587376488],[79.17829799157317,13.059186229579334],[79.19209993307551,13.056146237059314],[79.17966167370034,13.054499213635854],[79.18043969738137,13.048849544613546],[79.19299645981391,13.046695497403078],[79.18483340055514,13.029852803961685],[79.16312114169754,13.020270372966094],[79.11448180763828,13.03927214174082],[79.098307975121,13.026064379600905],[79.08090729455559,13.025727123867888],[79.0628663280933,13.040637684404405],[79.06339763397314,13.053107343894203],[78.99500118205135,13.086608659611224],[78.97230217326147,13.083806497026245],[78.9702795292627,13.074713863393118],[78.94919410223393,13.083994463382103],[78.92394154780733,13.080809067033083],[78.92173996479386,13.066093664327848],[78.91259782631703,13.06593221960511],[78.90367541306378,13.047705616274541],[78.9291631176857,13.045758779432923],[78.94080990560002,13.036409829411019],[78.93710704910056,13.030426710091996],[78.92912447306047,13.036493611369659],[78.89164302061882,13.033058363273168],[78.89158114196708,13.09708733138845],[78.8750975910011,13.096816373015393],[78.87097150583193,13.081883497248787],[78.84203642557738,13.078613089713715],[78.81313985520075,13.08914229620463],[78.79430397223848,13.066583926367697],[78.75177602797406,13.054941809390861],[78.71451634262658,13.068678314368533],[78.70527143238968,13.015238620979554],[78.65621469703196,13.031169391068543],[78.65552037657245,13.015248063919396],[78.6208968135959,12.991240366590807],[78.64716929902643,12.966237126149005],[78.63824292599939,12.964076714962516],[78.65701386256325,12.93210639493219],[78.6334356151126,12.931746020246436],[78.60290455109339,12.844737097819479],[78.6539476286309,12.865324750155752],[78.71206821159348,12.859802728815728],[78.71627656627297,12.850181666599612],[78.71868883476331,12.864700878687616],[78.73040828021443,12.865650542943497],[78.73413906623438,12.830443061714528],[78.74917166733663,12.817707530437676],[78.78258346408035,12.847294341723822],[78.82414689980065,12.860187693986335],[78.89991706762923,12.907292473936987],[78.9178883212322,12.910673587914783],[78.90177083464279,12.870850457686084],[78.90369444566971,12.849183104576017],[78.8997290700032,12.85685320623555],[78.87621363814714,12.8533736863369],[78.8775173271864,12.841636160645042],[78.89305251772379,12.842480055928311],[78.89754877526534,12.834196329188533],[78.87491047731731,12.83598649698894],[78.86499431356077,12.826246238774882],[78.86534031586211,12.818594460576051],[78.88469327628843,12.810522746876012],[78.87180838982533,12.774421433089891],[78.86105450304893,12.774984321960204],[78.84891154326381,12.756486168412463],[78.8536760251728,12.716607445401548],[78.8448759256303,12.696751713007908],[78.8564176924031,12.682705624938826],[78.8414763430657,12.678419467755445],[78.83578078611086,12.658034887130949],[78.8086456494113,12.636211177342927],[78.83765329467619,12.643439981275353],[78.86577077327492,12.631655622223688],[78.89627362839762,12.689937562108033],[78.8972719297661,12.67913535418086],[78.91186033821485,12.687301252426034],[78.92756467972366,12.675877642294807],[78.94994319836624,12.686403762734976],[78.9495959393218,12.678647970149283],[78.97633165540161,12.668072719829048],[78.99528514580086,12.70602172271589],[79.02383961615773,12.692610032138221],[79.01215885216276,12.657267331402522],[79.02655643329233,12.679774314588267],[79.02394207620245,12.689046377594796],[79.05707281704322,12.718049963435272],[79.05979229139439,12.73843265401095],[79.07346947666672,12.755903268407204],[79.07799503904948,12.749056304685794],[79.08976450898383,12.7585187056308],[79.13204388222263,12.762404325901091],[79.15922414399382,12.752766889163109],[79.16113275944369,12.772897379877385],[79.1717081644479,12.760498472198512],[79.1739970825716,12.741501180422413],[79.18905672565884,12.748279079234166],[79.20759039829156,12.741942464788963],[79.21389585203552,12.760805037285309],[79.20868149742553,12.784729326774517],[79.19549454256668,12.792456915145678],[79.17789016990892,12.825043004636187],[79.19467699391147,12.892870420669219],[79.21090365904554,12.895211699427174],[79.18635301943587,12.918530278723697],[79.1943831001848,12.93352916273446],[79.21000505270726,12.938514601267398],[79.21673353120337,12.954950329413599],[79.24164542111805,12.95531155913812],[79.26785374976929,12.940141038317167],[79.2659796844236,12.98741540405861],[79.294543849399,13.047188209781654],[79.27245434303785,13.087019997619963],[79.29338145637081,13.101413797615523],[79.28401760559704,13.12276988758151]]],[[[78.52281872841785,12.71915119641032],[78.5191695687145,12.736283887268481],[78.51802818458587,12.724767159392192],[78.5092717162167,12.72423450881605],[78.52281872841785,12.71915119641032]]]]}},{"type":"Feature","properties":{"id":"d:607","name":"Villupuram","district":"Villupuram","state":"Tamil Nadu","dtcode":"607"},"geometry":{"type":"Polygon","coordinates":[[[79.6403907008861,12.344682487582109],[79.6217121946768,12.349491558416236],[79.6209850569633,12.374445454258842],[79.60815260426503,12.378051512223545],[79.598220289698,12.348206076564896],[79.52953833341599,12.370073974127148],[79.51792723107633,12.35327377030332],[79.49610555023061,12.345134095783095],[79.48886195439441,12.349394709872366],[79.49326132863254,12.370279055815544],[79.48588834844595,12.374620944194008],[79.47287327723359,12.364962282840109],[79.45113829459254,12.374207188189198],[79.44822882116887,12.395785500925077],[79.43977141183927,12.389075528072226],[79.43620436803435,12.394016458368979],[79.43804657642517,12.408004933976498],[79.4283657901377,12.400924221726015],[79.42061009889399,12.410850918948281],[79.41125188055706,12.406766249590673],[79.4016160630344,12.435707444224954],[79.38248488227869,12.442329693282069],[79.36184038701893,12.439725583837383],[79.32525833412791,12.450775874612475],[79.30897161571876,12.438681527035369],[79.26948638839085,12.447739323790445],[79.23135756503967,12.442787863255711],[79.22721736374416,12.401930322235458],[79.2427068012875,12.397160541241348],[79.24850801628943,12.382988542353146],[79.23705801421958,12.368489183064419],[79.2246900444221,12.367698242280522],[79.23915008810835,12.346526577067843],[79.19816454130527,12.342973522760186],[79.23461073838261,12.329868192896337],[79.23413633628446,12.315748424886461],[79.25185532319273,12.323192658891669],[79.28933074793882,12.317933210733456],[79.28516571900549,12.306410741112153],[79.27379876708196,12.305470858128855],[79.28013805766773,12.291841424845481],[79.24504951142875,12.273994407107644],[79.24025672360517,12.25386938881825],[79.24840835359856,12.240988944701483],[79.22510741966943,12.222023582603791],[79.2359434241409,12.212193489285958],[79.21573493159421,12.212313395972991],[79.23312585106576,12.1978032100781],[79.2345725213555,12.184080417829843],[79.22231896458588,12.183790919849432],[79.21509623032553,12.197664634181438],[79.21061625205355,12.166090095904389],[79.23800155788163,12.1533754923472],[79.2587947422872,12.13065564556267],[79.27667461297126,12.126048103967834],[79.27921715873737,12.107879073586338],[79.25717840718974,12.079869272727974],[79.23790686467089,12.076555373216989],[79.23361994782823,12.05915978120196],[79.20073247076637,12.06988660822604],[79.19014205132052,12.048211443777006],[79.17621395670787,12.047436681581472],[79.16840991723723,11.992197886166936],[79.1863827321122,11.985762709384188],[79.18470415095206,11.972754790209859],[79.21047748030844,11.974045267995276],[79.23719630356936,11.952141358614716],[79.29264736569706,11.94412566139633],[79.30552580315471,11.933905098365285],[79.30812713826626,11.920391085610255],[79.34875222618007,11.926007013881831],[79.37880460583222,11.918027823635505],[79.41457164241878,11.898897416756286],[79.44097926590905,11.872776634837349],[79.52916058734746,11.857094844596192],[79.56502263065678,11.83992959359678],[79.59081959917984,11.841475745597009],[79.64110059364106,11.798497860415715],[79.68572275876778,11.812505583931785],[79.69080681993233,11.822117944241308],[79.68563319224238,11.832460808116016],[79.70309236121764,11.831910000660267],[79.6898235680398,11.880841917586569],[79.67400420624203,11.880695563576147],[79.67384523857271,11.891611360308394],[79.69538900402573,11.894789374947567],[79.69620257314429,11.919165401270078],[79.71866113257698,11.919037265626777],[79.70660186972523,11.913621331907523],[79.70527926216612,11.893919110150621],[79.71119423622241,11.890708363098177],[79.72888439978644,11.890205589778263],[79.73130992022384,11.903208699424596],[79.74069668881715,11.905438149575582],[79.71753057943575,11.928986094971572],[79.72089107181071,11.94489983371562],[79.70967826629835,11.949956484293175],[79.71121570775432,11.933069515604013],[79.69730956976386,11.941751339100929],[79.69568975998286,11.963917614386041],[79.71502698911192,11.967636998623634],[79.71242500092518,11.986553743919158],[79.73343176967103,11.993258982203935],[79.7464959356103,12.007678119846679],[79.76237340583053,12.00268970085109],[79.76042375803344,11.989201026064112],[79.7419467717901,11.977666531379558],[79.72647810509275,11.985758316606255],[79.72350473540124,11.977049382674508],[79.74453072180597,11.96495538573736],[79.7502740673373,11.919905608590643],[79.76219502197468,11.928544046570154],[79.75994373607483,11.943599062438718],[79.77152511226343,11.943888596678915],[79.78472133414276,11.959862463739803],[79.80507349964272,11.953256055817048],[79.81260488784821,11.97789176390776],[79.82885144976754,11.958328414762127],[79.84063594043177,11.955785648928845],[79.8567973932661,12.00605501220818],[79.84090256040808,12.012809793622338],[79.84976879571842,12.051311665859433],[79.87364941070378,12.042032014252126],[80.00863868520473,12.254805014174007],[79.99247032342754,12.253737712348496],[79.97309905892898,12.233364372410254],[79.95531856706818,12.228831734403025],[79.94420581411553,12.24225846421114],[79.9213571576774,12.25005238084686],[79.92451257814778,12.231590918048552],[79.90087430077831,12.229405975930472],[79.86764050790308,12.248913993979777],[79.84119425595725,12.279798477402837],[79.82742213313244,12.312922045011133],[79.8198516502458,12.311817600408428],[79.79922762759138,12.33739894495824],[79.77881583192283,12.338987523268377],[79.75030221604676,12.32483728423896],[79.70620572705798,12.33462502843701],[79.67968650855488,12.31576050124477],[79.66063413160916,12.32309889071745],[79.6403907008861,12.344682487582109]],[[79.69111938514217,12.032437476637881],[79.70359062975629,12.031417600800655],[79.7030472612988,12.008153651923868],[79.71961193732146,11.992215079892096],[79.68547172635826,11.991640619779947],[79.68092956490571,11.983410669302636],[79.67390248461251,11.99509585562348],[79.65702483105328,11.991386998721627],[79.65976844403448,12.010624654569162],[79.67131591870258,12.010062773816289],[79.69111938514217,12.032437476637881]],[[79.79352112107152,12.016984329348599],[79.78880234634252,12.026375154783635],[79.80566837570198,12.024490953369671],[79.79352112107152,12.016984329348599]],[[79.63860831131007,11.986762878643765],[79.63643774263176,11.977846295262264],[79.64851588178257,11.967590131854315],[79.64264791656514,11.942099899569868],[79.6574843597453,11.948054141380881],[79.67069796941526,11.931577323987327],[79.6626722311224,11.913096255859784],[79.63209006823483,11.901255591341293],[79.62532481001608,11.903027336337761],[79.62795903604342,11.920591956668806],[79.61848510032483,11.926060849815473],[79.62875730236108,11.959603813256155],[79.62748551159926,11.968146518998973],[79.61860693074198,11.969954261152917],[79.62437265330708,11.981787629133395],[79.61717815668932,11.989552691386892],[79.62445041237636,11.99207955197358],[79.61928547229354,12.004831235295626],[79.62816948077175,12.03226300835138],[79.65099944326882,12.021812286812935],[79.63644726028218,11.998086653158435],[79.63860831131007,11.986762878643765]],[[79.67840249531532,11.971826462673102],[79.68785002056455,11.969600900616246],[79.6846608063715,11.953352258573338],[79.67321577018852,11.94787151811345],[79.65464338915025,11.953487396381465],[79.66219653724684,11.969166380290009],[79.67840249531532,11.971826462673102]],[[79.61711498356527,11.883414829816155],[79.6212175688066,11.890597264775941],[79.62989174161426,11.881290777260503],[79.64115864457136,11.886633265842253],[79.64858337759976,11.870528229997818],[79.66342353082206,11.861247407235723],[79.64713202439246,11.85016121219666],[79.62634007966197,11.854668043221611],[79.62845544057785,11.869796516732615],[79.61915325555508,11.870193967796633],[79.61950692318074,11.862686248856862],[79.60200034112478,11.85786215162061],[79.59940929441817,11.88300658642528],[79.60815248209416,11.876864781997117],[79.61711498356527,11.883414829816155]],[[79.64732443813642,11.844221986896983],[79.66177828344719,11.839416061016951],[79.65945547637938,11.829399927250279],[79.67131122141194,11.823649084291548],[79.67129160400276,11.814880341044274],[79.64633643056274,11.816243211712344],[79.6409455075921,11.82336695299337],[79.64732443813642,11.844221986896983]]]}},{"type":"Feature","properties":{"id":"d:625","name":"Virudhunagar","district":"Virudhunagar","state":"Tamil Nadu","dtcode":"625"},"geometry":{"type":"Polygon","coordinates":[[[78.13701032510994,9.761741373576902],[78.10700842718353,9.786070296610625],[78.08806370523978,9.779382377261228],[78.10430273568376,9.768227280664806],[78.10105470160255,9.75513080398001],[78.06710968556742,9.752946408751821],[78.06141582642844,9.74153970631968],[78.07131456376678,9.735615139737728],[78.0680177197246,9.72339081573696],[78.0799403829576,9.70828950713313],[78.07629257072719,9.696797394886005],[78.08783550890308,9.683409118860002],[78.08003201830313,9.676527564961194],[78.08184728442193,9.663187533571078],[78.05927333639099,9.661759353921278],[78.06149470030701,9.670611263600422],[78.04055338820265,9.678503777101],[78.01457023215885,9.639460168411311],[78.00069429642653,9.650349768768313],[77.99633595543393,9.640106771201737],[77.97527287759112,9.629602497419098],[77.95255458466706,9.64959351759266],[77.92316109502134,9.647554852438724],[77.92159737604672,9.637862788410619],[77.91061412961528,9.638216448410303],[77.90068706120954,9.626467983191178],[77.89141271138413,9.642344732760694],[77.84893570698624,9.650367255890991],[77.84185338299802,9.635344363779895],[77.79471887975328,9.648739189897013],[77.79096765526396,9.63910920912432],[77.77632575573331,9.640434096432035],[77.76000144642278,9.682737094567704],[77.70993931031087,9.705419331558472],[77.70774900834071,9.690953791309433],[77.69369879944333,9.697407483622177],[77.68122060276724,9.676673323010233],[77.67772695760922,9.682763148278914],[77.66841825530908,9.677239986390951],[77.65090056558464,9.68312267015978],[77.64400331790117,9.706449371955207],[77.60823147622615,9.696566493251861],[77.58596892290021,9.666850053089828],[77.57611874129961,9.668914455172452],[77.55189163892264,9.644367137575644],[77.54330408886122,9.645187713096211],[77.54393748467984,9.661742394306318],[77.52816865760842,9.650472542590867],[77.51405094391063,9.61081746404972],[77.49984453505331,9.596301009237532],[77.49829797659555,9.57541109443582],[77.47542107712492,9.56308106490026],[77.47498482917179,9.54997126738781],[77.45589129141976,9.541585432886366],[77.42786973223214,9.546517605566299],[77.40348486772496,9.526380270438803],[77.40041577176017,9.517856805897228],[77.41239641495656,9.508977436802807],[77.39930818764238,9.496568778847664],[77.40171601306531,9.476899140334162],[77.391470790132,9.468685417295555],[77.39261336363009,9.459350173316754],[77.3771965351145,9.452777178151123],[77.36199818765584,9.457242972266986],[77.33937488618317,9.420136716008763],[77.38908292437637,9.392238379602517],[77.41974771340544,9.399270795366336],[77.43398627656008,9.390883159611716],[77.4505114833041,9.369940537819513],[77.43849853309682,9.36809815039903],[77.44139584872144,9.354273368435534],[77.46804008306766,9.346655172669625],[77.45905285277341,9.336268597861654],[77.46477704083301,9.329138178255377],[77.47151299241398,9.328390663929314],[77.4747249573399,9.340749479187],[77.5221296729238,9.334963944265171],[77.52758271619298,9.348948199567113],[77.51907300784588,9.356748301387027],[77.52932261904935,9.36034534559012],[77.53085653641445,9.375906053604314],[77.55470151523245,9.370283947865957],[77.54982798503451,9.36317172170522],[77.5603721798708,9.353459097787532],[77.57486036418165,9.354126354245889],[77.57302341273186,9.34302769160261],[77.59145729870615,9.343875704281325],[77.58563157676494,9.308617874848085],[77.65570905236609,9.28336318970688],[77.71210041344102,9.291424798268784],[77.72194128580034,9.28011166942184],[77.73918449798465,9.280545525771553],[77.74160057982338,9.264360550697697],[77.75847106303003,9.26660400720303],[77.77026743032063,9.235892168174132],[77.78965837241549,9.251510246165774],[77.77350333804382,9.27644156820568],[77.7966629795552,9.273012171254203],[77.79644870800374,9.256190516402778],[77.80750460837866,9.245210216426301],[77.88021029309141,9.245177628638093],[77.88636229392361,9.232600936002777],[77.87487319986752,9.226420982785802],[77.87822693242002,9.207881461571235],[77.90918833437614,9.200055204297104],[77.9196303197977,9.202368943690713],[77.93210871679807,9.222855550733465],[77.94480745706294,9.219973876419825],[77.94780783819672,9.230597095385184],[77.95571139483118,9.230120926022442],[77.95683000756567,9.248596951077301],[77.98390561291136,9.251498046135197],[77.98770988561313,9.268220271408861],[78.00844475857697,9.27378986409301],[78.0105988485597,9.308288210153094],[78.04979395778007,9.30657265232333],[78.03395279656533,9.333710920757316],[78.0500214273797,9.345080173621927],[78.05695887377385,9.362549756408146],[78.0802834127337,9.357825379217156],[78.14891174857641,9.37197437756541],[78.16838945085969,9.368903451634468],[78.17126343723639,9.342276186354967],[78.20880651859815,9.327211722182911],[78.21792554521932,9.299931725376958],[78.32862273860555,9.275285316011495],[78.3609388584006,9.325066592858711],[78.36265785386706,9.349193731180483],[78.35609362603243,9.357891131213602],[78.33310293157489,9.354064050404036],[78.32435808560886,9.332394898047138],[78.31140400730936,9.33502812630031],[78.30480234308358,9.323507879585213],[78.29781998092525,9.325974588652914],[78.295376203128,9.342619311709617],[78.31048254244034,9.345154370919431],[78.30825248013744,9.365022349876066],[78.30115553157638,9.367150029213935],[78.30815020604402,9.374818744351975],[78.30418781907247,9.384257051767449],[78.29504771527976,9.381678086923829],[78.29147634698508,9.391016950066401],[78.26319928087949,9.386627898171426],[78.25523321138276,9.373641682029351],[78.24303629159517,9.381062529062005],[78.24319451006954,9.40667669569556],[78.22252274375441,9.410122763693543],[78.21504389621325,9.433455834922075],[78.21862126255908,9.4474012936147],[78.3011786892461,9.44216192082472],[78.29938469074165,9.461464861362128],[78.30869622093832,9.460481467352336],[78.31103491291532,9.46794108756101],[78.33037796043244,9.462818114422065],[78.33935617433623,9.468456645601849],[78.35190564244864,9.460980754565853],[78.34685055374864,9.471301016059092],[78.33007128996749,9.47283141874325],[78.32848778110717,9.495203953828753],[78.33953936417886,9.495915303975101],[78.34732443302728,9.511398959442563],[78.37486152359567,9.507427132575186],[78.38226140203682,9.515948649429893],[78.38737105979706,9.536097202609543],[78.37237851457336,9.543176421265555],[78.37528358804877,9.5660059116641],[78.36843334022095,9.570481128140779],[78.39387119463281,9.581358011574588],[78.39778429194304,9.595191036983813],[78.41220015917855,9.588042985969478],[78.42886864361714,9.60556779802836],[78.42733950259439,9.616259225409069],[78.42252824810355,9.607887568005163],[78.40900953642713,9.61956572705869],[78.39990314640707,9.612025855879777],[78.38846126061578,9.653611570813514],[78.35606309588918,9.651547475165831],[78.34973626763133,9.666014511217881],[78.33925873317904,9.658111340637427],[78.3427776677089,9.680909214736602],[78.32101284303415,9.707170785380079],[78.32823186635409,9.725557442167423],[78.32482957357227,9.74266280184395],[78.29551401996395,9.693458680310473],[78.30229263792765,9.678971766568038],[78.29165999137524,9.67464283602664],[78.27124331156648,9.691806096429557],[78.27785304266348,9.696084705930593],[78.27194632502297,9.729124002261084],[78.28013457483895,9.729899621933995],[78.27688679228599,9.740598853257675],[78.23782305538772,9.757367561340853],[78.2102262996165,9.782532055270027],[78.20428841672383,9.763587526079686],[78.17329072911843,9.76016368567829],[78.1722133490555,9.748127086425825],[78.16301295573084,9.757530460273367],[78.14327616404823,9.742948491310466],[78.13391170242008,9.748093176823595],[78.13701032510994,9.761741373576902]]]}},{"type":"Feature","properties":{"id":"d:631","name":"Krishnagiri","district":"Krishnagiri","state":"Tamil Nadu","dtcode":"631"},"geometry":{"type":"Polygon","coordinates":[[[78.41250001502375,12.626874298565953],[78.37142516939325,12.627106439371389],[78.34359228336474,12.64873995574867],[78.30099437111949,12.665869266940764],[78.27108606417093,12.70505799408357],[78.2445609877539,12.706326289076607],[78.2377067514062,12.685759954142931],[78.2010110760048,12.691738114254202],[78.20993976578694,12.700503848018359],[78.20717531728106,12.70817002011715],[78.2311714295608,12.712555214255609],[78.24083275025437,12.729522870785456],[78.23095122823017,12.760659714849554],[78.19516440355453,12.773844827897332],[78.16766354922805,12.770080790111821],[78.13423755101803,12.781965723017318],[78.12499039229796,12.798186794667854],[78.09016199726695,12.817360880018017],[78.08619863741993,12.831936226933301],[78.0738597209354,12.83051468813331],[78.07720649693434,12.838849631002132],[78.06020876377443,12.843826401994992],[78.05782506260843,12.852110255356214],[78.02386568880013,12.856500916239096],[78.02898787087207,12.845185704073],[78.01914962967825,12.843943372028498],[78.01829765398804,12.83105249611502],[78.00371017888888,12.82478210933922],[78.0151100549659,12.813366172746592],[78.00975275773293,12.805739117334277],[77.99520259236247,12.805857587213518],[77.9803938738869,12.835056157865758],[77.96431827304426,12.832842674906129],[77.96535059271426,12.848182052994607],[77.95277618736957,12.850129306755164],[77.95233599671067,12.857116812105158],[77.93999455865513,12.85314264603514],[77.94660957903254,12.838709183882319],[77.94067831672349,12.823344373955047],[77.9185671555741,12.830575519246365],[77.92281345059965,12.855564050429736],[77.94132498515046,12.86873965425632],[77.9277228999342,12.874916341415929],[77.92714369857835,12.881519651053297],[77.93610443935152,12.883605947225588],[77.92932457811948,12.890915584437435],[77.89491886288755,12.878573285131695],[77.89034388507932,12.869655142883198],[77.83601344162419,12.870329680614597],[77.82307669272478,12.855841725583547],[77.80791949529262,12.84767100572803],[77.7991065911641,12.851537276023622],[77.7924627779852,12.84270374895553],[77.79589704001131,12.834533323584838],[77.80988158295979,12.831531832581051],[77.80989520141951,12.815532223294285],[77.80216191056572,12.81700347267074],[77.79973384430279,12.805215452190403],[77.80853720832303,12.796725512112948],[77.79856268461575,12.795118147589964],[77.77884454106012,12.76800684920666],[77.79438908575457,12.757621572027444],[77.79274397761858,12.747863546097326],[77.76241598585415,12.735314227646157],[77.76119956814478,12.727372589745816],[77.77445125829793,12.724214398786438],[77.76392390238165,12.69963641162755],[77.73518192487887,12.694021753580623],[77.73992821680166,12.672989633173096],[77.72462241556364,12.671187648688274],[77.7115904910582,12.683137577947509],[77.70422821609485,12.661404435958522],[77.67865464420987,12.660388908848114],[77.67638432121255,12.679471564781624],[77.65991011182719,12.683839990584636],[77.59887312493852,12.667157641258607],[77.5961227727961,12.650280663614708],[77.60623212284773,12.628912464902315],[77.5910191139853,12.615243012177858],[77.58035001290034,12.5515896460158],[77.58720216964812,12.514754731944398],[77.61632649079709,12.509180366250897],[77.58368012335411,12.478795449263622],[77.60742358266359,12.475123835196385],[77.62608818564723,12.496308980182024],[77.63462541118813,12.487599319599573],[77.62717405838289,12.458451259942162],[77.62961629377278,12.418324498060581],[77.61680736525686,12.368199513962876],[77.5785749760349,12.335665802788698],[77.5513367531649,12.291206722959235],[77.53283654187825,12.291458383081592],[77.52722469892471,12.278769200677115],[77.5141871033549,12.275383105950015],[77.48759795010864,12.280495233733923],[77.47905950285895,12.27127348997807],[77.47111820171122,12.243510490184175],[77.48262450569152,12.229436091564683],[77.47203879970594,12.207893619091399],[77.51868368339163,12.194479246704423],[77.54626205873382,12.204663181734244],[77.56531417516811,12.196311040856717],[77.60931190876444,12.20614404260167],[77.63762507816126,12.19668916669556],[77.66523921633328,12.198210221094199],[77.73130873971672,12.180073610362935],[77.74671723725635,12.155849341880272],[77.77244727140929,12.171961040402064],[77.77683590269494,12.157404204393],[77.79392411057702,12.147696889403957],[77.81451955243233,12.234208639203771],[77.84525379740256,12.262178068411403],[77.8616843172241,12.254477936582141],[77.86773169576672,12.265755273999655],[77.87500603015533,12.303247763864581],[77.8672134271366,12.330244467665777],[77.87924374537158,12.335853937395147],[77.92674818113855,12.325097479373555],[77.94853114369724,12.3365734356173],[77.95461718303473,12.351301944330322],[77.94947888338994,12.375091117406038],[77.96783497166739,12.394295059639271],[77.97037066957606,12.41419946680443],[77.94512905842625,12.449447498416115],[77.9304289965742,12.441757833212165],[77.9237996543562,12.456055138586233],[77.93450925059588,12.469436288802084],[77.92223673308555,12.490699410672306],[77.90580458821167,12.489371839940542],[77.89993290127401,12.499651126982544],[77.90891803040883,12.51266206506606],[77.92147063633652,12.504158798100049],[77.94240764640897,12.513678027907446],[77.9588997493365,12.483898210671754],[77.98581825011873,12.509777694286608],[77.99376788134411,12.50043284341757],[78.01184420819091,12.50276367358864],[78.012735804975,12.484482284895577],[78.02706912242581,12.459661120185016],[78.03819410234779,12.461531802620263],[78.04911756230375,12.47563710218397],[78.05967644908651,12.46466155668126],[78.07784409776679,12.463553888779803],[78.08014664333336,12.448856025914035],[78.09811114430035,12.445410191395471],[78.1180518858918,12.45470007242156],[78.11462606533442,12.445258086379697],[78.142481426313,12.427242416074986],[78.12777518764503,12.402261635134762],[78.1348839104245,12.381949559382564],[78.14275953843675,12.370726618607684],[78.16672631623089,12.36288271008456],[78.16364451718962,12.350896524754502],[78.1735771380822,12.33715040827662],[78.20079631666812,12.335793428588575],[78.20517539976066,12.329130051011916],[78.22711015694108,12.348915528215826],[78.23623542415852,12.34788622939334],[78.23970068435018,12.334085792343831],[78.24733129058046,12.332790009244025],[78.2293925101767,12.317438675213381],[78.23203904581841,12.302205854198316],[78.2581783236687,12.294546945763694],[78.26751769265603,12.263449884165004],[78.27705989135306,12.26022200535907],[78.30219925805386,12.273952752849599],[78.31689607159785,12.26010322296574],[78.3342766766133,12.2635237462997],[78.35258364680763,12.247273637086776],[78.35493866925815,12.226120964113925],[78.40309597901407,12.223947371680014],[78.4016890627689,12.213312145360835],[78.39194744167209,12.204521589939631],[78.37911407538715,12.205497997036883],[78.3744139344121,12.195260465841585],[78.3909359233908,12.186062394073135],[78.40863036024066,12.19651572679513],[78.44640184185663,12.19106749390101],[78.47189552207182,12.172791013072473],[78.46528088168178,12.146686195435361],[78.50636404301689,12.142939606333897],[78.516515275222,12.177186666123756],[78.55464732172842,12.180481390573284],[78.57148289101323,12.193534391216149],[78.58249198556861,12.16233555880967],[78.61234360882274,12.182489160241447],[78.6328807113886,12.17661857316821],[78.640673478799,12.197667433358212],[78.65000453298008,12.18817983422511],[78.65499958277806,12.196586437914942],[78.66967971640386,12.197497755603809],[78.68864720794514,12.2219424753893],[78.66872505070029,12.23843888289699],[78.66538359542277,12.233331845585505],[78.65083998505894,12.240217055624207],[78.65247685474544,12.252740453578275],[78.6351974179973,12.261225046158623],[78.64150357512216,12.282151746976847],[78.62372156510848,12.264822698395951],[78.60362878724847,12.262764849033056],[78.61309856017401,12.294147010181804],[78.6094523235886,12.309776346616],[78.58833036836546,12.312766007252891],[78.60458682343099,12.331760401318403],[78.61120667943958,12.330011830601144],[78.61724621209653,12.347273412830553],[78.58452037519194,12.360612323373823],[78.56751637179136,12.388997853034862],[78.51407473944461,12.407149618314032],[78.5085836839642,12.39875841340251],[78.49609598401072,12.412115757834691],[78.49014899759096,12.386857042023252],[78.4647651310294,12.391855871011998],[78.4587809902895,12.384951378805159],[78.4358299025528,12.393820296357147],[78.4555701428678,12.428491561738273],[78.45017679175092,12.449360849293749],[78.41554161355774,12.48822409779282],[78.42131330902114,12.56752894207123],[78.40733847326761,12.602310101226882],[78.41250001502375,12.626874298565953]]]}},{"type":"Feature","properties":{"id":"d:618","name":"Nagapattinam","district":"Nagapattinam","state":"Tamil Nadu","dtcode":"618"},"geometry":{"type":"Polygon","coordinates":[[[79.7246983700384,10.929720653759091],[79.71572017859249,10.930865765257835],[79.71440308579093,10.913708121747067],[79.7063804287195,10.925815323593461],[79.69061687026719,10.920296483405211],[79.68477749662858,10.928342446230502],[79.67888918906154,10.91538393127451],[79.66856637234893,10.914321954778606],[79.66764575369294,10.901019625952555],[79.6525527381929,10.886148489758776],[79.65564360393029,10.875716466074888],[79.64622768680266,10.87435996236433],[79.65095998027839,10.85635707829903],[79.6420339989168,10.857061591876029],[79.65500158518326,10.843963407027816],[79.64817903690722,10.835094792639941],[79.65283781495505,10.824581497903239],[79.63128422911932,10.822735550031426],[79.63127067713495,10.815422160304882],[79.65717569861367,10.805760318873588],[79.65896414642799,10.817422023159347],[79.68655686786529,10.816142395881657],[79.68605152239884,10.829725068779794],[79.70358070157577,10.824389905765171],[79.7276321967894,10.82919545006949],[79.72364815413131,10.80762670658464],[79.73157674681269,10.8100207746893],[79.7318852067217,10.802164927049857],[79.70368153836472,10.783397851611518],[79.69490014803465,10.762846180562416],[79.69824052443548,10.745485474234357],[79.68127835288274,10.72874979564828],[79.68715443078554,10.715883959826037],[79.66889303392222,10.708111589993841],[79.65525439985032,10.712936163398734],[79.65217302571217,10.702327118160875],[79.67229171008668,10.693225760032956],[79.67782465400882,10.680409768569001],[79.66670156773546,10.65039743566218],[79.65417177542271,10.657250059211536],[79.6494182107394,10.642839404757508],[79.67362624996773,10.624425703387915],[79.67266096438085,10.616402176565463],[79.65555773127736,10.613497305674942],[79.66737271794884,10.602638325613993],[79.66925770411346,10.585153262721397],[79.68716738359362,10.583550449410959],[79.67974594109408,10.572662094997668],[79.66885904975669,10.57552036043478],[79.65961057141149,10.55922082216836],[79.67574679326447,10.561632918228943],[79.69975624372955,10.549039483574482],[79.71034797741069,10.553684152165488],[79.72673302361419,10.536131423758798],[79.70032708177011,10.50605046009119],[79.68835477224458,10.510359418192614],[79.69943694564667,10.483392780727259],[79.67723454441045,10.480684484919546],[79.69020012204393,10.449898442166235],[79.66356045742758,10.440264488001601],[79.65885270143384,10.446665866753685],[79.63083056283286,10.445541360212614],[79.62741992200712,10.396173707408053],[79.63713639476758,10.378675119377279],[79.63880221985066,10.342263003321946],[79.72093113397743,10.288001078418235],[79.71180447167637,10.279355781976177],[79.77782859600198,10.272487128390935],[79.77349982844687,10.290951837012189],[79.7487327837869,10.300720204632402],[79.75121936271415,10.314743647709436],[79.76288793657075,10.313021399860295],[79.76071283319689,10.30704000323121],[79.77939230599348,10.292228501313739],[79.78338512698853,10.29605859403195],[79.78746129098074,10.281291479948448],[79.7797182471179,10.272555565579362],[79.8139271872852,10.275615935100198],[79.8133172806146,10.288743293639394],[79.81675702236397,10.275838023788669],[79.85836536037372,10.281923930989008],[79.87613001313946,10.29506575579344],[79.88159829722576,10.321722935933872],[79.85850132039198,10.472288555341384],[79.85333623029047,10.676480180230861],[79.84101759956168,10.676297438217116],[79.85329734401846,10.679417215286664],[79.85249660643545,10.827209230614534],[79.83106982139536,10.827382741267636],[79.82808938825076,10.849671515965262],[79.82108157502378,10.845559195113694],[79.8079377105525,10.855616265069111],[79.80749139068843,10.86544360237807],[79.81170421897802,10.859654770931218],[79.82490708659383,10.864828273818983],[79.81130162371211,10.880337670721001],[79.82858331972322,10.883781766596016],[79.79469093328564,10.887538137602265],[79.7903566644477,10.894876899190773],[79.78365845199016,10.88847549770262],[79.78256006841751,10.895325189709549],[79.79540706304361,10.902736634936765],[79.78932710979215,10.908440804236047],[79.77742187836722,10.908949427252091],[79.77700166713853,10.89656436088848],[79.75629047286726,10.891756112646462],[79.76242658609536,10.914382034936148],[79.74337733888005,10.914832280699388],[79.74312023385923,10.925042976652259],[79.7246983700384,10.929720653759091]],[[79.73889583706537,10.919879477142016],[79.73882938509055,10.920103416202316],[79.73886860194261,10.920362667891332],[79.7389386849078,10.920472571945565],[79.73912428313372,10.92067263707082],[79.73906795157886,10.920886653391678],[79.73903141709627,10.9211854517983],[79.73916654257964,10.921405238970038],[79.73939816329418,10.921446053835405],[79.73954433356393,10.92143669092889],[79.73969598535358,10.921322718356803],[79.73980831069669,10.920974404660551],[79.73986021265885,10.920615878211816],[79.7398373927557,10.920052761013771],[79.73966697426145,10.919837811765452],[79.73919371931193,10.919741194676906],[79.73889583706537,10.919879477142016]],[[79.80716366011997,10.877555356700313],[79.80695097140003,10.87761182118771],[79.80655660560039,10.878188121627078],[79.80595823060314,10.87906255063394],[79.80605408623384,10.879641190427202],[79.80632716330044,10.879895152608473],[79.80668589203441,10.880228769860851],[79.80682222665014,10.88035555488723],[79.80682225090466,10.880355582234403],[79.80747916641403,10.880635370096444],[79.80748070971971,10.880635346277995],[79.80918198501885,10.880609319736863],[79.8097628976653,10.88042413275496],[79.81027074583812,10.879542767717561],[79.8100466943282,10.878434222243703],[79.81003320881912,10.878367500891528],[79.810033199836,10.878367462958096],[79.80979036814671,10.878150839224247],[79.8096124981272,10.877992157389528],[79.80912548278408,10.877884732431912],[79.80737635782302,10.877498879851805],[79.80716366011997,10.877555356700313]]]}},{"type":"Feature","properties":{"id":"d:796","name":"Mayiladuthurai","district":"Mayiladuthurai","state":"Tamil Nadu","dtcode":"796"},"geometry":{"type":"Polygon","coordinates":[[[79.74813215311995,10.996463143665896],[79.74680132238272,11.002575421867748],[79.75583830137744,11.00378694262319],[79.78607589657315,10.997372555732753],[79.79778699757361,10.982494939344605],[79.80496659742897,10.998447841562193],[79.83327549084507,11.002759721281823],[79.85126416008644,10.99428644709924],[79.85381644718348,10.983221369593906],[79.8566228506064,11.171354516074565],[79.83429467175571,11.321735405832568],[79.84259907733117,11.350742487303878],[79.83218634195356,11.356481459375907],[79.81287900157062,11.422687561024162],[79.80336671677257,11.381100938034379],[79.79156839744286,11.37242792494704],[79.76439462510126,11.381973881216712],[79.756922153802,11.372894318382656],[79.75930840887833,11.352622555288722],[79.7245088946837,11.345844264419979],[79.68380902381911,11.31199371833932],[79.65028238734776,11.299277931436075],[79.64241826316106,11.283638525776139],[79.64695560784705,11.249260421239176],[79.63361685387487,11.246309105044102],[79.61636655398296,11.255531832396883],[79.60259214404743,11.221392374411764],[79.56194192756017,11.208281538115399],[79.52672008660436,11.183726530769125],[79.53783191159734,11.180629386610287],[79.53952691396084,11.162567196641906],[79.55690826367969,11.16289300401958],[79.55778934119179,11.154399758418412],[79.57278210111288,11.14804316975024],[79.5613012185568,11.131808593638565],[79.55098925169621,11.130178703778343],[79.55014681880927,11.11466509280545],[79.54360124089828,11.116557206116642],[79.53606290332577,11.10286314776195],[79.54152986778689,11.095307032884367],[79.54707401459898,11.104701673898786],[79.54105717877597,11.084729562900032],[79.5525688492918,11.077816874170951],[79.51092500716709,11.042084143724974],[79.5117774904054,11.027466033583266],[79.53012118822012,11.026812817573848],[79.53219824676891,11.014012175907919],[79.52461148281607,11.016233538777355],[79.52312720276034,11.008842405830498],[79.54690209142663,11.002928497339674],[79.52296948374928,10.997154177694215],[79.52539583512828,10.989505827667353],[79.50859189372801,10.983971557973415],[79.51590542071413,10.969801528749041],[79.53018990844102,10.969136772252364],[79.5272786868958,10.959655959434778],[79.53245871238721,10.96849093023815],[79.54496428971318,10.965551062053953],[79.56380716516162,10.976476922131694],[79.5747533066802,10.97059708256286],[79.5782422698189,10.98276735729105],[79.59073873912618,10.982895193773857],[79.60401728710971,10.971770422440898],[79.60423693956973,10.982181697021092],[79.63273346769249,10.98092461313655],[79.6409911042793,11.007989516426436],[79.67100838585495,11.017258215979242],[79.7003067142677,11.015422879090966],[79.73176390181898,10.994804010775544],[79.74813215311995,10.996463143665896]]]}},{"type":"Feature","properties":{"id":"d:604","name":"Kanchipuram","district":"Kanchipuram","state":"Tamil Nadu","dtcode":"604"},"geometry":{"type":"MultiPolygon","coordinates":[[[[80.07983575090745,13.01622131934256],[80.07105454203705,13.03741632687095],[80.05244062379836,13.022772377056855],[80.04201163340568,13.029697542395537],[80.04272067276113,13.019040577322034],[80.02245582440507,13.023900525143564],[80.02378087538177,13.040352348368287],[79.99455511018272,13.046744876413156],[79.98845882555939,13.03142151584083],[79.98191332759846,13.031699850235931],[79.97420872893483,13.038911520761554],[79.97887324003078,13.049160185379865],[79.99085546875367,13.051573427368144],[79.98653789241033,13.056176159990255],[79.9698699999615,13.049009782335553],[79.96882875822412,13.037476087121407],[79.9489642243115,13.032677804603903],[79.9181954507967,13.034979962204845],[79.91779165897479,13.047639342328397],[79.90067997631773,13.049462611910158],[79.90041004155802,13.016984813907772],[79.92004150757018,13.019500046032396],[79.94183653360479,13.008571968847237],[79.94225646096582,13.00133974139018],[79.92859086036742,12.990053835349773],[79.90841501259813,13.00420276960204],[79.88923629299755,12.993714398776836],[79.91404399540727,12.978924262801652],[79.89042356576586,12.945051577396631],[79.85257322644098,12.948385670434881],[79.83185690458605,12.963880419020873],[79.82124900661972,12.962016091405328],[79.8199891948922,12.98792676075107],[79.81296473139146,12.990306825612603],[79.83049893484578,12.996991742401006],[79.82655187942117,13.030363088576655],[79.80105232422403,13.014948429608515],[79.79666913313574,13.027665214968303],[79.76866195328085,13.017028958834233],[79.73409904994217,12.98679000029084],[79.65888470211921,12.950584079888271],[79.66308009860073,12.930435126200644],[79.56827476914053,12.899569444709785],[79.55667969903372,12.880362480583765],[79.56713781909613,12.859448261379429],[79.5562641437732,12.852281762581445],[79.63832425413575,12.814756586376037],[79.64292000099334,12.802580378010962],[79.63533466805671,12.78638657779725],[79.65019504055941,12.782489988330092],[79.64619267765943,12.772488133673265],[79.65453130635224,12.764166846747118],[79.67745355457505,12.790197178663737],[79.69694829161108,12.77625433542803],[79.70749395339622,12.777833448578791],[79.70934844355361,12.758701088924758],[79.7311133517717,12.755981941788786],[79.74482945655369,12.743864161195557],[79.74148274074189,12.73462734370333],[79.71316514175238,12.728305476785744],[79.73646257315023,12.719289492174372],[79.74114304371552,12.694126435421552],[79.68249007958973,12.667984129376357],[79.64643529465134,12.670243936612943],[79.63031574642835,12.631017749231578],[79.6454431260813,12.625200474574068],[79.64567209227418,12.60308081139242],[79.6658082704405,12.593397623278648],[79.69082447991251,12.601126562711016],[79.72461482941192,12.587390424262233],[79.72492929455859,12.578974617397286],[79.71577786301015,12.581151599385302],[79.70565148000242,12.56945299936564],[79.71921871777216,12.564594744874029],[79.71463110426117,12.549590594635298],[79.74392632540133,12.531894122123088],[79.75495906541164,12.543140260304439],[79.75367549144823,12.56174295027151],[79.76369263841912,12.550222165656768],[79.79276189643441,12.560619734630844],[79.79590190361114,12.568195859781632],[79.8192857295831,12.565494962790034],[79.8052841626617,12.629066051655553],[79.82052424944176,12.620613537892886],[79.8478225543329,12.631483803428889],[79.87049831831644,12.626550138403198],[79.8919034539582,12.632019028780098],[79.89695737933991,12.641632250097325],[79.92449714059964,12.632580714011704],[79.91705023535337,12.696242090264104],[79.95275098256016,12.699398707233962],[79.95198517956022,12.710047293172925],[79.92658819040898,12.745776637883203],[79.88249165830109,12.767012841435358],[79.8910277339984,12.773337286611673],[79.87687380921155,12.780022764061462],[79.90126788234868,12.784463417318424],[79.91027381017729,12.799874907864197],[79.92667365343017,12.798385893136516],[79.9393428993093,12.783413004160282],[79.94026113922641,12.79059206879787],[79.95599718856978,12.790771312929255],[79.9637318098285,12.809388936199746],[79.9568433476685,12.825269591392642],[79.96778333033751,12.814044615852739],[80.00937180569798,12.80942618635109],[80.03037386457682,12.822630291361234],[80.04016389408767,12.839667394040392],[80.0506422882277,12.83904610566535],[80.06134423531273,12.863679701612902],[80.05194683785297,12.882027278922369],[80.06015203438676,12.900090425432087],[80.08399992644128,12.926107476845141],[80.09117371779001,12.9467918155901],[80.10353659413981,12.949378278227307],[80.10416667517504,12.954946182406273],[80.08449382108279,12.961607570354483],[80.08050505508292,12.972991610437221],[80.06496402010627,12.958305571014572],[80.04762201929182,12.96474763707617],[80.05290507435981,12.982786611040092],[80.0634642099759,12.984566445148316],[80.05848493728924,13.008880675934067],[80.07983575090745,13.01622131934256]]],[[[80.26782690457577,12.97508883812183],[80.24335129944514,12.983918243644409],[80.22121343856887,12.965084027582694],[80.20415541857191,12.98304860118707],[80.21081602216181,13.008898443715301],[80.19874193890448,13.016136243930687],[80.20000328764944,13.028656803235453],[80.14401305758655,13.023577055371218],[80.16516851637653,13.004240873019528],[80.16068089703474,12.997980950878215],[80.1689655549453,12.980186568585589],[80.19588023878592,12.96853739565955],[80.200953226418,12.958499097090161],[80.18793825222365,12.937853394959072],[80.199224718691,12.933359447337113],[80.19882753038476,12.91110441784873],[80.2173793274266,12.91055921104406],[80.20893025985276,12.872847486781895],[80.2200163014004,12.852507716977726],[80.24935015279274,12.85717258608351],[80.26782690457577,12.97508883812183]]]]}},{"type":"Feature","properties":{"id":"d:620","name":"Thanjavur","district":"Thanjavur","state":"Tamil Nadu","dtcode":"620"},"geometry":{"type":"MultiPolygon","coordinates":[[[[79.51590542071413,10.969801528749041],[79.51206696262425,10.988204157099657],[79.54728598915823,11.000731951383983],[79.54216051835404,11.008419231097841],[79.52312720276034,11.008842405830498],[79.52461148281607,11.016233538777355],[79.53219824676891,11.014012175907919],[79.53012118822012,11.026812817573848],[79.5117774904054,11.027466033583266],[79.51092500716709,11.042084143724974],[79.5525688492918,11.077816874170951],[79.54105717877597,11.084729562900032],[79.54707401459898,11.104701673898786],[79.54152986778689,11.095307032884367],[79.53606290332577,11.10286314776195],[79.54360124089828,11.116557206116642],[79.55014681880927,11.11466509280545],[79.55098925169621,11.130178703778343],[79.5613012185568,11.131808593638565],[79.57278210111288,11.14804316975024],[79.55778934119179,11.154399758418412],[79.55690826367969,11.16289300401958],[79.53952691396084,11.162567196641906],[79.53783191159734,11.180629386610287],[79.52672008660436,11.183726530769125],[79.45866232020596,11.150554685663923],[79.43111472923023,11.12145930170598],[79.39891680257374,11.066939818906185],[79.31182548342636,11.017602659071994],[79.29101745256406,11.014419377319985],[79.26888968066673,10.986446109905959],[79.21299637702636,10.94125954526302],[79.2049457113827,10.940216747605861],[79.2029035065686,10.949008165179068],[79.17862600960255,10.93968704742865],[79.14128598163097,10.940319417289762],[79.10991678496006,10.924954595049229],[79.08520268161305,10.927022549372134],[79.04995684126615,10.888262671004046],[78.99914659537217,10.894845449714778],[78.96628365758893,10.887187337262894],[78.96019091502276,10.89464203630801],[78.93971427087217,10.88768122155913],[78.9406271694066,10.87846418258107],[78.92337047979807,10.866108486872545],[78.84915180577141,10.841812794978818],[78.77648050856773,10.833099311921618],[78.77576934559495,10.826992141869255],[78.79705523617093,10.823852636615324],[78.86877411974747,10.825581875579614],[78.86046217101858,10.80318613958006],[78.86715941239729,10.784948307638071],[78.8802741849281,10.788533686842785],[78.88096460220773,10.777454386945417],[78.86842506137751,10.760710788104403],[78.86517751687812,10.720835163811072],[78.90819467286649,10.67174247167022],[78.93981723307508,10.682611624809919],[78.94873694778921,10.675359227930906],[78.93757184731002,10.67508112771675],[78.95480907940951,10.668184091809096],[78.9639265896745,10.651461078741438],[78.96968684239779,10.675363137709196],[78.98705494555948,10.679154895414522],[78.98329937232589,10.696554930032262],[78.99350995083194,10.721679997390465],[79.00350153713971,10.722274618660865],[79.01049574538172,10.707877330394581],[79.0292394486194,10.704030182092458],[79.01665820529875,10.6801227315628],[79.06894167298735,10.67738072843765],[79.06998712602679,10.640723509043587],[79.10079852819507,10.629629689973957],[79.1043000093573,10.615206892694502],[79.12759108158123,10.636183232964177],[79.14340174678875,10.608387420616332],[79.14279230005558,10.586377349895672],[79.17740012903995,10.58693045866601],[79.1788039595721,10.571280434015694],[79.19078251418549,10.57818575383833],[79.19056792732533,10.559475610592521],[79.17882264632665,10.550545069741318],[79.18463432759995,10.537742222686443],[79.15165291101394,10.532497549306902],[79.15488062430511,10.521788346651762],[79.14046150516826,10.512300501757021],[79.13916958675418,10.498200630110059],[79.128801391645,10.495391647404313],[79.12985760021334,10.487855677684044],[79.14734156808035,10.48585785117722],[79.15184262981204,10.475796771429303],[79.17088739802732,10.481679559435442],[79.17235208941999,10.47434829477227],[79.19470406104926,10.46592818885461],[79.16653767996313,10.455417104415657],[79.17605592867633,10.448021544701577],[79.14042275544017,10.449495766883793],[79.13746378843759,10.439948708170077],[79.12547511789583,10.435881399905703],[79.15269362364363,10.400748315109736],[79.14417972285906,10.382936721380409],[79.15296304277038,10.350144600240082],[79.11442384923448,10.32819973888875],[79.13493300341521,10.319028128822419],[79.1328912971661,10.309124074771754],[79.12162740087025,10.305717798058017],[79.12638115509813,10.301216153436783],[79.11864954139895,10.288779580057097],[79.13258303129321,10.265050430289016],[79.12913786461782,10.253606753110141],[79.11759440092749,10.253420253331598],[79.11598577427348,10.233878075816234],[79.14423195540127,10.236343279601536],[79.15055584257487,10.216209659038789],[79.18131943011552,10.216217237311747],[79.18930278140172,10.20112761869014],[79.1825064360842,10.193290100713227],[79.17374636457247,10.203407272316534],[79.15257130274632,10.196781173564366],[79.15044390979556,10.185303974226192],[79.1614771834051,10.179883993602608],[79.15111335141324,10.166585153593857],[79.153503716282,10.158385234925621],[79.19634905869249,10.160893366007036],[79.20920832071212,10.147274542242974],[79.20651386174664,10.13678731992735],[79.22604915142952,10.137108638212057],[79.2274855961964,10.151396169999519],[79.23914644543989,10.16080858637545],[79.24153667286639,10.184870407246398],[79.26507697368277,10.197432960084043],[79.27869263423959,10.215454663407705],[79.2669885320135,10.228908127917439],[79.27007105240193,10.235827616227228],[79.32925702471506,10.28436137707897],[79.36033617604197,10.29122709610621],[79.38806650410945,10.317518823593861],[79.4987557698633,10.314827804673882],[79.50481838742638,10.366326969564518],[79.48565414238003,10.380558105422622],[79.46755297891225,10.373100154981175],[79.4700030053906,10.383112254873259],[79.46143513202712,10.39260289225711],[79.47717918535967,10.393520772279453],[79.47601223068648,10.4001299743175],[79.46158933682881,10.406616130942691],[79.46514890665054,10.415967990982198],[79.45111022044328,10.42965912662647],[79.4730497782206,10.435322287768],[79.46965037981063,10.46176311589964],[79.47931024343684,10.46345096979499],[79.483091071008,10.489604844363653],[79.45538454470231,10.48858172740593],[79.46915568027862,10.511353984758049],[79.42315204907706,10.535361954304118],[79.42849834284607,10.545685775914041],[79.45205823142723,10.551047145348026],[79.45250784002357,10.559513754436553],[79.42591896076344,10.557864012299211],[79.42070519185502,10.549108743230901],[79.40504513728978,10.55210728856416],[79.39664969913838,10.580174794271846],[79.35185685141272,10.583075633232864],[79.34812831657085,10.626940984577391],[79.35742113755511,10.645864085723321],[79.34289672868047,10.658402100434872],[79.31789851336192,10.660784624258529],[79.32006435420688,10.68487405460975],[79.30161291515194,10.739538791695706],[79.31200617235923,10.746837153252692],[79.32039182426392,10.737251316331278],[79.34148736542446,10.739492361764706],[79.36113206541741,10.75224245497438],[79.36141917057546,10.76505308414226],[79.34540482764865,10.766222344285149],[79.34851934243424,10.795672590586106],[79.370158729956,10.79628445570339],[79.37662344242342,10.803987263403798],[79.32636513042317,10.810373942989262],[79.2984810529999,10.83572201138321],[79.28940065213929,10.832957499684849],[79.29532226564382,10.864176402666832],[79.27359701624893,10.872938840994305],[79.26823860330839,10.905333758302188],[79.29570875142178,10.903503008956536],[79.2753855152672,10.92307389935585],[79.29185641256412,10.938018720382754],[79.32798120860245,10.925013416156963],[79.3288792669684,10.916330118617857],[79.37018672325688,10.894515143567986],[79.40506436033853,10.89309970572091],[79.45616154160899,10.863750492113299],[79.47198687630507,10.872276080154599],[79.48574196797038,10.869170849202284],[79.48827346895008,10.889375656775757],[79.50777692772921,10.898773349056707],[79.49267457244514,10.905723952635443],[79.4935292610475,10.91644573285483],[79.48430072619992,10.920924011588387],[79.50122803323818,10.941654807010709],[79.51887573703202,10.946570400870197],[79.51590542071413,10.969801528749041]]],[[[79.15279707991995,10.452027851930858],[79.15302080534147,10.452071308616187],[79.15325109744771,10.452472554738712],[79.15269598711112,10.45291820833928],[79.1523858141149,10.452786865988895],[79.15240791626414,10.452446978297592],[79.15212795720416,10.45238661940761],[79.15163276988694,10.452266018202508],[79.15169684491951,10.451834125430784],[79.15213410976554,10.451926388780336],[79.15217525170723,10.451944222176605],[79.15231683338254,10.451934568272987],[79.15279707991995,10.452027851930858]]],[[[79.16345930170647,10.45554805960791],[79.16323908240953,10.455592231354245],[79.16269735337744,10.455700886826943],[79.1625450727671,10.454532391280138],[79.16328041569237,10.45444590615913],[79.16345930170647,10.45554805960791]]],[[[79.16068710343463,10.45577962418934],[79.1604100037122,10.456050644698806],[79.16039669427292,10.456063661571331],[79.16010135695359,10.456352520276356],[79.1594709183889,10.456712810148828],[79.15895286086287,10.456224389645993],[79.15888100103001,10.45543526535289],[79.16032446433421,10.454928114730807],[79.16068710343463,10.45577962418934]]],[[[79.16827221089407,10.463370760021915],[79.16818825973752,10.464154908403565],[79.16779041296618,10.463917942044372],[79.16777927026338,10.463911305241666],[79.16734566156059,10.463653035187408],[79.16679482361154,10.462969786816082],[79.16788193961551,10.462348446887749],[79.16827221089407,10.463370760021915]]],[[[79.17428749083501,10.464899050374406],[79.17421982972779,10.465071142877932],[79.17378636026383,10.465159084369178],[79.17324212133886,10.465012510786401],[79.17323528066797,10.464676666433137],[79.17321220384662,10.463543521206198],[79.17425800902566,10.463538562811625],[79.17428749083501,10.464899050374406]]],[[[79.17177861392574,10.464585609145313],[79.17175956784507,10.464795003147287],[79.17175849615494,10.46480677939698],[79.17171362171327,10.4653001200243],[79.1709100670135,10.465367138792535],[79.17088342388048,10.464571773742513],[79.17177861392574,10.464585609145313]]],[[[79.15312378012078,10.464536724111625],[79.15370351956749,10.464801724734917],[79.15385666974704,10.465691901395386],[79.15279684186639,10.466156374752622],[79.15263945702861,10.466131074167041],[79.15262150329934,10.466128187315414],[79.15195206078332,10.466020561969355],[79.1521351428281,10.464700506920781],[79.15217315414104,10.464426436606413],[79.15312378012078,10.464536724111625]]],[[[79.15591588416102,10.465448289723419],[79.15652614476784,10.465603149120627],[79.15683643634168,10.466729652731436],[79.15679395231695,10.466767042155643],[79.15630510081745,10.46719728875337],[79.15580319410189,10.46716815355841],[79.15538562931005,10.466302559112487],[79.15530920783222,10.465831315823623],[79.15554791715265,10.465672293213627],[79.15589291513753,10.465442461238395],[79.15591588416102,10.465448289723419]]],[[[79.17535747237328,10.467256808215062],[79.1752963429165,10.467483305023789],[79.17529029994958,10.467505696576122],[79.175195367787,10.46785743224594],[79.17421703776388,10.467956370833205],[79.17382609095223,10.467038673192492],[79.17466894694564,10.466605836339278],[79.17483331618477,10.466521426081806],[79.17535747237328,10.467256808215062]]],[[[79.17959860837412,10.46728135431403],[79.1796707529729,10.467674822176603],[79.17968508738988,10.467752999980796],[79.17975223196581,10.468119202220457],[79.17866589390285,10.468609874241043],[79.17806151636282,10.468030969175029],[79.1782974588722,10.467343771200328],[79.1783303848223,10.46724787119786],[79.17841974832845,10.4671896273157],[79.17893961775641,10.466850791587387],[79.17959860837412,10.46728135431403]]],[[[79.15787101078304,10.468514019681603],[79.15814613061859,10.468646736071202],[79.15843348910157,10.469197698403681],[79.15829852262003,10.469667692806961],[79.15702680641837,10.470209416935093],[79.1566071692132,10.469683821183422],[79.15658469875467,10.46902980680609],[79.15689173393565,10.468791434325722],[79.15748740769882,10.468328971032951],[79.15787101078304,10.468514019681603]]],[[[79.17572092444904,10.46835742769592],[79.1759848620559,10.46841126867742],[79.17682165442116,10.469906965639614],[79.17554907943011,10.470605782025839],[79.17541796043294,10.470384584992363],[79.17538211405983,10.47032411298822],[79.17497344977583,10.469634694912829],[79.17492570611509,10.468771297206091],[79.17545698594381,10.468303586705044],[79.17572092444904,10.46835742769592]]],[[[79.15930970403306,10.472890796755932],[79.15835522697569,10.47340826114481],[79.1576972712172,10.472959716619597],[79.15796657985116,10.472124333980352],[79.15828486104117,10.472061441046009],[79.15835166785055,10.472048239340625],[79.15869347771446,10.471980693771368],[79.15886614828511,10.47194657338183],[79.15930970403306,10.472890796755932]]],[[[79.1374148527125,10.5052891546372],[79.13843929325914,10.506156037383857],[79.13851172711543,10.506866039588523],[79.13842640512975,10.507195226146978],[79.1384170509727,10.507231311419508],[79.13835433329452,10.50747328622607],[79.1380715687959,10.507648964026462],[79.13768951620388,10.507317205038474],[79.13759022631383,10.506809770166225],[79.13654477507102,10.506093858852996],[79.13657430359271,10.505460500419282],[79.13701608965955,10.505358442670477],[79.13739365875999,10.505271220970396],[79.1374148527125,10.5052891546372]]],[[[79.13559217639093,10.506924341366041],[79.13584493715902,10.507458052786196],[79.13612283728037,10.508067941826779],[79.13568564519792,10.508369386021425],[79.1345592862907,10.508311850293657],[79.13409141494463,10.507731320993084],[79.13402564568945,10.507649714789856],[79.134411469409,10.50737330566726],[79.13438775029225,10.507069060589536],[79.13474953599314,10.506539089962281],[79.13498234697545,10.50616038299998],[79.13559217639093,10.506924341366041]]],[[[79.13486231498551,10.508997923027703],[79.13478235234881,10.50945538379031],[79.13478061321041,10.509465337971266],[79.1347295664444,10.509757370709819],[79.13398508855099,10.510056939894797],[79.13319459355885,10.5095199419917],[79.13381528809767,10.50853539439087],[79.13486231498551,10.508997923027703]]],[[[79.14515178443814,10.517188322833318],[79.14515670091768,10.517219077566379],[79.14531317755869,10.518198055265007],[79.14457272142285,10.518392356729878],[79.14369621992874,10.515946962588318],[79.14481766684801,10.515836320682878],[79.14493385404852,10.515824858154474],[79.14515178443814,10.517188322833318]]],[[[79.14884425371795,10.524571644216989],[79.14818362097994,10.524791112925499],[79.14783485995231,10.52402473110524],[79.14791759119674,10.524013205290336],[79.14874369540675,10.523898109627245],[79.14884425371795,10.524571644216989]]],[[[79.14604485805255,10.526610495721455],[79.14574340590111,10.526411612989259],[79.14503552177912,10.526587940641118],[79.14480712421981,10.526212758391091],[79.14548758187787,10.525837533291028],[79.14566566210316,10.525512055740908],[79.14569303197324,10.525213708010222],[79.14623987601253,10.525239251942294],[79.14627305798253,10.52524080195951],[79.14654718787462,10.526140347634371],[79.14604485805255,10.526610495721455]]],[[[79.14909597244036,10.528834371023727],[79.14861655504795,10.529932856574753],[79.14816207219289,10.529521525961567],[79.14770759023614,10.529110194799546],[79.1476913019834,10.529095452597986],[79.14770758843952,10.5290830711618],[79.14811018909533,10.528776971590158],[79.14859353302384,10.528409481953522],[79.14909597244036,10.528834371023727]]],[[[79.17133618107192,10.542773206301531],[79.16960053712829,10.542524803356192],[79.16960042843213,10.541950713054323],[79.17131315275958,10.541796803325553],[79.17133618107192,10.542773206301531]]],[[[79.18466027364033,10.566476159916624],[79.18476097298706,10.567348577839983],[79.18309380132935,10.56754775732401],[79.18284235479648,10.56660303763476],[79.18423071544113,10.565653521655767],[79.18466027364033,10.566476159916624]]]]}},{"type":"Feature","properties":{"id":"d:621","name":"Pudukkottai","district":"Pudukkottai","state":"Tamil Nadu","dtcode":"621"},"geometry":{"type":"MultiPolygon","coordinates":[[[[78.87345849888253,10.705590330626764],[78.87210205717658,10.688129739750407],[78.8204057759684,10.694576384594326],[78.81265109532939,10.672418922698954],[78.79971004978796,10.679861627852977],[78.79066211224513,10.649776002077632],[78.76532304556507,10.655092572962658],[78.74882793238304,10.641987152111497],[78.73580575998837,10.671653570591415],[78.74655586934901,10.686820102758434],[78.74282015337478,10.707416093600054],[78.70988282879783,10.72206284270793],[78.70911768156803,10.733070038978775],[78.68918804135687,10.73463833863807],[78.69763097523398,10.702287619576701],[78.6821224413043,10.686574779283847],[78.6829471270745,10.671060813381573],[78.6657679521935,10.671456374583038],[78.6651994794171,10.654780849397769],[78.6524999369567,10.65861065439167],[78.65847221544325,10.704677093707732],[78.63518929992208,10.7073587188696],[78.62606628657765,10.702539975967271],[78.62131382233058,10.675797465301123],[78.60918403364417,10.681099162623381],[78.59305370473946,10.659024657015788],[78.56556037110859,10.660638264029245],[78.56844885359901,10.681278790053598],[78.55084722888766,10.68638267222059],[78.54441077023256,10.675233750415533],[78.51782783332803,10.66983235159819],[78.51980880268414,10.65172003416723],[78.52911082421355,10.644784502559277],[78.52701870271407,10.629084606281612],[78.48249628561818,10.638414034577451],[78.45954522932252,10.611447503151751],[78.44562640442528,10.607377747008009],[78.46613429198146,10.578338640436513],[78.46386290717547,10.54083364459362],[78.48616888506224,10.538842692739092],[78.4913130192648,10.526785108092426],[78.49606685434101,10.485063286885616],[78.52735531223081,10.486275822378213],[78.54047248955163,10.502902477748366],[78.53284094188693,10.513934451934878],[78.54078865520913,10.530404638954467],[78.54999309903744,10.514084039784667],[78.56457863467392,10.512026207736838],[78.58183416904899,10.521892948797571],[78.57076846895261,10.489063774234328],[78.58940524662036,10.474474195418397],[78.58507200815006,10.440922888298777],[78.56509482460248,10.442972924598601],[78.56458542503914,10.42704860161298],[78.52490832026149,10.437018662214998],[78.51907432573482,10.43137375083288],[78.51654657432313,10.407845007838889],[78.5271225299946,10.40282983691133],[78.53028288221587,10.390529116704037],[78.51390372177408,10.371526312598508],[78.50556692384782,10.375896815441216],[78.49697993882671,10.358649542300824],[78.52141175108726,10.326279377758347],[78.51454938857951,10.267646807135929],[78.45292942830913,10.267168316276122],[78.44775373090077,10.245423785100996],[78.46455688358023,10.24040225512739],[78.4832594664358,10.254496373575488],[78.47928904942391,10.24061067086251],[78.48774382399476,10.234405969270922],[78.47273409220301,10.219863589201907],[78.4695125530328,10.204250734574764],[78.487816246173,10.19052113028912],[78.5159859707886,10.190343847821286],[78.51894699313654,10.23664231673282],[78.52759317264331,10.238545352689936],[78.53845408560099,10.257660621924689],[78.55346539842763,10.249485664946912],[78.57062855005888,10.256770112245336],[78.57683850659997,10.266254618607308],[78.56945396240074,10.281069121086745],[78.57792778395057,10.287234916402394],[78.61157173141486,10.270367496035552],[78.63622403156862,10.269232144023201],[78.65167476340132,10.254283584263925],[78.64138063079403,10.241039464261341],[78.65061144107422,10.236593078803523],[78.65202055190365,10.219647489712884],[78.67323092291029,10.204699372157677],[78.66421314630311,10.178954568251196],[78.67037629343136,10.176015510160521],[78.66804290241288,10.154286928962232],[78.67759436004553,10.147218022737706],[78.69133431509832,10.147751349401036],[78.70851539710264,10.175602104138248],[78.737319691635,10.158562602342737],[78.767187512412,10.163433963629664],[78.76888588615277,10.199060494049222],[78.80989741403047,10.212999849906984],[78.82323465973128,10.19810305192597],[78.81361754782776,10.166615943573227],[78.82954833665339,10.15452208223072],[78.83305025260017,10.139238821676805],[78.84838475411323,10.137468760636516],[78.84789325707521,10.12606799390469],[78.86227340998994,10.126444417931543],[78.88186814658512,10.154530960039773],[78.8965321716212,10.147252678815523],[78.90006407423054,10.15667323537119],[78.91352281527689,10.144611567564837],[78.91348928835384,10.127763654802333],[78.94786605088422,10.105567511331833],[78.9666761153669,10.127632378680307],[78.98697500987222,10.089365049336209],[78.97336985421431,10.081810752230549],[78.9601215641845,10.095271676614624],[78.93422507400605,10.0719056349346],[78.94440393569438,10.059436308266097],[78.92463367458093,10.047044100833356],[78.93203949537767,10.0373872393081],[78.93022652625106,10.021764543641693],[78.96485746978598,10.007491029279947],[78.97395863430604,9.991458158118405],[78.99383419234384,9.995927475381723],[79.00998342359875,9.989862868594157],[79.01392222620085,9.980936237261963],[79.00288739940416,9.978780335404236],[78.99660059288887,9.96717014474027],[79.00330674555521,9.956213955254896],[78.98798225307105,9.950226708170417],[79.00604974768198,9.914255260283745],[79.03112773429609,9.893207045334423],[79.04298072239902,9.861168626563558],[79.06947259618488,9.849990763213608],[79.09010748935256,9.857376141384425],[79.11545773287138,9.84907412257167],[79.11018307435636,9.85784373158866],[79.12083183129509,9.855308247421068],[79.11295449828044,9.860230776774966],[79.11582535762162,9.879547364173433],[79.12162869444427,9.880081041575865],[79.11126567363114,9.892837580860062],[79.12403564670477,9.883561959355918],[79.12550312736636,9.903705660397868],[79.13145739283486,9.89706954872672],[79.13668218586845,9.909636716233146],[79.13990545070234,9.904677606317856],[79.14701344404979,9.911435637205715],[79.1388708008025,9.920861248842096],[79.15050625107962,9.919635778123887],[79.21487697312423,10.000051351798264],[79.26611175743159,10.039233636168422],[79.2505290307443,10.042118400866796],[79.25508952411687,10.045430496893752],[79.23928665808268,10.057799261223508],[79.24806709889349,10.070874266230598],[79.2341132226322,10.07059400099361],[79.23203637428918,10.081751337031228],[79.22720326558407,10.073502742202093],[79.23029870644122,10.08294980028018],[79.22323213980145,10.0812204400082],[79.23143914644051,10.082981104186755],[79.22893201405955,10.105367597409867],[79.21906989384881,10.10926712042782],[79.22935233128943,10.107465004426437],[79.23339121879057,10.127105487329343],[79.22604915142952,10.137108638212057],[79.20651386174664,10.13678731992735],[79.20920832071212,10.147274542242974],[79.19634905869249,10.160893366007036],[79.15143227040708,10.15955598680438],[79.1614771834051,10.179883993602608],[79.15044390979556,10.185303974226192],[79.15019356639382,10.193906218651101],[79.17374636457247,10.203407272316534],[79.1825064360842,10.193290100713227],[79.18930731879219,10.200996530073771],[79.18312177756223,10.214612352747706],[79.15055584257487,10.216209659038789],[79.14423195540127,10.236343279601536],[79.11598577427348,10.233878075816234],[79.11759440092749,10.253420253331598],[79.12913786461782,10.253606753110141],[79.13258303129321,10.265050430289016],[79.11864954139895,10.288779580057097],[79.12638115509813,10.301216153436783],[79.12162740087025,10.305717798058017],[79.1328912971661,10.309124074771754],[79.13493300341521,10.319028128822419],[79.11442384923448,10.32819973888875],[79.15296304277038,10.350144600240082],[79.14417972285906,10.382936721380409],[79.15269362364363,10.400748315109736],[79.12580440704129,10.437936733917578],[79.13746378843759,10.439948708170077],[79.14042275544017,10.449495766883793],[79.17605592867633,10.448021544701577],[79.16653767996313,10.455417104415657],[79.19470406104926,10.46592818885461],[79.17235208941999,10.47434829477227],[79.17088739802732,10.481679559435442],[79.15184262981204,10.475796771429303],[79.14734156808035,10.48585785117722],[79.12985760021334,10.487855677684044],[79.128801391645,10.495391647404313],[79.13916958675418,10.498200630110059],[79.14046150516826,10.512300501757021],[79.15488062430511,10.521788346651762],[79.15165291101394,10.532497549306902],[79.18463432759995,10.537742222686443],[79.17882264632665,10.550545069741318],[79.19056792732533,10.559475610592521],[79.19078251418549,10.57818575383833],[79.1788039595721,10.571280434015694],[79.17740012903995,10.58693045866601],[79.14279230005558,10.586377349895672],[79.14340174678875,10.608387420616332],[79.12759108158123,10.636183232964177],[79.1043000093573,10.615206892694502],[79.10079852819507,10.629629689973957],[79.06998712602679,10.640723509043587],[79.06894167298735,10.67738072843765],[79.01665820529875,10.6801227315628],[79.0292394486194,10.704030182092458],[79.01049574538172,10.707877330394581],[79.00350153713971,10.722274618660865],[78.99350995083194,10.721679997390465],[78.98329937232589,10.696554930032262],[78.98705494555948,10.679154895414522],[78.96968684239779,10.675363137709196],[78.96373921278432,10.651415923387473],[78.95480907940951,10.668184091809096],[78.93757184731002,10.67508112771675],[78.94866377192449,10.675119665858064],[78.94468423611417,10.680653386249483],[78.93346006960842,10.683602679348608],[78.91851236738535,10.670755034048812],[78.90819467286649,10.67174247167022],[78.89376747518033,10.694200414422154],[78.87345849888253,10.705590330626764]],[[79.18466027364033,10.566476159916624],[79.18423071544113,10.565653521655767],[79.18284235479648,10.56660303763476],[79.18309380132935,10.56754775732401],[79.18476097298706,10.567348577839983],[79.18466027364033,10.566476159916624]],[[79.17133618107192,10.542773206301531],[79.17131315275958,10.541796803325553],[79.16960042843213,10.541950713054323],[79.16960053712829,10.542524803356192],[79.17133618107192,10.542773206301531]],[[79.14909597244036,10.528834371023727],[79.14859353302384,10.528409481953522],[79.14811018909533,10.528776971590158],[79.14770758843952,10.5290830711618],[79.1476913019834,10.529095452597986],[79.14770759023614,10.529110194799546],[79.14816207219289,10.529521525961567],[79.14861655504795,10.529932856574753],[79.14909597244036,10.528834371023727]],[[79.14604485805255,10.526610495721455],[79.14654718787462,10.526140347634371],[79.14627305798253,10.52524080195951],[79.14623987601253,10.525239251942294],[79.14569303197324,10.525213708010222],[79.14566566210316,10.525512055740908],[79.14548758187787,10.525837533291028],[79.14480712421981,10.526212758391091],[79.14503552177912,10.526587940641118],[79.14574340590111,10.526411612989259],[79.14604485805255,10.526610495721455]],[[79.14884425371795,10.524571644216989],[79.14874369540675,10.523898109627245],[79.14791759119674,10.524013205290336],[79.14783485995231,10.52402473110524],[79.14818362097994,10.524791112925499],[79.14884425371795,10.524571644216989]],[[79.14515178443814,10.517188322833318],[79.14493385404852,10.515824858154474],[79.14481766684801,10.515836320682878],[79.14369621992874,10.515946962588318],[79.14457272142285,10.518392356729878],[79.14531317755869,10.518198055265007],[79.14515670091768,10.517219077566379],[79.14515178443814,10.517188322833318]],[[79.13486231498551,10.508997923027703],[79.13381528809767,10.50853539439087],[79.13319459355885,10.5095199419917],[79.13398508855099,10.510056939894797],[79.1347295664444,10.509757370709819],[79.13478061321041,10.509465337971266],[79.13478235234881,10.50945538379031],[79.13486231498551,10.508997923027703]],[[79.13559217639093,10.506924341366041],[79.13498234697545,10.50616038299998],[79.13474953599314,10.506539089962281],[79.13438775029225,10.507069060589536],[79.134411469409,10.50737330566726],[79.13402564568945,10.507649714789856],[79.13409141494463,10.507731320993084],[79.1345592862907,10.508311850293657],[79.13568564519792,10.508369386021425],[79.13612283728037,10.508067941826779],[79.13584493715902,10.507458052786196],[79.13559217639093,10.506924341366041]],[[79.1374148527125,10.5052891546372],[79.13739365875999,10.505271220970396],[79.13701608965955,10.505358442670477],[79.13657430359271,10.505460500419282],[79.13654477507102,10.506093858852996],[79.13759022631383,10.506809770166225],[79.13768951620388,10.507317205038474],[79.1380715687959,10.507648964026462],[79.13835433329452,10.50747328622607],[79.1384170509727,10.507231311419508],[79.13842640512975,10.507195226146978],[79.13851172711543,10.506866039588523],[79.13843929325914,10.506156037383857],[79.1374148527125,10.5052891546372]],[[79.15930970403306,10.472890796755932],[79.15886614828511,10.47194657338183],[79.15869347771446,10.471980693771368],[79.15835166785055,10.472048239340625],[79.15828486104117,10.472061441046009],[79.15796657985116,10.472124333980352],[79.1576972712172,10.472959716619597],[79.15835522697569,10.47340826114481],[79.15930970403306,10.472890796755932]],[[79.17572092444904,10.46835742769592],[79.17545698594381,10.468303586705044],[79.17492570611509,10.468771297206091],[79.17497344977583,10.469634694912829],[79.17538211405983,10.47032411298822],[79.17541796043294,10.470384584992363],[79.17554907943011,10.470605782025839],[79.17682165442116,10.469906965639614],[79.1759848620559,10.46841126867742],[79.17572092444904,10.46835742769592]],[[79.17959860837412,10.46728135431403],[79.17893961775641,10.466850791587387],[79.17841974832845,10.4671896273157],[79.1783303848223,10.46724787119786],[79.1782974588722,10.467343771200328],[79.17806151636282,10.468030969175029],[79.17866589390285,10.468609874241043],[79.17975223196581,10.468119202220457],[79.17968508738988,10.467752999980796],[79.1796707529729,10.467674822176603],[79.17959860837412,10.46728135431403]],[[79.17535747237328,10.467256808215062],[79.17483331618477,10.466521426081806],[79.17466894694564,10.466605836339278],[79.17382609095223,10.467038673192492],[79.17421703776388,10.467956370833205],[79.175195367787,10.46785743224594],[79.17529029994958,10.467505696576122],[79.1752963429165,10.467483305023789],[79.17535747237328,10.467256808215062]],[[79.15591588416102,10.465448289723419],[79.15589291513753,10.465442461238395],[79.15554791715265,10.465672293213627],[79.15530920783222,10.465831315823623],[79.15538562931005,10.466302559112487],[79.15580319410189,10.46716815355841],[79.15630510081745,10.46719728875337],[79.15679395231695,10.466767042155643],[79.15683643634168,10.466729652731436],[79.15652614476784,10.465603149120627],[79.15591588416102,10.465448289723419]],[[79.15312378012078,10.464536724111625],[79.15217315414104,10.464426436606413],[79.1521351428281,10.464700506920781],[79.15195206078332,10.466020561969355],[79.15262150329934,10.466128187315414],[79.15263945702861,10.466131074167041],[79.15279684186639,10.466156374752622],[79.15385666974704,10.465691901395386],[79.15370351956749,10.464801724734917],[79.15312378012078,10.464536724111625]],[[79.17177861392574,10.464585609145313],[79.17088342388048,10.464571773742513],[79.1709100670135,10.465367138792535],[79.17171362171327,10.4653001200243],[79.17175849615494,10.46480677939698],[79.17175956784507,10.464795003147287],[79.17177861392574,10.464585609145313]],[[79.17428749083501,10.464899050374406],[79.17425800902566,10.463538562811625],[79.17321220384662,10.463543521206198],[79.17323528066797,10.464676666433137],[79.17324212133886,10.465012510786401],[79.17378636026383,10.465159084369178],[79.17421982972779,10.465071142877932],[79.17428749083501,10.464899050374406]],[[79.16827221089407,10.463370760021915],[79.16788193961551,10.462348446887749],[79.16679482361154,10.462969786816082],[79.16734566156059,10.463653035187408],[79.16777927026338,10.463911305241666],[79.16779041296618,10.463917942044372],[79.16818825973752,10.464154908403565],[79.16827221089407,10.463370760021915]],[[79.15787101078304,10.468514019681603],[79.15748740769882,10.468328971032951],[79.15689173393565,10.468791434325722],[79.15658469875467,10.46902980680609],[79.1566071692132,10.469683821183422],[79.15702680641837,10.470209416935093],[79.15829852262003,10.469667692806961],[79.15843348910157,10.469197698403681],[79.15814613061859,10.468646736071202],[79.15787101078304,10.468514019681603]],[[79.16068710343463,10.45577962418934],[79.16032446433421,10.454928114730807],[79.15888100103001,10.45543526535289],[79.15895286086287,10.456224389645993],[79.1594709183889,10.456712810148828],[79.16010135695359,10.456352520276356],[79.16039669427292,10.456063661571331],[79.1604100037122,10.456050644698806],[79.16068710343463,10.45577962418934]],[[79.16345930170647,10.45554805960791],[79.16328041569237,10.45444590615913],[79.1625450727671,10.454532391280138],[79.16269735337744,10.455700886826943],[79.16323908240953,10.455592231354245],[79.16345930170647,10.45554805960791]],[[79.15279707991995,10.452027851930858],[79.15231683338254,10.451934568272987],[79.15217525170723,10.451944222176605],[79.15213410976554,10.451926388780336],[79.15169684491951,10.451834125430784],[79.15163276988694,10.452266018202508],[79.15212795720416,10.45238661940761],[79.15240791626414,10.452446978297592],[79.1523858141149,10.452786865988895],[79.15269598711112,10.45291820833928],[79.15325109744771,10.452472554738712],[79.15302080534147,10.452071308616187],[79.15279707991995,10.452027851930858]]],[[[78.5693521976521,10.709125347341299],[78.558266525312,10.696854989058068],[78.57495534760861,10.684870581910179],[78.5799529468254,10.699991741846008],[78.5693521976521,10.709125347341299]]]]}}]}