{"type":"FeatureCollection","features":[{"type":"Feature","properties":{"id":"tn","name":"Tamil Nadu","state":"Tamil Nadu","stcode":"33"},"geometry":{"type":"MultiPolygon","coordinates":[[[[77.317352735502,8.121501806195765],[77.31739738805982,8.121533846104601],[77.31742056010258,8.121574619881832],[77.31743324521273,8.121628934221315],[77.3174472104221,8.121678292454291],[77.31744190587038,8.12173701328752],[77.3174423190954,8.121791477897563],[77.31740610171809,8.121840842335711],[77.31736089669636,8.121858788511613],[77.31731554435093,8.121881179433027],[77.31726484074136,8.121863384439983],[77.31722464472564,8.12183149396073],[77.31719239341031,8.121795419298097],[77.31716142309259,8.121754387644776],[77.31714331754802,8.121695448044967],[77.31712504401852,8.121641501886979],[77.31714774624237,8.121596135742363],[77.3171704287033,8.12155132629802],[77.31719840403788,8.12151502750521],[77.3172393007395,8.121492489827876],[77.31730680284491,8.121474725053995],[77.317352735502,8.121501806195765]]],[[[77.32263159184434,8.122580112066325],[77.32258542113368,8.122593586791705],[77.32253599762339,8.122570835742115],[77.32249088153486,8.12255267438659],[77.32245432189941,8.122512012760945],[77.32241427141079,8.122475683818653],[77.32240032237107,8.122425769868832],[77.32238190061955,8.122376264992605],[77.3223781429667,8.122321688409542],[77.32236961615804,8.122276401489861],[77.32236472662794,8.12222234246831],[77.32236973383733,8.12217250140996],[77.32239191144508,8.122109339453893],[77.3224105811316,8.122051061548843],[77.32244731863348,8.122019494791395],[77.32248806621476,8.122001397440869],[77.32256075339596,8.122028805811206],[77.32258726896822,8.12206968892264],[77.3226327596542,8.122110089137578],[77.32267295656823,8.122141980484027],[77.32271441741186,8.12216946621426],[77.32275463319048,8.122200801740828],[77.32279594491376,8.122232729541537],[77.32282708321645,8.122268764146165],[77.322862825385,8.122300507855515],[77.32289505963232,8.122337135619802],[77.32291778970398,8.122391228419453],[77.32293032928703,8.122449982941944],[77.32294413010473,8.12250433629233],[77.32292159676413,8.122544708005835],[77.32288008920813,8.122585561717708],[77.32282114445411,8.122580830623498],[77.3227766976105,8.122576025717034],[77.32272666414411,8.122571592539352],[77.32267664774572,8.122566602657669],[77.32263159184434,8.122580112066325]]],[[[77.32502804639239,8.123116153580892],[77.3250552348028,8.123170393010424],[77.32508227319455,8.123229073606787],[77.32510498709648,8.123283722099924],[77.32513091247559,8.123342366218365],[77.32516255563148,8.123396753241398],[77.32514960462002,8.123450776532737],[77.3251310651892,8.123505169766185],[77.32511685204474,8.123563595973478],[77.32510390103329,8.123617619242374],[77.3250581740904,8.123617774870057],[77.32499462547058,8.12361733733391],[77.32494889762935,8.123617492961605],[77.3248861476118,8.123626529150323],[77.32482646174769,8.123644000359617],[77.32476356440645,8.12365747682789],[77.32470936904538,8.123644015477735],[77.32465868340208,8.123625670085442],[77.32461356551696,8.123607506999058],[77.32458162771364,8.123562000567034],[77.32455496212275,8.123525557889174],[77.32451392708056,8.123485306330029],[77.32448310228992,8.12343983545621],[77.32447390443971,8.12338118779477],[77.32446472545413,8.123321987868394],[77.32446986112265,8.12326826247586],[77.32450163722916,8.123218196553958],[77.32453324804571,8.123173124057223],[77.32458847826601,8.12315550609257],[77.32463338684367,8.123146433431858],[77.324679243144,8.123142395110674],[77.32473753751772,8.123133211286868],[77.32479677961408,8.123129060913458],[77.32484168729347,8.123119988252164],[77.3249010767135,8.123111397592453],[77.32494583796748,8.123106766106295],[77.32502804639239,8.123116153580892]]],[[[77.31064242183926,8.125854332530626],[77.31059669489635,8.12585448282167],[77.3105520998307,8.125854114653038],[77.31049684894916,8.125872283862842],[77.31045119656639,8.125903548845942],[77.31040203626247,8.12593970139737],[77.3103566228316,8.12593041536855],[77.31031135941939,8.125916688195126],[77.31026594688682,8.125907402165785],[77.31022051638799,8.125898672835547],[77.31021117570565,8.125844464010799],[77.3102031160209,8.125785299130305],[77.3102025393025,8.125735828461707],[77.310212153971,8.125681695205158],[77.31021204078326,8.125618348827606],[77.31019906192404,8.125572910210147],[77.31019001858408,8.12550982437945],[77.310189756276,8.125450918235057],[77.31019058991261,8.125392601686052],[77.31022222408534,8.125346978958495],[77.31025829503724,8.125302059659969],[77.31029518435439,8.125266054674459],[77.31034089333099,8.125266461083434],[77.31038550636295,8.125266276109537],[77.31042670310187,8.125234859006918],[77.31045831930832,8.125189792072451],[77.31049966337092,8.125153935589596],[77.31053625534572,8.12512681289724],[77.31059054053833,8.125104166928379],[77.31064020300049,8.125086366742446],[77.31069478463718,8.125054840242104],[77.31073070826537,8.125014361176012],[77.31077606330575,8.124991973097238],[77.31083085065663,8.124987680455364],[77.31088569549965,8.125015059274954],[77.31092098940884,8.125060125339768],[77.31092617178973,8.125105305229638],[77.31093900242693,8.125155181495737],[77.3109574026189,8.125205245397426],[77.3110112997393,8.125227590777978],[77.31106614368404,8.125254971359825],[77.31109236101562,8.12530473644513],[77.31111969225812,8.12535453976409],[77.31111995366787,8.125413445922616],[77.31111063544346,8.125458699584359],[77.31108795118588,8.12550350859252],[77.31104710838318,8.125557717463321],[77.31101467470984,8.125593869156623],[77.31098753301184,8.125638531415735],[77.31097871694566,8.125702135686069],[77.3109693987212,8.125747388425959],[77.31096455500519,8.125792236530936],[77.3109235073866,8.125819210665856],[77.31088245976801,8.125846186577549],[77.31083725205134,8.125864132574359],[77.31076937534847,8.125859656746785],[77.31068813171417,8.125854738049643],[77.31064242183926,8.125854332530626]]],[[[77.32396413117725,8.125326814141653],[77.32424576559521,8.125408924735854],[77.32449868716178,8.125549535932343],[77.32471165885104,8.125717717050025],[77.32486069744151,8.125930457165467],[77.32495503671599,8.126111382619044],[77.32501764479973,8.126274032974111],[77.32499046177924,8.126387040151721],[77.32489436629837,8.126526658552631],[77.32475359580174,8.126634795882717],[77.32453131217625,8.126679114758383],[77.32424191811084,8.126628977229092],[77.32391607041123,8.126501509298071],[77.32360764823147,8.126319607574342],[77.32338650456808,8.126128928420995],[77.32326404533022,8.12598874428953],[77.32327464724719,8.125704052120069],[77.32334750959991,8.125491988639583],[77.32349337444248,8.1252978986374],[77.32370583768528,8.125280482636544],[77.32396413117725,8.125326814141653]]],[[[77.30979496826819,8.12585176246465],[77.31004712447016,8.126281864997269],[77.31004601864403,8.126548535201342],[77.30975046213577,8.126949898571313],[77.30896886675315,8.127412359511796],[77.30827444837729,8.127735468775011],[77.30797941738346,8.127820686061938],[77.30730792131867,8.1279584106623],[77.30663509035739,8.128336127272734],[77.30618451158055,8.128904033232491],[77.30586231553256,8.129201158056174],[77.30548464043089,8.129389754814648],[77.30524552597028,8.129203445306848],[77.3050825886457,8.129040226994366],[77.30502458891941,8.128773811004777],[77.30518420247738,8.128502959947541],[77.30561573517359,8.12823780728352],[77.30617434983805,8.127774066714188],[77.30671222150434,8.12713016370954],[77.30722077575297,8.126729213152412],[77.30791680211321,8.126157793175528],[77.30842932511877,8.125938110446832],[77.30909733392363,8.125637462481151],[77.30944635186938,8.125638494065273],[77.30979496826819,8.12585176246465]]],[[[77.30176418144345,8.14015318646476],[77.30179656301452,8.140185381394035],[77.30182309475643,8.140225717535479],[77.30185042510062,8.140275526115087],[77.30186436875046,8.140325443178773],[77.30186843362713,8.140370589334992],[77.30185435792494,8.140424578326021],[77.30182288455065,8.140465206121885],[77.3017730478153,8.14048799884089],[77.30172768648673,8.140510385165104],[77.30166813896317,8.140523407542062],[77.3016272341767,8.140545943260557],[77.30157710009902,8.140577617049866],[77.30153255533902,8.140608919124517],[77.30149164965427,8.140631454838203],[77.30144116433527,8.140640332354632],[77.30139589643149,8.14062660123853],[77.3013555306342,8.140599698351673],[77.30132314996146,8.140567503455731],[77.30129661732123,8.140527170016487],[77.30129160472195,8.140476991534438],[77.30130105769368,8.14042784992773],[77.30131931146028,8.140382336511971],[77.30136112713842,8.140332605311594],[77.30140567279672,8.140301300547554],[77.30145170157357,8.140292274516499],[77.30151013518616,8.14027921211516],[77.30155631308335,8.140265745987428],[77.30158778645763,8.140225115503524],[77.3016103287814,8.140184745569998],[77.30165088142826,8.140139417093607],[77.30169706022376,8.1401259500719],[77.30176418144345,8.14015318646476]]],[[[77.30164050409009,8.140749205744688],[77.3016717717502,8.140781363277],[77.30170342748248,8.140835206373556],[77.30172212501681,8.140876391695581],[77.30170723184773,8.140921462202385],[77.30168088246378,8.140975598736762],[77.30164861228383,8.141006754941266],[77.30157164732525,8.141006973699856],[77.3015257308378,8.140979330972037],[77.30149043423368,8.140934257803988],[77.30146295566745,8.140888889395569],[77.30146349555493,8.140839453493383],[77.30149080972947,8.140789793490818],[77.30153201275661,8.140758380272382],[77.30157276932103,8.14074028465681],[77.30164050409009,8.140749205744688]]],[[[77.30113722834206,8.14065745423138],[77.30115102197323,8.140711812227996],[77.30117770283549,8.140747708225591],[77.30122777852269,8.140784380546611],[77.30126814431999,8.140811283421062],[77.3013096051636,8.14083878121061],[77.30134534733214,8.140870531453341],[77.30134911576474,8.140924557726018],[77.30135397834539,8.140979176240343],[77.30134450740735,8.141028872679202],[77.3013215186209,8.141082564567863],[77.30128081685368,8.141132333913422],[77.30122652447457,8.141154978087672],[77.30117172993718,8.141159266999402],[77.30112252561581,8.14116318686729],[77.30107664416265,8.141167775460335],[77.30102742097667,8.141172249338444],[77.30095428194288,8.141158149196768],[77.30089592468708,8.141135647304694],[77.30085446384344,8.141108153092572],[77.30082824741018,8.141058381076213],[77.30081876030246,8.141008608164451],[77.30081499276817,8.1409545836816],[77.30080535743843,8.14090925173529],[77.3007598685491,8.140868841853868],[77.30070123191722,8.140854666114185],[77.30065143380945,8.14080966674092],[77.30062046528833,8.140768629029685],[77.30062018860723,8.140710273802615],[77.30062951132325,8.140665018305299],[77.3006568263961,8.14061535917035],[77.30067936782152,8.140574989276123],[77.30072534359776,8.140534286793288],[77.30081983378923,8.140543542248862],[77.30088361327608,8.14057066834464],[77.30092032113355,8.140606897828686],[77.30097821396035,8.140643274927134],[77.30101481222334,8.140616152393347],[77.30105569904349,8.140594172468438],[77.30113331168741,8.14060786712583],[77.30113722834206,8.14065745423138]]],[[[77.30170724442412,8.141187633574203],[77.3017380647232,8.141233113106521],[77.3017521574934,8.14127858996589],[77.3017651534206,8.141323477239474],[77.30173783834776,8.141373136286614],[77.30171052417322,8.141422794438364],[77.30166932204442,8.141454210272412],[77.30163368857201,8.141485809291918],[77.30156069955687,8.141467268189157],[77.30153862256044,8.141427079790189],[77.30151545141602,8.141386300028147],[77.3015072453059,8.14133157130086],[77.30151224263382,8.141282283070812],[77.30153495114588,8.14123691559109],[77.30156625833186,8.141201281080432],[77.30159854827477,8.141169570880706],[77.30165668364668,8.141165391348327],[77.30170724442412,8.141187633574203]]],[[[77.3013797572991,8.141408460429663],[77.30142524708678,8.14144887203516],[77.30145257743098,8.141498679573429],[77.30147463466447,8.141539421975086],[77.30147028771678,8.141602625333654],[77.30144297354227,8.14165228434619],[77.30141499102115,8.141688583984022],[77.301387526828,8.141742684844267],[77.30137805588996,8.141792381188399],[77.30137432249161,8.141837265736605],[77.30136470333156,8.141891402147222],[77.30132810417027,8.141918526373166],[77.30129150590727,8.141945647929543],[77.30124198537891,8.141959005510998],[77.30119721783673,8.1419636278868],[77.30115590521511,8.141931692764558],[77.3011201630466,8.141899940827404],[77.30108345518914,8.14186371323888],[77.30105166830282,8.14181375546094],[77.30101191695319,8.141768533880233],[77.30097023242904,8.141714359214795],[77.30093926300964,8.14167332070701],[77.30092561760047,8.141614519202625],[77.30091182307096,8.141560160439239],[77.3009126603008,8.141501840897968],[77.3009167099061,8.141447518579046],[77.30094959543202,8.141398046286048],[77.30103576902059,8.141389241705895],[77.30108038834075,8.14138906029651],[77.3011259526886,8.14139390944062],[77.30117101757315,8.141380403333608],[77.3012209845642,8.141353726369859],[77.30129889544881,8.141358539943955],[77.30133926124607,8.14138544366908],[77.3013797572991,8.141408460429663]]],[[[77.25095191883165,8.16793801188548],[77.25098893930284,8.16796482134521],[77.25102928443887,8.167992296815838],[77.25106517213449,8.168019623787805],[77.25109756718025,8.16805127850609],[77.25113364981027,8.168105842630561],[77.25115571423028,8.168146045242969],[77.25118749033683,8.168196018404107],[77.25120493022975,8.168241065379933],[77.25122331425204,8.168291143454987],[77.251228177731,8.168345216707305],[77.25122284353483,8.16840394759054],[77.25121862414794,8.168462715811554],[77.2511912857189,8.168512369709745],[77.25116825471164,8.168566616326364],[77.25113149026033,8.168598169632306],[77.25108199847804,8.168643189886726],[77.25104523312841,8.168674744075831],[77.25100861869575,8.168701856703628],[77.25094954907594,8.16873321704229],[77.25090862722149,8.168755740500533],[77.2508498765036,8.168777661968566],[77.25079074579831,8.168777898495971],[77.25071363441434,8.168781975481645],[77.25066004990764,8.168750163432746],[77.25061827195873,8.168732086867958],[77.2505646865537,8.168700274815077],[77.25052322750673,8.168672762046732],[77.25046533557823,8.168636358154593],[77.25042370764795,8.168613840914027],[77.2503927463134,8.168572785604745],[77.25036095313885,8.16852336557405],[77.25034353211055,8.168477764657567],[77.25033851861293,8.168428132985092],[77.25033016248418,8.168378391045483],[77.2503249980696,8.168333200034446],[77.25032094846432,8.168288049032398],[77.25032531966646,8.168224840110696],[77.25034850069238,8.168166151882847],[77.25037183263527,8.16810302563768],[77.25040793502822,8.168058110248209],[77.25045378324367,8.168021860132058],[77.25050376909934,8.167995198283792],[77.25055823126006,8.167968129178947],[77.2506168490273,8.167950092592841],[77.25067529880957,8.167937050657379],[77.25072134016284,8.167928039477363],[77.25078953576762,8.167923661932454],[77.25083973452402,8.167923681494914],[77.2508843430644,8.16792406829811],[77.25095191883165,8.16793801188548]]],[[[77.24630157057449,8.171649727549461],[77.24630338247641,8.172156089652153],[77.24596875374486,8.172154835889636],[77.24552961680979,8.171945542855923],[77.24507268155402,8.171537242663025],[77.24454560494253,8.171684567073898],[77.24403483724501,8.171186085312039],[77.24331075110857,8.170826588769764],[77.24355259644769,8.170438470428302],[77.2441535190671,8.169889598022236],[77.24509198095957,8.16971666046981],[77.24540416079219,8.169952248263808],[77.24535365571026,8.170191749277647],[77.24485021916378,8.17026706520099],[77.24470839224841,8.170600749755915],[77.24475692822323,8.171011980807357],[77.24511895377432,8.1711264238505],[77.2458405866117,8.17119627727003],[77.24612955038411,8.171359944322937],[77.24630157057449,8.171649727549461]]],[[[77.2448615864454,8.17375042779432],[77.24495652399789,8.173845880521235],[77.245046702276,8.173950065064094],[77.24501434406115,8.174049014923817],[77.24497316079696,8.174112098436451],[77.2448005495151,8.174201881609628],[77.24466356721405,8.174359557856732],[77.24453198738114,8.174390698121224],[77.2443516056721,8.174281811664484],[77.24412984935768,8.174208767486977],[77.24412966250809,8.174082599593076],[77.2442389192062,8.173920102941073],[77.24439400884846,8.17372191058972],[77.24467106814667,8.17367732394378],[77.2448615864454,8.17375042779432]]],[[[77.23732115310332,8.17615585835666],[77.2372023913312,8.176368051477445],[77.23693767937654,8.176705934097752],[77.2365026773867,8.176736289919564],[77.23633580005134,8.176591162768302],[77.2361421421407,8.176183363495515],[77.23572609729833,8.175852544118452],[77.23560789607494,8.175752409422241],[77.23558603467417,8.175607726505692],[77.23603653439926,8.17525221305708],[77.23623436767934,8.175438397081008],[77.23661877116247,8.175945441714248],[77.23717291670839,8.175527280988797],[77.23717388060072,8.175301668710954],[77.23721276687273,8.17458325180008],[77.23748171079069,8.174317764223002],[77.23889814199136,8.173802500519434],[77.23911489828289,8.173957082545824],[77.23918686681185,8.174269072260088],[77.23926718787637,8.17463080823187],[77.23941161990605,8.174681246515187],[77.23966663454725,8.174365821299517],[77.24007568870005,8.17424510418158],[77.24027373577917,8.174457967877665],[77.24020512515273,8.174869151382945],[77.23989068066729,8.175061972476044],[77.2401119015858,8.175446793663932],[77.24014154419353,8.176283124626202],[77.23982763061245,8.17652598473137],[77.23951483273892,8.176407068864496],[77.23929383100938,8.175950001454039],[77.23929209456593,8.175376383469006],[77.23892717374468,8.17465658756257],[77.23854148567071,8.174614691703395],[77.237887689112,8.174879438389864],[77.23782118952646,8.17555691043562],[77.2383368916698,8.176172859561268],[77.23864890531407,8.176413464763492],[77.2385753081395,8.176675534703639],[77.23816704719906,8.176674004419347],[77.23790038769683,8.176510512048392],[77.23765690472898,8.176157169903597],[77.23732115310332,8.17615585835666]]],[[[77.22728875723051,8.187268345453349],[77.22738690446349,8.187630156764202],[77.2273853413949,8.188036955579316],[77.22714850146855,8.188275734402172],[77.22683143659745,8.1880849434255],[77.22683368058905,8.187461402398789],[77.22689876712464,8.187122336534445],[77.22728875723051,8.187268345453349]]],[[[78.16546021090653,8.79738530994199],[78.16566950938457,8.797638385199265],[78.16575034698035,8.797918627964746],[78.16571863375587,8.798094964392366],[78.16562840876537,8.798239626887781],[78.16548700765145,8.798289289108594],[78.16535094612358,8.798266657830691],[78.1651420635655,8.79820304824589],[78.16497821445094,8.79800859653682],[78.16504661576992,8.797678905490246],[78.1651374381401,8.797348705471006],[78.16524161306864,8.797267388723023],[78.16546021090653,8.79738530994199]]],[[[78.20924595197727,8.833869281740101],[78.20953218487118,8.836336892563043],[78.20676397601751,8.837380710144815],[78.20390095178223,8.83729003571588],[78.20361490214461,8.834157539209572],[78.20466558517566,8.832064623429266],[78.20743344907628,8.832065239467786],[78.20924595197727,8.833869281740101]]],[[[78.21335031139127,8.834466209033646],[78.21393641180849,8.83500463702452],[78.21408111423109,8.835745823269587],[78.213954520048,8.836283581875922],[78.21329988086951,8.837119870311684],[78.21257675772705,8.837960458398738],[78.21172201792075,8.8388192582046],[78.21089938929258,8.839401928988556],[78.20986825719537,8.839903776144228],[78.20977305374157,8.840026066938487],[78.20966790773417,8.84014307709712],[78.20952302475021,8.840279082796995],[78.20861391530964,8.840246935886741],[78.20809598803935,8.840129403826325],[78.20790446272918,8.839835582831448],[78.2080642074412,8.839564546576531],[78.20860448928735,8.839311505373189],[78.20926318076609,8.839030981563516],[78.2096410822432,8.838525027846805],[78.20995415949274,8.838095360668829],[78.21014122826077,8.837684055807463],[78.2104590414285,8.836540603618484],[78.21071869586811,8.835641372033107],[78.211059893081,8.834958886316391],[78.21165464157947,8.834348392854292],[78.21268239870615,8.834176937211817],[78.21335031139127,8.834466209033646]]],[[[78.225694029371,8.872858925639283],[78.22487592825186,8.873143681291102],[78.22403540787816,8.873428392343836],[78.22362730593956,8.873556300029074],[78.22305330672751,8.873767293337755],[78.22273096605072,8.873749216342],[78.2220540306869,8.87349593328049],[78.22107636901039,8.873129828184252],[78.2209815796799,8.873111691690244],[78.22076775459115,8.87293542043654],[78.22073993556344,8.872637028951218],[78.22085850689272,8.872438416541437],[78.2210173721541,8.872325046805733],[78.2214038911697,8.872207719374863],[78.22179900706259,8.872311905496295],[78.22229924650495,8.87263293727324],[78.22265774527024,8.872723325180813],[78.22300328763416,8.872670672128256],[78.22350328812468,8.872085926556718],[78.22411265311115,8.871394289280161],[78.22439067809833,8.870644206847944],[78.22443105287877,8.87006113910958],[78.22449890263218,8.86895764853929],[78.2245448775101,8.868374734335985],[78.22440912230773,8.868379473104339],[78.22431309420047,8.868157861283569],[78.2244583508836,8.867800550306452],[78.22472715286777,8.867267612938779],[78.22492708101909,8.866919563875667],[78.22514039227148,8.866657151778304],[78.22584451784232,8.866399463198471],[78.22648104428974,8.866404168264268],[78.22703627230558,8.866639130349983],[78.2275538052155,8.867150104600809],[78.2277770536316,8.867850552864109],[78.22771732554666,8.868153851212709],[78.2275806360964,8.868234931322297],[78.22747635337004,8.868194806655527],[78.22754074371127,8.868384361872982],[78.22751695362761,8.8687683243873],[78.22743554919488,8.869252196270047],[78.22725823613082,8.86971790688902],[78.22706260102824,8.87015637467957],[78.22693975910809,8.870680392209414],[78.22691747729579,8.871299616750001],[78.22681298705857,8.871724910256079],[78.22649921451296,8.87226279466316],[78.22604500654239,8.872687684985994],[78.225694029371,8.872858925639283]]],[[[78.2230982988485,8.881619586432297],[78.22348016548925,8.884087441219252],[78.2206158386968,8.885131436494582],[78.21775275427443,8.88513134862858],[78.21746629680166,8.881998225814389],[78.21851698162932,8.879910338702135],[78.22137996005053,8.87991040881843],[78.2230982988485,8.881619586432297]]],[[[78.27253772370378,8.941092932413671],[78.27263320833026,8.941255464040642],[78.2726102060691,8.941445543113494],[78.27256090113642,8.941612627823687],[78.27239248229199,8.94166227864123],[78.27227440773108,8.94159003377546],[78.27225174772802,8.94147234965191],[78.27222875714494,8.94128273026581],[78.27222872300895,8.941115462599958],[78.2723057948671,8.94104277925025],[78.27253772370378,8.941092932413671]]],[[[78.27070551266377,8.940957154933924],[78.27096451133322,8.94129627907473],[78.27098804539705,8.94167603863677],[78.27076923465845,8.941933445231614],[78.27038716679503,8.942046604367743],[78.27007813196425,8.941901861866022],[78.26965098843657,8.941644168619247],[78.26936883569067,8.94133230924905],[78.26917800926981,8.94100222597071],[78.26923289004546,8.940668023079718],[78.26912391092675,8.940717562213624],[78.268895851134,8.940816930641088],[78.26851912914489,8.940645311836004],[78.26796929191903,8.940152439429259],[78.26760941603642,8.940274537914611],[78.2665589503977,8.939420550481385],[78.26684564233072,8.937331715288781],[78.26760935854425,8.93695208608362],[78.26913743326672,8.936757626184557],[78.26932831628146,8.937422235402584],[78.26952310067945,8.938656207645955],[78.269141616721,8.939884481247594],[78.26938275957758,8.940093784825509],[78.26959173286548,8.940374165584123],[78.26956036998396,8.940541162933181],[78.2702103648724,8.940600102320515],[78.27070551266377,8.940957154933924]]],[[[78.2506474636726,8.951123937344148],[78.25066556921718,8.951327376899505],[78.25050704351898,8.951467595368312],[78.25032490111198,8.951526337764024],[78.25014269672123,8.951503669791832],[78.25007982632944,8.951422270063649],[78.2500432253715,8.9513231654197],[78.25014339650883,8.951142373448494],[78.25030640749523,8.951002275537377],[78.2505699758945,8.951002006662609],[78.2506474636726,8.951123937344148]]],[[[78.2526665395631,8.956268736652268],[78.25202491337983,8.95631364872932],[78.25121169550259,8.956232462157496],[78.25089288789982,8.956033323733106],[78.25079287127272,8.955789236681376],[78.25109337929482,8.955540698446462],[78.25186172901856,8.955328521592014],[78.25262548655462,8.955287954819314],[78.25264329296014,8.954957774166752],[78.25244329923181,8.954677587441628],[78.25209829675539,8.95445155473593],[78.25167997198884,8.95432506055278],[78.25089307385107,8.954099036501612],[78.25055265188429,8.95366012192511],[78.25037505405429,8.953171988840198],[78.25037954563071,8.952710982926513],[78.25068795343742,8.952208955865018],[78.2511342786914,8.951833806549685],[78.25157609709757,8.951626928703845],[78.25118384054225,8.949772619643454],[78.25185270633985,8.948918271143482],[78.25309766172921,8.948538608762476],[78.25481695992788,8.948538368282112],[78.25586735100646,8.949772744763804],[78.25624898678018,8.951481228986],[78.25577132379753,8.952525783182711],[78.25491245713079,8.952810301048718],[78.25518022066248,8.953072757779047],[78.25546215960934,8.95343428292088],[78.25556236847592,8.953755315298604],[78.2554939321226,8.954175603026536],[78.25534901230773,8.954939574295143],[78.25514395477613,8.955477805608261],[78.25496199023554,8.955739523901284],[78.25459394507376,8.955997436105191],[78.25400760570466,8.956155896953062],[78.25329843609352,8.956210180481419],[78.25287505830346,8.95614656367096],[78.25277372205122,8.95611934825192],[78.2526665395631,8.956268736652268]]],[[[78.49409267535012,9.08581254174221],[78.49507093081307,9.086241214401907],[78.495571374173,9.086833239720775],[78.49588139355735,9.087633109021946],[78.4961599593303,9.088523697406847],[78.49660665379186,9.089694044596522],[78.49657934590553,9.09042644336062],[78.49637111642268,9.090941809841446],[78.49552473544009,9.091566921587274],[78.49410640699755,9.092078568889981],[78.49284718636152,9.09233304664578],[78.4923688613205,9.092694998204795],[78.49154245168332,9.09332839614251],[78.49082347246923,9.093930420697475],[78.49020962399118,9.094324157998473],[78.48991463611651,9.094134415748627],[78.48954960749742,9.093380010375784],[78.48924019627256,9.092512057705202],[78.48873901449743,9.09172582850846],[78.48795999638138,9.090917092711624],[78.48714036812626,9.090027009678288],[78.48712054859612,9.089966823554356],[78.48653052523605,9.089277139933793],[78.48655776215548,9.088594395164055],[78.48687595171731,9.087993068607398],[78.48745291357315,9.087368592840514],[78.48819329425054,9.086852490295788],[78.4890530736056,9.086454270537109],[78.49031252241375,9.085964967814204],[78.49136737003442,9.085711039936285],[78.49222663824807,9.085556585972117],[78.49313696221091,9.085514964945231],[78.49409267535012,9.08581254174221]]],[[[79.4892294426007,9.119142504114823],[79.4897936888037,9.119897343831235],[79.49121334675284,9.121230466337273],[79.49228249285794,9.122030312793168],[79.49278754996517,9.122473190934448],[79.49350642227972,9.122843651547198],[79.49462543206958,9.122947256418472],[79.49569439940991,9.12303282509673],[79.49652232360667,9.123272195548877],[79.49688187699408,9.12370151334329],[79.49691830188222,9.124036058334017],[79.49645008468478,9.124931258620824],[79.49599544013299,9.125397038538257],[79.49551328377726,9.125596131217735],[79.49485368949169,9.125492388752244],[79.49450337976856,9.125239273897163],[79.49393006507276,9.124868800693958],[79.49361620988216,9.12469257045758],[79.49331589948942,9.124620362272115],[79.49299291741555,9.12458430784295],[79.49204218184133,9.124308774719513],[79.49181472212317,9.124132583232251],[79.49100918843487,9.123020766987796],[79.48966204249547,9.120611563723552],[79.48903860809502,9.11983419674252],[79.48872920315833,9.119477158927952],[79.48872907469925,9.119192370854995],[79.48883368171745,9.119047721633395],[79.4890019667129,9.119047616084957],[79.4892294426007,9.119142504114823]]],[[[78.5368634036931,9.102023852450602],[78.53733214909995,9.102091102418585],[78.5378690550773,9.10235305581176],[78.53835569133132,9.10283192539127],[78.5387935140311,9.103514361819935],[78.53922193406484,9.104304804963826],[78.53938579934908,9.104806477509882],[78.53950037317537,9.10525840751401],[78.53944561726551,9.10561135275395],[78.53934650614022,9.105851073715105],[78.53911850473796,9.10603631535176],[78.5388780185499,9.106181640409552],[78.5386591961332,9.10622260177077],[78.53847293045905,9.106172859173016],[78.53842699331034,9.106032811725685],[78.53836362884513,9.10564406069293],[78.53831767283187,9.105232302337543],[78.53813956296216,9.10489821693609],[78.53782988224269,9.104663572508858],[78.53741625386844,9.10454634337223],[78.5367975931154,9.104230500226764],[78.53638812483922,9.104126758650327],[78.53594641782412,9.103828626739054],[78.53536860706035,9.103314042526096],[78.53507206420191,9.102911781275603],[78.53494393569632,9.102645308127743],[78.53493055618844,9.102369367798017],[78.53514014482234,9.102156904784152],[78.53566668334297,9.10197562515856],[78.53633604770559,9.101920577685155],[78.5368634036931,9.102023852450602]]],[[[79.48877419168606,9.12748513711152],[79.48886070573613,9.12774731046495],[79.4888471268023,9.127973423330522],[79.48875168978654,9.128163271780897],[79.48859700977606,9.128222063412663],[79.48818757743251,9.128199607894805],[79.48752796877388,9.127901442865841],[79.48722762873673,9.12768909703987],[79.48708203788033,9.127521849357317],[79.48700919259562,9.127304885890002],[79.4871410455164,9.127078845329722],[79.4874412193652,9.126992826168626],[79.48788706581713,9.127223279316443],[79.48811454260327,9.12722321102197],[79.48820088507512,9.127064925666941],[79.48815075908227,9.126626435610586],[79.48820072068341,9.126495329476661],[79.48846462864589,9.126576609821822],[79.48860574050232,9.126888513805545],[79.48877419168606,9.12748513711152]]],[[[79.48184565837619,9.130306178189691],[79.4816409592724,9.13053230628427],[79.48143637605129,9.13065445557373],[79.48099511370225,9.130713349678908],[79.48056296655842,9.130663745307487],[79.47985318609287,9.130189263465015],[79.47966215305948,9.1299994364929],[79.47967113800895,9.129804991149824],[79.47993493278373,9.129723582048037],[79.48063104178897,9.13005788812612],[79.48106323923847,9.130166308727192],[79.4813042401612,9.13008035062243],[79.48139056646338,9.1297593618947],[79.48117207103344,9.129176196333162],[79.48111292954842,9.128995425334521],[79.48111287115789,9.12884173421437],[79.48124474923152,9.128733153561704],[79.48156774298349,9.12879190430043],[79.4818817877186,9.129352302843753],[79.48196382456533,9.129971650610848],[79.48184565837619,9.130306178189691]]],[[[78.58159607866777,9.111025573548904],[78.58100160235882,9.111369424202078],[78.5803281326954,9.112143211138775],[78.5800427891336,9.112609456553667],[78.57969716412465,9.112831544151296],[78.5794745418343,9.11289033209994],[78.57928814949769,9.112890854529342],[78.57871898771347,9.112290157770515],[78.5781257438931,9.111250895176935],[78.57735189019158,9.110022039430943],[78.57618539725243,9.109010216266112],[78.57562993118303,9.108034361189342],[78.5753199001206,9.107030962363792],[78.57495024966939,9.10630787997467],[78.5737893685058,9.105206362140455],[78.57271940403554,9.104565095388807],[78.57180952024716,9.104218370523137],[78.57095819583557,9.103681133784315],[78.57046125231197,9.102610174849769],[78.57062758796323,9.101457082235523],[78.57141909266177,9.100768804487938],[78.57261961558049,9.100523915961366],[78.57416230589264,9.101068929392204],[78.57514049128699,9.101009452069247],[78.57597240849522,9.100687559071833],[78.57609948237867,9.10035755853145],[78.57623015311653,9.100018158053786],[78.57635299144341,9.099769508093072],[78.57656701505985,9.099556537939115],[78.57679444603194,9.099483926404968],[78.57702191203826,9.099501696766765],[78.57736716604299,9.09956917605755],[78.57770815035515,9.099627625575598],[78.57841807455115,9.099749100665223],[78.5791232933717,9.099879388150262],[78.57955974164912,9.100028287694888],[78.57998757418464,9.100208220941724],[78.58035159669062,9.100334726944084],[78.58071125607923,9.100456105996772],[78.58113433293364,9.10055502509109],[78.5812990812618,9.10070461444607],[78.58138045155854,9.100912449034972],[78.58144011406648,9.10127374085383],[78.58150425018448,9.101635701109384],[78.58157256167195,9.102010596177141],[78.58164648313837,9.102385623902336],[78.58171016560718,9.102720237643755],[78.58179192307782,9.10305026527511],[78.5820159350619,9.103393768800688],[78.58235282754795,9.103574291096313],[78.58268893939804,9.103740849265806],[78.58302561539008,9.103930294597973],[78.58334478231897,9.104147211065303],[78.58358571317312,9.104395716949611],[78.58388256954359,9.104652824761827],[78.58415947433161,9.104991463345861],[78.58442862126884,9.10532600989796],[78.58462429949056,9.10554273836246],[78.58481997771226,9.105759466695604],[78.58515275950758,9.106016881313984],[78.58538968297722,9.106061646123834],[78.5856300622658,9.106056837730009],[78.58598548070798,9.105984505144908],[78.5863354329016,9.105952207915395],[78.58666701185278,9.106028823800875],[78.58699075749466,9.106150439522008],[78.58744554667523,9.10633100388837],[78.58788700306037,9.106551973342523],[78.58807895327361,9.106691613457004],[78.58823273407047,9.10687720147189],[78.58837486012484,9.10708036157651],[78.58847039775195,9.1073063917369],[78.58847522439996,9.107522984178198],[78.58840309417421,9.107902870370358],[78.58829850602066,9.108278628114872],[78.58815801759506,9.108699270574101],[78.58799968503465,9.109115022582758],[78.58772276048369,9.109743836775573],[78.58740024912701,9.11035425915211],[78.58720904990534,9.110644244007952],[78.586991353976,9.11091573594473],[78.58660050238578,9.111381682275194],[78.58613235795187,9.111748127508866],[78.58579581041887,9.111920789608934],[78.58545489617528,9.112088323113497],[78.58515472861468,9.112242333664947],[78.58485029136152,9.11238731205136],[78.5845641060783,9.112428395991145],[78.5842680887343,9.112320274234428],[78.5840315632183,9.11216671518877],[78.58387629930291,9.111949839954965],[78.58376230399168,9.111606192091871],[78.58364402371652,9.111254070568915],[78.58295226525219,9.110937773894609],[78.58220095387446,9.110807507292368],[78.58159607866777,9.111025573548904]]],[[[79.48353876798942,9.133623896792676],[79.48347978909942,9.134030763824493],[79.48340705520583,9.13419811577111],[79.48327513041981,9.134342759735048],[79.48320239113632,9.1343654312753],[79.4830249729694,9.134401644361564],[79.48280664642274,9.13440164879616],[79.48196492230657,9.133778081642047],[79.48149621642561,9.133217641275536],[79.4814507122649,9.132991575195604],[79.48158253554126,9.132801683196274],[79.48190558139554,9.132946295797641],[79.4823741866652,9.133339474786004],[79.48253347862631,9.133493125829167],[79.48271089230167,9.13350662661207],[79.4827699331754,9.133447847381847],[79.48274716178128,9.133267027107685],[79.48212369683809,9.132444425100305],[79.48203719087286,9.132109947422252],[79.48221913205725,9.131942641502345],[79.48255575055714,9.132132373425184],[79.48301078318116,9.132552632112807],[79.48340675606683,9.133208032314835],[79.48353876798942,9.133623896792676]]],[[[79.4738728910407,9.135366992708914],[79.47418243431794,9.136045044090453],[79.47418248103033,9.136343420489096],[79.47389616279644,9.1371571549726],[79.47368251557413,9.137894137550337],[79.4735508018922,9.138504415974879],[79.47281865517272,9.13929123752147],[79.4722183371195,9.139865497032014],[79.47173616728905,9.140141370232609],[79.47123128445497,9.140200266317327],[79.47063075260272,9.140091895775601],[79.4702349360239,9.139856920613697],[79.46993466515704,9.139626498694984],[79.4697436285304,9.139508948452683],[79.46972990137452,9.139197039549355],[79.46974345874881,9.138984573625295],[79.4699208041522,9.138803694964254],[79.47090789095267,9.138767315585882],[79.47109896530857,9.13870849731252],[79.47143549307862,9.138351308110202],[79.47174925843767,9.137980468048244],[79.47224959849139,9.137790528153628],[79.47340476277648,9.136714320791839],[79.47352285799866,9.136262153900928],[79.47338172907426,9.135674518258227],[79.47329523299051,9.135462129169182],[79.47334517482874,9.135245072086438],[79.47347706008887,9.135113914133125],[79.47363171314984,9.135113865352436],[79.4738728910407,9.135366992708914]]],[[[79.46801073792315,9.140725506750382],[79.46803353806338,9.1409650648751],[79.46790172377015,9.141358365388284],[79.4677472207278,9.141955174664051],[79.46767461798822,9.142601652173292],[79.46757922948146,9.143098896670654],[79.46747009136097,9.143338586233615],[79.46735188295104,9.143483271717455],[79.46613730229645,9.143673449812463],[79.46521387281189,9.143565084762384],[79.46505462486823,9.14342506352407],[79.46500910004627,9.143257803716086],[79.46503175376111,9.14304072832504],[79.46602775544245,9.142064100727731],[79.46744667048486,9.140617079606384],[79.46772410258396,9.140499503970727],[79.46801073792315,9.140725506750382]]],[[[79.45428266668323,9.143825194884112],[79.45436458135904,9.144100957701802],[79.45443752635676,9.144742908136058],[79.45456954905912,9.145090896467075],[79.45464243386968,9.14542544532308],[79.45434223396971,9.145710268310168],[79.45406470215762,9.145732940013607],[79.45371896845255,9.145601913636062],[79.45371882023053,9.145041377466118],[79.45371868099166,9.144363289999964],[79.4537186540422,9.144001621419328],[79.4539096762958,9.143775556862474],[79.45428266668323,9.143825194884112]]],[[[79.45637138536443,9.147142905516436],[79.45616677519384,9.14749111765782],[79.45593026315257,9.147658371928777],[79.45568914455052,9.14773982837097],[79.45548444814168,9.147739844335002],[79.45530248899101,9.147667558339748],[79.45522970479172,9.147513843348161],[79.4549930786644,9.147179373614982],[79.45501578178659,9.146930788448833],[79.45517042316949,9.146844804235469],[79.45554346116764,9.146930677587305],[79.45566624290069,9.146930614617945],[79.45586641898703,9.146822043913607],[79.456121128201,9.14666378766512],[79.45637133595709,9.146808455833142],[79.45637138536443,9.147142905516436]]],[[[79.4537060246276,9.148689570353284],[79.45321489050897,9.149403974657302],[79.4529146780326,9.149666216131317],[79.45262809210075,9.149819971876534],[79.45229147000762,9.149883292802155],[79.45190477312558,9.149797533684279],[79.45118600232065,9.149485731354137],[79.45039431256919,9.14869021778141],[79.45015315264463,9.148391871241763],[79.45003024784242,9.14805738725685],[79.45018940954782,9.147758990520671],[79.45039406732911,9.147722832893168],[79.45087177253257,9.148007548501564],[79.45131762976429,9.147984821955882],[79.4516769064706,9.147731560780187],[79.4523637556419,9.14729292942653],[79.45250460069867,9.14662386063102],[79.4526000889184,9.146528902757778],[79.45315516691562,9.14687237328645],[79.45347821546483,9.147016969531421],[79.45405594987184,9.147125329096035],[79.4542606363992,9.147242867954418],[79.45445182484113,9.14750504273075],[79.45440183988376,9.14783956891875],[79.4537060246276,9.148689570353284]]],[[[79.44495411341191,9.151173050787069],[79.44556375058792,9.151710911296938],[79.4457231000412,9.152163012445898],[79.44561395293758,9.152438755498132],[79.44548209911848,9.15268745388321],[79.44542296302332,9.152832090334641],[79.44555493362341,9.15318920380907],[79.44567323276318,9.153415228683174],[79.44573242814714,9.153596034288986],[79.4456597283895,9.153763291897477],[79.44545504365875,9.153871833876952],[79.4452639010309,9.153871887976317],[79.44505010648486,9.153763400096258],[79.44494089649915,9.153487691772437],[79.4444721088715,9.15244802160472],[79.44439922406093,9.15175632754866],[79.44449461077106,9.151304243620368],[79.44464015491508,9.151137007027392],[79.44495411341191,9.151173050787069]]],[[[79.44575608617848,9.158035366276208],[79.4454103354054,9.158311170401744],[79.44500091294327,9.158311261748713],[79.44441403009344,9.158144088758446],[79.44369063296483,9.157475171633932],[79.44344034705529,9.157032162306043],[79.44351306837248,9.156747345724781],[79.44355851953259,9.156589084137174],[79.44369039850451,9.156448926126409],[79.44406351016451,9.156521178409525],[79.44448665529089,9.157090724793296],[79.44471416531468,9.157389038315808],[79.44491889496122,9.157474909121584],[79.44526462686964,9.157248825634744],[79.44545560690244,9.15695045789567],[79.4455283623556,9.156769630937255],[79.44618761707802,9.154897902354536],[79.44693329781558,9.152926729910146],[79.44722435017098,9.15275943288555],[79.44758383798138,9.152890443323809],[79.4477612848944,9.153310838032496],[79.44760679442847,9.154038691375264],[79.446947445383,9.155553284473658],[79.44657452955572,9.156159072547478],[79.44611982930834,9.157388836997193],[79.44575608617848,9.158035366276208]]],[[[78.75493172063395,9.154176372409827],[78.75480380323243,9.154316853251737],[78.75456256425613,9.154258873870575],[78.75422569692293,9.154159642414958],[78.75380818603001,9.154196395367569],[78.7535300999574,9.154129197795445],[78.75327482929637,9.153998351885424],[78.75306520742481,9.153836185937053],[78.7529305427772,9.153734887057206],[78.7528782680142,9.153664494872503],[78.75276991142799,9.153542594707355],[78.7527559992192,9.153416162563671],[78.75284204973856,9.153289232837396],[78.75319651147497,9.153162313708375],[78.75363726627583,9.15318859363795],[78.75390635841583,9.153256141704006],[78.75417931870145,9.153350562108251],[78.75440276295028,9.153449428396737],[78.75460770370086,9.15357130730882],[78.75487176707192,9.153855808933338],[78.75493172063395,9.154176372409827]]],[[[78.73191570895675,9.154503406225377],[78.73186170853006,9.154892221050048],[78.73179879501915,9.15532603175511],[78.73174473260872,9.15552511923152],[78.73163124215066,9.155720043627147],[78.7314544860421,9.155882816222102],[78.73127217744677,9.155946690361763],[78.73099887759798,9.155915275659712],[78.73078074598575,9.15582988604756],[78.73062091952704,9.155748631004094],[78.73053001900341,9.155649436325945],[78.73032900389062,9.155360202905014],[78.73011511591977,9.154949022561574],[78.72989155938154,9.154615185952562],[78.7296591041321,9.15432578495795],[78.72939469131644,9.154154505639447],[78.7290811685025,9.15411434619821],[78.72880382892987,9.15415983930104],[78.72861268270879,9.154169377633123],[78.72844885335714,9.154115372311802],[78.72821614298618,9.15388511394198],[78.72803770163814,9.153591379078827],[78.72788333783464,9.153180456544677],[78.72788226255125,9.15298623937159],[78.72801418284567,9.152723666879412],[78.72822344898437,9.152515333901817],[78.72866867829369,9.1523018462623],[78.7291098795573,9.152260693307406],[78.72976489423155,9.152201037389485],[78.73016493019722,9.15219129679616],[78.7304472518264,9.152172700714125],[78.73072914406089,9.152172510035076],[78.73090645532828,9.152226263777814],[78.73113005229071,9.152365906402899],[78.73129449519168,9.152682192923551],[78.73140394862082,9.152948661498066],[78.73158225611989,9.153296516753123],[78.73176434822123,9.153626603116717],[78.73190615986526,9.153902190717853],[78.73191934354037,9.154155281654397],[78.73191570895675,9.154503406225377]]],[[[78.6956819876986,9.150783101120552],[78.69614285847365,9.151288814545392],[78.69656158658377,9.151867201748074],[78.69679929428268,9.152359341726777],[78.69691360849586,9.15279782493274],[78.69690957326358,9.153349619358815],[78.69685619267446,9.153946023618298],[78.69677590394933,9.154588118585037],[78.69678090846377,9.15508990485119],[78.69675434617915,9.15550167214017],[78.6965765273636,9.155755337516874],[78.69619526528903,9.155873120959987],[78.69575328608441,9.155851097317997],[78.69537990942139,9.155634802075475],[78.69488864414869,9.15517914898536],[78.69448232895917,9.154645678421549],[78.69410813482926,9.1539410863865],[78.6938211823848,9.153299355644391],[78.69368316342792,9.152676165701262],[78.69363677442664,9.1520249838619],[78.69375885008387,9.151468692667986],[78.69394900905644,9.151120459587204],[78.6942308950027,9.150835189507953],[78.6945214982005,9.150608716005047],[78.69482233410767,9.150567186815763],[78.69521316503666,9.150566815211725],[78.6956819876986,9.150783101120552]]],[[[78.75244120618743,9.155754330032313],[78.7525142850341,9.156138253291664],[78.75247461004126,9.156734995204099],[78.75209298504733,9.15716095311613],[78.75179305104868,9.157260663528763],[78.75130604379045,9.15704916443389],[78.75092810009254,9.156832353763487],[78.7508544067982,9.156620285044449],[78.7510042745337,9.156163348144032],[78.7515354025471,9.155683344044258],[78.75209995058403,9.155650527176649],[78.75244120618743,9.155754330032313]]],[[[78.8265457878848,9.159045512431256],[78.82666532849628,9.1593210665648],[78.82660650052328,9.159587603772263],[78.8263241492497,9.159855271526334],[78.82603314270837,9.159959803039518],[78.82573355815437,9.160046283383497],[78.82549289050658,9.160110086713006],[78.82524702700321,9.160155360881056],[78.82486475252732,9.160074807445435],[78.82467002382488,9.15989578151546],[78.8244726136513,9.159636895485223],[78.82453144252261,9.159420022539457],[78.82471718897055,9.15925231174579],[78.82493090536317,9.159138797888353],[78.82520404082024,9.15902996485268],[78.82547636509864,9.158956826217304],[78.82580871210936,9.15891125923197],[78.82614106810323,9.158914796925922],[78.8265457878848,9.159045512431256]]],[[[78.82032470481064,9.160539964040815],[78.81994782561634,9.160617443520767],[78.81964161598711,9.160698740907149],[78.8194030503971,9.160768721083626],[78.81928319896855,9.160803978110865],[78.81909696922698,9.160696003176808],[78.81889666557987,9.160466060357374],[78.8189001690095,9.160262455328432],[78.81910522204952,9.160085698966274],[78.81934078636814,9.159999469613197],[78.81969122544868,9.159948741237697],[78.82004603932467,9.15990313358401],[78.82055085927668,9.15982964038433],[78.82105648411915,9.159770116105063],[78.82142856091997,9.159755583126332],[78.82180623332664,9.159791398975983],[78.82206649143416,9.159854154969612],[78.82229866551091,9.160016168293112],[78.82232630307894,9.160282971036878],[78.82213584317071,9.160509724832094],[78.82169045216463,9.160587345329127],[78.82144928415525,9.160574123160245],[78.82120801373792,9.160565362774726],[78.82076620341658,9.160534804299179],[78.82032470481064,9.160539964040815]]],[[[78.81607417512687,9.1598786731006],[78.81634268156526,9.160023099100885],[78.81637950889866,9.160230956756237],[78.81624767843576,9.160348530304294],[78.81601660120197,9.160434856240268],[78.8156477870823,9.160453910395942],[78.81542917127814,9.160535493388092],[78.815206256137,9.16060860864022],[78.8151160904353,9.160671870885384],[78.81492483372143,9.160735651931137],[78.81481151484158,9.160681208612846],[78.81468280063443,9.16041492320668],[78.81477809212313,9.160225101712614],[78.8150784384485,9.159957300321292],[78.81543684468727,9.159852633117795],[78.81579654899166,9.159838952414972],[78.81607417512687,9.1598786731006]]],[[[78.69833231692577,9.1580719316997],[78.69866853028546,9.15829293559342],[78.69883787888618,9.158541302630615],[78.69874285329881,9.158713197978795],[78.69852405333998,9.158799618319497],[78.69830536297566,9.158786151310002],[78.69802755268583,9.15866025669656],[78.69787351317417,9.158429546309653],[78.69788199776202,9.158212665532155],[78.69799119606967,9.158058958646173],[78.69815860161442,9.158008731959077],[78.69833231692577,9.1580719316997]]],[[[78.82361198448997,9.166234831067714],[78.82317473850858,9.16629924786845],[78.82307936617148,9.166344545192375],[78.82262050313112,9.166520086125077],[78.82224274089288,9.166734833407856],[78.8218240963261,9.166672430706578],[78.8212598761742,9.166393028053117],[78.82106845237368,9.166167187915896],[78.82039485425119,9.16600586647619],[78.81944732656083,9.16569106929856],[78.81911520862052,9.16533037222573],[78.81911444056095,9.164968741823264],[78.81887697181392,9.164742983257094],[78.81874389179444,9.164272914587759],[78.81874793690817,9.163847776669595],[78.8188425771183,9.163241637207534],[78.81875444340578,9.162622467065564],[78.81831307954714,9.162275501584011],[78.81778422157643,9.16192378044794],[78.81738289922325,9.161544789922816],[78.81708264542436,9.161265164181968],[78.81692750457817,9.16087663568929],[78.8166442379213,9.16044281756949],[78.81666174788282,9.160117319937969],[78.81696165313537,9.15991814457417],[78.81724387145829,9.15995350190095],[78.81752677699244,9.160156283214675],[78.81772657578632,9.160260100717785],[78.8178632661349,9.160422767471017],[78.81802297671096,9.160363295615738],[78.81828241555492,9.160412647527476],[78.81875074504177,9.160610661716778],[78.81906040420166,9.16082241322014],[78.81917960345335,9.161211249511354],[78.81936789393016,9.161871167780374],[78.81944525953735,9.162124020686269],[78.81975991512687,9.162363226506976],[78.82010192351846,9.162782734687443],[78.82010199718033,9.162927825533245],[78.8202797468256,9.163112619793665],[78.82095899804621,9.16361781992694],[78.8210271631083,9.163979287637812],[78.8211241173786,9.164408363893395],[78.82146594161556,9.164589024670983],[78.82174815814186,9.16477337198267],[78.82191750404765,9.165180078344939],[78.82210888922059,9.165704468646043],[78.82240048056521,9.166020165072227],[78.82295655569237,9.166114108509959],[78.82349323888752,9.16612223289123],[78.82361198448997,9.166234831067714]]],[[[78.82623677641021,9.16648338056305],[78.82655656497327,9.166645680860558],[78.82681129574681,9.167052063154683],[78.82707674432002,9.167530674630347],[78.8272501173732,9.16776056764713],[78.82763769999413,9.168103516594998],[78.82794686418231,9.168487124096503],[78.8282072121213,9.16894329842779],[78.82838159128762,9.169327236698598],[78.82874240051981,9.170009442003757],[78.82897996987816,9.17057895257003],[78.8289755465737,9.171121285260725],[78.82889933799657,9.171659223764244],[78.8288017486174,9.172546029239673],[78.82869745870447,9.17313356758582],[78.82861696426511,9.173563148909073],[78.82849940713379,9.173744678550333],[78.82842639745738,9.173744720231134],[78.8283028665294,9.173495847695039],[78.82811470361337,9.17292687568008],[78.82795074490433,9.17242987865622],[78.82780865208761,9.171860267301147],[78.82746609931698,9.171314070041749],[78.82713304892539,9.170745206269412],[78.82699034166103,9.170202928874543],[78.82682588618367,9.169678581578165],[78.82646137140092,9.169358464865784],[78.82578717230545,9.168975048975906],[78.82537252613999,9.168587399793141],[78.82496109594324,9.167859970898446],[78.82452840082708,9.167377048044683],[78.82433205875037,9.167219182289623],[78.8241132569949,9.167011708292266],[78.82390365847958,9.166695618989374],[78.82395361469084,9.166424412562874],[78.82409872674519,9.16631549662234],[78.82444027969098,9.166359982482202],[78.82480429680703,9.166404413352145],[78.82541338241741,9.166389599515384],[78.82582324056246,9.166393758812285],[78.82623677641021,9.16648338056305]]],[[[78.96976009731428,9.182349551057461],[78.96991127928501,9.18273394925683],[78.96990363462196,9.18329464941545],[78.9697547550333,9.18373792658889],[78.96949985268152,9.183941754924119],[78.96922219510533,9.18395144321195],[78.96907632487284,9.18368491100124],[78.96895601620177,9.183015995899481],[78.96900965909897,9.182613655318614],[78.96918729555652,9.182346789550426],[78.96954124884645,9.182237164620858],[78.96976009731428,9.182349551057461]]],[[[78.96932349093335,9.186121189121678],[78.96909264276998,9.186614618008234],[78.96890807760663,9.187356829376963],[78.96851732033952,9.187764802784484],[78.96795847660466,9.187842696657418],[78.96741121215376,9.187748948748153],[78.96687402410542,9.187397576546488],[78.96648084138705,9.186725040583982],[78.96648243499837,9.18545934460956],[78.96666105870442,9.183799537922772],[78.9669359332999,9.183088852894551],[78.96743090412312,9.18264014944814],[78.9680089197028,9.182765248961523],[78.96826583877238,9.18329812833747],[78.96789359578325,9.183837077945556],[78.96748081092704,9.184380740955993],[78.96753738412869,9.184932216703785],[78.96794350977369,9.185577675102824],[78.96835781727431,9.18589739053233],[78.96876821710345,9.185982626589288],[78.96916746883987,9.185389555529879],[78.96937918198941,9.184638443681889],[78.96996001109255,9.184270815143917],[78.97044279447235,9.184436839838234],[78.97092654533766,9.184765844616843],[78.9709365920958,9.185235961509747],[78.97049196735266,9.18579793114748],[78.96995090217555,9.185988945888274],[78.96932349093335,9.186121189121678]]],[[[78.91036400725959,9.186124307090614],[78.91035081010976,9.186467800508325],[78.91021518606141,9.186657942283663],[78.91000092349312,9.18664490021851],[78.90992792549481,9.186491508044712],[78.90992763354232,9.18630119325524],[78.90999068719046,9.186192625720809],[78.91007733239452,9.186084013813428],[78.91022323945792,9.186038640972397],[78.91036400725959,9.186124307090614]]],[[[78.93780900973155,9.18270630938496],[78.93863529629957,9.183034452911738],[78.9395552232528,9.183087251330237],[78.9404009062444,9.183350508146463],[78.94118483545016,9.183818358482274],[78.94197948335383,9.18425853297769],[78.94272474008659,9.184800325085307],[78.94315061159986,9.18556515532068],[78.94301761153048,9.186460244140902],[78.94334523789438,9.187300532315772],[78.94267226320267,9.187768761416132],[78.94174716824159,9.187745451247254],[78.94089224068739,9.187441257216122],[78.94019260759129,9.186867506486582],[78.93969933368562,9.18610343993216],[78.93920280787863,9.185334281519074],[78.93857753732173,9.184699628309424],[78.93778431234945,9.184246071677665],[78.93700729927309,9.183770536895693],[78.93622434833273,9.183309940532213],[78.93540294770152,9.182912686096751],[78.93450598168697,9.18278613405262],[78.9336349401532,9.182552987337303],[78.93278452573497,9.18230130626723],[78.93186871396405,9.182419883459632],[78.93104533164934,9.182779870565039],[78.93026638360188,9.18326471188463],[78.92948652735764,9.183739482036664],[78.9286874615394,9.184168073258485],[78.92782851492257,9.184458631138924],[78.92693247417277,9.184647924439927],[78.92602934571536,9.184750554449703],[78.9251145706003,9.184769774017667],[78.92421213025239,9.184687684914891],[78.92332987864218,9.18445367216157],[78.92244118251813,9.18425746172447],[78.921535120163,9.184186995780312],[78.92062371013695,9.184155472727795],[78.91971380299242,9.184106677480962],[78.91881359765294,9.183974374080153],[78.91795394406203,9.183683895614704],[78.91718632826185,9.183192830407602],[78.91633525537851,9.18287015859892],[78.91543070848127,9.18278238642435],[78.91453983034938,9.182635193105725],[78.91371020564178,9.182257165599493],[78.91280468676742,9.182315571394748],[78.91192803345807,9.182491240105776],[78.91104846781052,9.182238793679936],[78.91024123361139,9.181813798780336],[78.90938990201325,9.181503918778576],[78.90847373720445,9.181485050208677],[78.90772901766424,9.181993392737635],[78.90705800129983,9.182622769881135],[78.90676441839025,9.183454598206467],[78.90661074449292,9.18435980009055],[78.90636629224285,9.184848926027971],[78.90613021049461,9.185111653004562],[78.90579324524501,9.184754934343962],[78.90522262459675,9.18399240981261],[78.904119536547,9.18318086124503],[78.90282729653606,9.18294836658907],[78.90119668810705,9.182727994375735],[78.90044283090377,9.182227094960425],[78.89991322104319,9.181491124829462],[78.89939253684324,9.180758139939071],[78.89859726550876,9.180302089877767],[78.89769390798092,9.180212557638013],[78.89718503033879,9.179555725875373],[78.89794528085194,9.179108053753179],[78.89884935433703,9.179012879313069],[78.89966137476002,9.178610979369122],[78.90048264064392,9.178298567374622],[78.90135886905013,9.178547656470615],[78.90226572371935,9.178478751069962],[78.90317667470624,9.178377002510802],[78.90402263168404,9.178674522185974],[78.90474644113938,9.179162461433025],[78.90566841445482,9.179222778817188],[78.90645622528089,9.179661321967153],[78.90725360226642,9.180073842037944],[78.90816155018534,9.179955812996061],[78.90904156858376,9.179678116384396],[78.9099198846747,9.179731872171176],[78.91080382511763,9.179988883905043],[78.91172161677545,9.179933548748888],[78.91258843173581,9.180101443095419],[78.91340359626227,9.180523244877428],[78.91424262094104,9.180881943604124],[78.91510329861137,9.181175811967586],[78.91598711688343,9.181388144474196],[78.91687204906646,9.181601053277276],[78.9177231650689,9.181921486172211],[78.91852817773436,9.182346390488737],[78.91933346438597,9.182759018285271],[78.92022319626756,9.182958618023484],[78.92112933497947,9.18302518760343],[78.9220415966084,9.18301765865347],[78.92294385369996,9.183107571509566],[78.92384214293294,9.183224738417664],[78.9247423231196,9.183102524719885],[78.92564602380385,9.18302446929373],[78.92656426282264,9.183051643569685],[78.92743316546772,9.182870135542023],[78.9282195641422,9.18240444864224],[78.92902119734552,9.181960853211747],[78.9298481693281,9.181590909107083],[78.93075227605084,9.181442515445072],[78.93164422856782,9.181541077717986],[78.93250565363645,9.1818538318224],[78.93339803375153,9.182035546995962],[78.93430224467883,9.182138823355784],[78.93521172871691,9.182155147649425],[78.93612277582353,9.182151408882525],[78.93701455406732,9.182258305142657],[78.93780900973155,9.18270630938496]]],[[[78.70409960076279,9.184114017519523],[78.70416748195723,9.184141269750274],[78.7041774352906,9.184195634978034],[78.70416327335012,9.184272323588996],[78.70401780556291,9.184534596065543],[78.70378213973464,9.184810957789146],[78.70350502474085,9.185082446347957],[78.70310947765665,9.185422057495538],[78.70280024250155,9.185626385901555],[78.70255060966724,9.185780194356871],[78.70234568688295,9.185943414298814],[78.70219998194048,9.18602485575062],[78.7020774795835,9.18607502615154],[78.70192283820063,9.18610658627869],[78.70184136639425,9.186084041304056],[78.70178202278825,9.185980525772605],[78.70179057295313,9.185903706285686],[78.70189525003993,9.185799545114675],[78.70222218200612,9.185559356563218],[78.7027311449882,9.185269264266712],[78.70306780481059,9.184997489415563],[78.70343559844412,9.1846438354141],[78.7038309784417,9.184263478655796],[78.70390815630103,9.184182117497894],[78.70398153338837,9.184119084691126],[78.70404477298774,9.184104928712522],[78.70409960076279,9.184114017519523]]],[[[79.07698661726096,9.201120215875495],[79.07574489401003,9.201245847120878],[79.07463640349216,9.201822936233716],[79.07325890258097,9.20253176049193],[79.0715609178107,9.203630769722402],[79.07103353667037,9.204084222596682],[79.07050060753477,9.205446734296448],[79.07063177414267,9.206748193837992],[79.0710770277065,9.208180054234631],[79.07087821705942,9.208768676466477],[79.07028903901401,9.209543458164575],[79.0695069621344,9.209604309507217],[79.06878737835416,9.20947054720417],[79.06780813923596,9.209075227730201],[79.06735603152651,9.208615462363182],[79.06703465204708,9.207707438836858],[79.066586391822,9.206528333904679],[79.06567498898254,9.20600659597518],[79.06443522585553,9.205607539428355],[79.06392085142215,9.205278755313461],[79.0624926280368,9.203903534068361],[79.06151648810634,9.20298863852533],[79.05995636508777,9.201744616247801],[79.05808075823302,9.199584320524414],[79.05684854095443,9.19808199052028],[79.0566541904427,9.196907056773954],[79.05685673448812,9.19619633774853],[79.05725116496646,9.195548764246519],[79.05777743578912,9.195095356298248],[79.058823947044,9.194902771561582],[79.05946991747999,9.19516787649563],[79.06005421587675,9.195695123954982],[79.06077330827853,9.195955602904645],[79.06180863101652,9.196617210540769],[79.06278858968524,9.197401564899376],[79.06408510208365,9.19884043043264],[79.06545197233176,9.199496609245458],[79.06636656778376,9.19943517710829],[79.06832184801773,9.19892367702613],[79.07126202136624,9.197835336915956],[79.07479136108205,9.196880771215318],[79.07773622992454,9.195724318208313],[79.07930433447439,9.195082467955425],[79.08126609245984,9.19366236018057],[79.08303972256353,9.1917807293547],[79.08428470669895,9.191008848433817],[79.08624401408031,9.190564732593474],[79.0873505947799,9.190828572676839],[79.08858200537135,9.191679841245046],[79.08961764790959,9.19292499762372],[79.09091501730083,9.194820122593667],[79.09117286971997,9.195601723965284],[79.0909059946221,9.196443434992778],[79.09011717947952,9.197480927796741],[79.08867843322892,9.198709891874309],[79.08795657221943,9.199227490524644],[79.0875012332699,9.199029494354635],[79.08711332096729,9.1985063948217],[79.08698464448935,9.198050012020982],[79.08665984332703,9.197463470922665],[79.08607284100125,9.197654549424866],[79.08567853808368,9.198302208636528],[79.08502538921027,9.198756464654974],[79.08443857103914,9.198884476810058],[79.08410997988462,9.198749910591701],[79.08345960590711,9.198747131477294],[79.08299714960559,9.199268367568555],[79.08306251551726,9.199851257544253],[79.0837055825982,9.200636354930625],[79.08377105001951,9.201160647548829],[79.08318173183692,9.201677606809659],[79.08187153809672,9.202123910515262],[79.08116164444341,9.201796191701193],[79.07998621147057,9.201328837762514],[79.0785524275136,9.201129623478103],[79.07698661726096,9.201120215875495]]],[[[79.14061444604033,9.212428741455915],[79.14074779914762,9.212555336989348],[79.14104409946096,9.212734894950426],[79.14108915087076,9.212784360162198],[79.14130312328321,9.212924303472596],[79.14148214314632,9.21323544437362],[79.14147758419624,9.213348654487552],[79.14144614585622,9.213402717287575],[79.14107715836174,9.213426529426084],[79.14038100803396,9.213351646301438],[79.14001640521633,9.213325871832891],[79.13991256895264,9.213294193539191],[79.13983502907227,9.213240164418176],[79.13976580130323,9.213109280033098],[79.13969680709614,9.212802031754604],[79.13960985556653,9.21260381441128],[79.13949980655431,9.212436386828285],[79.13939557772686,9.212368983049288],[79.13931327947043,9.2123829499107],[79.13914195996595,9.212794740194452],[79.13908233159401,9.212853814862266],[79.1390423700386,9.212940076575222],[79.13896430105052,9.212966963914344],[79.1389053967207,9.21293563584568],[79.1388595997092,9.212867735594704],[79.13882267715441,9.212750341745775],[79.1387863717422,9.2124928687626],[79.13881241300398,9.212208188974477],[79.13887948122309,9.211950013306321],[79.13910257153569,9.211863541196658],[79.13944803484786,9.2117812136421],[79.13954793649063,9.211785462852417],[79.13978024441636,9.211852661908143],[79.13991245037502,9.211870400938613],[79.14031325080703,9.2121039734765],[79.14040426541668,9.2121582741104],[79.14047740355217,9.212207749156931],[79.14061444604033,9.212428741455915]]],[[[79.12394084569618,9.213639048301696],[79.12385949516236,9.213770790840313],[79.12343668959919,9.213898394098797],[79.12305918338082,9.21395380108915],[79.12272737625759,9.214026876941764],[79.12259888573092,9.213828364119653],[79.12274014760597,9.213678860495559],[79.12289894010378,9.213660317296034],[79.12328054892807,9.213514576864696],[79.12383576526584,9.213449382125578],[79.12394084569618,9.213639048301696]]],[[[79.1228990883258,9.215238172326115],[79.12304057747464,9.21535099962136],[79.12305445375084,9.215441140128204],[79.1231191037052,9.215739382355045],[79.12321061598153,9.215987937894047],[79.12329761691845,9.21607342473559],[79.12353079171844,9.21631704190329],[79.12357718880456,9.216628870568641],[79.1234410221738,9.217022386874381],[79.12340545068517,9.21711319997251],[79.12334581333009,9.217172269484378],[79.12322316185279,9.217181500203122],[79.12290413865435,9.217069535381471],[79.12258530140718,9.216893944136784],[79.1223622542137,9.21675881018187],[79.12214284070558,9.216556215558768],[79.12208299044977,9.216407090831543],[79.1220237941675,9.216226168303555],[79.12202741886965,9.216049869037432],[79.12230440450605,9.215583307167655],[79.1224310480965,9.215325228845604],[79.12259307542767,9.215204052173048],[79.12221212776345,9.215262736280552],[79.12216653017794,9.215240042421481],[79.12214844798957,9.215190558932488],[79.12214777515145,9.215059384425404],[79.12212922404248,9.214978075572564],[79.12216067046734,9.214869319986983],[79.12242876996892,9.214561649385839],[79.12264280975504,9.214533623615578],[79.12280553328056,9.214487811061856],[79.12370192347504,9.214386006350933],[79.12403365064819,9.214316833043545],[79.12415704593059,9.214271336135386],[79.12442881774507,9.21411275973701],[79.12453386583607,9.214085311188619],[79.12489836534745,9.214061450324689],[79.12520217557653,9.213983892973536],[79.12535693463872,9.213888241987203],[79.12546104219363,9.213851843707621],[79.12550232966241,9.21381081938021],[79.12559838202414,9.213783745006344],[79.12592053764796,9.213633443310508],[79.12662591547031,9.213477514388991],[79.12738407111225,9.213213261138725],[79.12799786119979,9.213030911117771],[79.12849398995142,9.21294329273452],[79.12939908841425,9.212909164379221],[79.13049221324918,9.212964789659607],[79.1311835009963,9.21311217785597],[79.13179392689311,9.213367879595824],[79.13273290801183,9.21365422726644],[79.1330101622445,9.213775928525207],[79.1332159599879,9.21415013427294],[79.13338021603926,9.214303596918949],[79.13374590132683,9.214550990974468],[79.13388674638358,9.214695606613724],[79.13390081220429,9.214776818878857],[79.13380990808744,9.214826888549307],[79.1337423098623,9.214836124649677],[79.13353266912614,9.214814023980532],[79.13310858166705,9.21467540174908],[79.13304022256884,9.21461206402205],[79.13293544666736,9.214571434374735],[79.13270778482828,9.21438710854824],[79.13262538865548,9.21435083712152],[79.13223312311699,9.214139739206203],[79.1319373007074,9.213937288503454],[79.13178720210492,9.2138605770605],[79.1316269076239,9.213842821282181],[79.13149602039209,9.213870311525506],[79.13145024134687,9.213911243626601],[79.13149567094744,9.21399699964836],[79.13239933390243,9.214636494124854],[79.13282249789343,9.214875007423695],[79.13309132952197,9.214969189731082],[79.13327840637486,9.214995858782197],[79.133928582723,9.215011798496043],[79.13398757688431,9.215038665282892],[79.13399780510217,9.215142685722972],[79.13388788904062,9.215188462722875],[79.13342434847253,9.21527564605576],[79.13311481777173,9.21530343057899],[79.13289262936766,9.215290564254115],[79.13271892303949,9.215214492431267],[79.13253163328591,9.215088469786428],[79.13218981713379,9.214772903998881],[79.1320114036335,9.214542691246228],[79.13176041973301,9.214290356360227],[79.13162819760467,9.214218471432336],[79.13152323934517,9.214186766616956],[79.13135947287562,9.21417396320881],[79.13095004412533,9.214252186447837],[79.13077355840967,9.214256984510495],[79.13041288122982,9.214149216513492],[79.13020351717476,9.214113722719466],[79.12959463458363,9.214111437631228],[79.12947562667308,9.214052655792784],[79.12927942383527,9.21381370655666],[79.1291198605829,9.213705544718415],[79.12902885136316,9.213705933990804],[79.1288282225259,9.213792286828292],[79.12859230247442,9.213956064010285],[79.12822946035476,9.214282476932924],[79.12778948708817,9.214754117008045],[79.1276306272167,9.214885407789122],[79.12711698221533,9.214950346000514],[79.12702991390472,9.21497760294972],[79.12696690966396,9.215036605427974],[79.12695361819101,9.215082103124274],[79.12697628538058,9.21512721331734],[79.12712629055828,9.215153697031706],[79.1272994992198,9.21514436872058],[79.1282134002741,9.215010520729713],[79.12858200149307,9.214896315359383],[79.1288410504682,9.214755332704707],[79.12909971855761,9.214578059969202],[79.12934480861152,9.214460234854462],[79.12984467525305,9.21435482649094],[79.13009578401936,9.214326980709169],[79.13041425655054,9.214465708597466],[79.13054617953988,9.21449740274712],[79.13085628246755,9.21449642557813],[79.13129651624557,9.214450082759026],[79.13144221220487,9.21446754322798],[79.13157948556007,9.214512180876087],[79.13164259580205,9.214557552725257],[79.13173417994356,9.214583963771048],[79.13215439925706,9.215075814493531],[79.13251950962282,9.21529641040716],[79.13311054089267,9.215457390174214],[79.13314295300641,9.215520556612546],[79.1331114077669,9.215579641465107],[79.13299306640631,9.21559789726644],[79.13268763292153,9.215535347112777],[79.13244652420094,9.21551372442983],[79.13164604982433,9.21537585086553],[79.13124006162155,9.215340843117943],[79.13101283187211,9.215354660892698],[79.13061247520787,9.215428602781776],[79.12950742433921,9.215734409628675],[79.12772036801528,9.21615141168663],[79.1273212456362,9.216274483838813],[79.12636522347654,9.216489521940636],[79.12612430969038,9.216513102437565],[79.12596513540856,9.216495362753529],[79.1258692528284,9.216459369972863],[79.12559637788276,9.216288626116096],[79.12550911284112,9.216270671834845],[79.12544610770202,9.216329672323612],[79.12547843627247,9.216451443597913],[79.12545617062985,9.216550900570708],[79.1253735013692,9.216582712466725],[79.12513249505655,9.216610753148597],[79.12452284530416,9.216535872472548],[79.12433211320639,9.216468373710368],[79.12424550123998,9.216473314504567],[79.12419447154191,9.216441582403336],[79.12415400962489,9.216333039194195],[79.12418489280608,9.216251619794765],[79.12422654858412,9.216192743433593],[79.12430791169432,9.216169835935013],[79.12439403048566,9.216079491668772],[79.124520796247,9.21597936597671],[79.12486654163015,9.215774844950527],[79.12515740623772,9.215561954050699],[79.12535672083968,9.215375673521326],[79.1254380596954,9.215244485782195],[79.12557446168476,9.21516743766899],[79.12593263615821,9.214849866186078],[79.12683230789841,9.214205042884943],[79.12690531398155,9.214096570813092],[79.12679960023893,9.214046985190583],[79.12665851263702,9.214078729034384],[79.1264958942144,9.214174222132206],[79.12625491664785,9.214365241059271],[79.12606372820593,9.214374759149834],[79.12588640615874,9.214420279099457],[79.12555872499762,9.214566005856241],[79.1251587573039,9.214675658898669],[79.12494071911645,9.214843700805583],[79.1247590977323,9.214934340666456],[79.12430004424908,9.21502158524587],[79.12411333570547,9.214977051408626],[79.12389958248194,9.214991133440746],[79.1228990883258,9.215238172326115]]],[[[79.1550606386032,9.220800224837197],[79.15360433388203,9.222246735135762],[79.15266081716946,9.223117478928684],[79.15153372613531,9.22389857436691],[79.1507078276395,9.224344126452722],[79.14972969704237,9.224595723512973],[79.14881530011805,9.224752035010322],[79.14721418966803,9.224973776696027],[79.14614898177716,9.224976889888875],[79.14581777742347,9.224964638397573],[79.14470180573589,9.224922624921092],[79.14369584712792,9.224830350781888],[79.142435128102,9.224558788998438],[79.14173375407087,9.224406778789122],[79.14055851154086,9.224021384901715],[79.13981558863122,9.223648616318238],[79.13898184694466,9.223266753333611],[79.13844373902147,9.22293327372232],[79.13772319224726,9.222510711180334],[79.13618248541525,9.221592681440962],[79.13495588170885,9.220864058896868],[79.13379936635756,9.220279734305697],[79.13271452578617,9.21981685166463],[79.13212273274499,9.219692131466335],[79.13119367980678,9.219577326420588],[79.13069827419895,9.219628693554277],[79.12926056011261,9.21971846321086],[79.1282635684878,9.21979370942306],[79.12726819293215,9.220009074350537],[79.12620372435477,9.220306196352535],[79.12439464223839,9.220916956299737],[79.12371779401116,9.221158854348001],[79.12371827640645,9.218292210166474],[79.12395948124677,9.218309384036907],[79.12418203975673,9.218304413120158],[79.12466844783866,9.21825344392826],[79.12496450920013,9.218225405150305],[79.12525187307298,9.218237931756814],[79.12572958276803,9.218227527943284],[79.12600719363186,9.218222551705075],[79.12633845996929,9.218176246616979],[79.12679808478106,9.218061657436534],[79.12725245983826,9.217983797707566],[79.12763015919444,9.217919452379428],[79.12809390637503,9.217822803131455],[79.12850389657237,9.217717808094207],[79.12896323212661,9.217617159704599],[79.12917201317505,9.21751701671425],[79.12943107831983,9.217430170000064],[79.12974882591054,9.217275860125328],[79.12995780009679,9.217166231831612],[79.13021732248406,9.217057069030215],[79.13044866472087,9.216952357514723],[79.13062148351354,9.216852598284415],[79.13097107638107,9.216734096476285],[79.13128575442848,9.216674605700154],[79.13164510120336,9.216628296862172],[79.13204098515583,9.21666309965035],[79.13258753185276,9.216747274873152],[79.13298791187324,9.21683686348535],[79.13331123710353,9.216903682951733],[79.13346133660438,9.216925696591833],[79.13375739347423,9.216897638200644],[79.13408415026895,9.21685178250448],[79.13443507174478,9.216777946432762],[79.13486638794699,9.21661866799266],[79.13537071562222,9.216350349714627],[79.13566607000956,9.216136971466243],[79.13595597431805,9.215860411648432],[79.13610131903607,9.215620557407126],[79.13613744568353,9.215557102802524],[79.13720831655394,9.215987853655681],[79.13821991119201,9.21640568006252],[79.13837888784448,9.21637819356342],[79.13881607992697,9.216480787766042],[79.13933054059859,9.216650801761142],[79.13995465592201,9.216897817317525],[79.14026862340202,9.216982849939702],[79.14093775330437,9.21711635225019],[79.14144874827561,9.217291310268923],[79.1419910171952,9.217475271026007],[79.14214571337531,9.217492345624064],[79.1422906547498,9.21749192000052],[79.14247294178556,9.217478292066547],[79.14284588456229,9.217481345915537],[79.14301462949514,9.217580747621906],[79.14318767017168,9.217579771348152],[79.14355687685514,9.217655866602758],[79.14412532897032,9.217713089882897],[79.14498076407266,9.217746511062078],[79.14529527503339,9.217750057035623],[79.14597802609038,9.217711899024472],[79.14637744850671,9.217683664239429],[79.14703325280013,9.217699657921575],[79.14732866108636,9.217703371484742],[79.14758819066012,9.217648316221942],[79.14782888974894,9.217580044456518],[79.14807503262837,9.217520254113039],[79.14830245731223,9.217496922850493],[79.14857021186074,9.217424170480482],[79.14897153601056,9.217467966261617],[79.14939882326873,9.217616096532849],[79.14958107257526,9.217714646954725],[79.1498090847573,9.217772814576815],[79.15067849495051,9.217892435957],[79.15136149034926,9.218007747864629],[79.15197172759984,9.218109874295363],[79.15241349659868,9.218153913837796],[79.15291394804348,9.218129922901824],[79.15344194273317,9.218132715164518],[79.15405572114263,9.217950248864012],[79.1547101779631,9.217866832955805],[79.15535170173841,9.217756360692883],[79.1556246368712,9.217760164700403],[79.15584713519401,9.21759216319685],[79.15624715409172,9.217423818454273],[79.15667770582763,9.217024457358304],[79.15696426840324,9.216689181566377],[79.15716787156238,9.216344987727346],[79.15728032985618,9.21611840711449],[79.15739383199231,9.215951009572535],[79.15771167749942,9.21562417788654],[79.1578518955321,9.215524292366634],[79.15795242150399,9.215442588143354],[79.15805163234226,9.215370344327969],[79.1582249173606,9.215301821180015],[79.15837040041916,9.215274598837954],[79.15852460701747,9.215260387355782],[79.1587254245009,9.215219205355616],[79.15887963109921,9.215204993871245],[79.15902481681545,9.215137023118759],[79.15932478944163,9.215081640255505],[79.15940765633165,9.215095021773319],[79.1597081302178,9.215125602144123],[79.16003480885905,9.215138289357219],[79.16053524862575,9.215114268954565],[79.16093633831525,9.2150586777081],[79.16135033499879,9.214975996209409],[79.16157699252138,9.214934768953233],[79.161745500299,9.21488009720954],[79.16196379181135,9.214752749681837],[79.16244902310028,9.214425910679841],[79.16263526182499,9.21421699060339],[79.16310732201521,9.213763748469914],[79.16349287264693,9.213310449891072],[79.16357830602372,9.213197184787855],[79.16367891733555,9.213111013583816],[79.16397306708208,9.212621840703877],[79.16407650000221,9.212340938483766],[79.16416282001616,9.212128344341904],[79.16417586624905,9.211983491781528],[79.16419303035919,9.211857141667391],[79.16409237323329,9.211612899825482],[79.16403791466581,9.211472836286962],[79.16400965815855,9.211314878457477],[79.16398159299243,9.2111474387361],[79.16395360777639,9.21097609288066],[79.16393993631608,9.210763732014954],[79.16397022211757,9.210433368990621],[79.16397503349422,9.21030677181013],[79.16394677698696,9.21014881611953],[79.16390076078655,9.210035711388366],[79.16379188677072,9.209864422631568],[79.16370458040659,9.209737655880847],[79.16366392265682,9.20969274894866],[79.1634951202318,9.209485098539066],[79.16315262764826,9.209255553600114],[79.16301190386406,9.209270037551882],[79.16285237205275,9.209270191844011],[79.16268390919087,9.209212123909666],[79.16238287834928,9.209154191636499],[79.162197016917,9.20912312127014],[79.1619827076363,9.209109900025476],[79.16178730879064,9.209105986856182],[79.16138706261918,9.209120854771086],[79.16115908547143,9.20911684494761],[79.16085855768637,9.20914487114759],[79.1606038781168,9.209128047092525],[79.16038963441311,9.209056223185865],[79.16003013492461,9.209111528074155],[79.15977625216071,9.2091661581472],[79.15951694806405,9.209266447156407],[79.15924872728989,9.20930795262252],[79.1591484528463,9.209322127101176],[79.15904846227033,9.209322355879136],[79.1587477287711,9.209305163837],[79.15857899551634,9.209260479420681],[79.15836560341556,9.209202064770775],[79.15816504285026,9.209175718054423],[79.15807890160106,9.209157804201533],[79.15785117149,9.209086262283218],[79.15741385633832,9.209100932456629],[79.15695394226904,9.209066592686806],[79.15671294224464,9.209039988806657],[79.15655799363789,9.209035764391944],[79.15633049349557,9.20906357068761],[79.15605747302286,9.209064789064028],[79.15574333126968,9.208988721221033],[79.16455324131337,9.208993918386819],[79.16476786590273,9.209268901642616],[79.16504279978703,9.209783408752553],[79.16543598430205,9.21050567056661],[79.16557852178482,9.21101194966334],[79.16569961288846,9.211689703976454],[79.1656962585792,9.212132789515254],[79.16558455037868,9.212711566031924],[79.165376412524,9.213336416780328],[79.16493733487773,9.214047622745378],[79.16417965444461,9.214790965649703],[79.16391686308802,9.21506310156322],[79.16343052507466,9.215444619620815],[79.16255908738383,9.21603498545322],[79.16158755491247,9.216630040149523],[79.16041910723928,9.217239564167258],[79.15910623382457,9.21798962696847],[79.1588430013952,9.218116629283715],[79.15813845900605,9.218453576061442],[79.15775276644052,9.218635610272653],[79.156985183878,9.219144309965039],[79.15635343916287,9.21960271116694],[79.1550606386032,9.220800224837197]]],[[[79.14691576124578,9.230133595849416],[79.14746652732964,9.23034450863406],[79.14793644234297,9.230718452088292],[79.1483529435295,9.231232538679716],[79.14861411791858,9.231814945859567],[79.1486377175594,9.23236634316432],[79.14850819307185,9.233153557464748],[79.14815956589322,9.233719795613855],[79.14753319040858,9.234296069110323],[79.14686579964464,9.234568984437278],[79.14608781548947,9.234589601352145],[79.1454954538147,9.234378958882818],[79.14484292118557,9.233978436818388],[79.14441831539855,9.233586413081134],[79.14422670834168,9.233229782361382],[79.1441425433861,9.23267381381122],[79.14409225839144,9.232384779866154],[79.14413243194926,9.232067988196892],[79.14423498631704,9.23150238846423],[79.14455580704436,9.23092276849611],[79.14508305074249,9.230468990095353],[79.14565519583176,9.23018244947084],[79.14634669917454,9.230103719032945],[79.14691576124578,9.230133595849416]]],[[[79.14055158463168,9.234040397610523],[79.14111255647549,9.234247077737932],[79.14149488125703,9.234508204786424],[79.14179650408842,9.234814590051391],[79.14193806330583,9.235035695872053],[79.14211666994386,9.23547858806014],[79.14215482139399,9.235921440678103],[79.14217382345718,9.236201475582401],[79.14216966515572,9.236405130017227],[79.14208853021759,9.236581556543232],[79.14178616088624,9.237246958361185],[79.14137790623398,9.237704814673334],[79.14070977166503,9.23812281751325],[79.14024609006145,9.238323342689203],[79.13939934526114,9.238298439862033],[79.1387750332067,9.238056422345661],[79.13835129878548,9.237731930657889],[79.13787199098755,9.237267884565785],[79.13755135082161,9.236517901775587],[79.13757608144137,9.23585806420547],[79.13773859296447,9.235274135085893],[79.13800564413214,9.234853075167743],[79.13845053747154,9.234471889321261],[79.13883225589026,9.234212784748573],[79.13921896175549,9.234094442166668],[79.1396647731731,9.233997941878307],[79.14002360341671,9.233978950202749],[79.14055158463168,9.234040397610523]]],[[[79.16022170515053,9.235886051041557],[79.16054564033695,9.236147074021906],[79.16080581849438,9.236449240868675],[79.16096119649579,9.236710794545576],[79.16113980043892,9.237212275530693],[79.16118167899914,9.237474346453734],[79.16120108171094,9.237736524468303],[79.1609564300349,9.238275300606674],[79.16069379318853,9.238592673666254],[79.16016737234719,9.238951649498231],[79.15926136209437,9.238967543796415],[79.15861942778895,9.238761542074627],[79.1580220535149,9.238297985890357],[79.15773872038275,9.237918875905443],[79.15762275955767,9.237155180434135],[79.15778442396945,9.236774947585356],[79.15811088970999,9.236357830701147],[79.15849243744881,9.23599484625476],[79.1587742416484,9.235840295347527],[79.15926094527607,9.235721668691125],[79.15941939461746,9.235720938961821],[79.15988452340697,9.235724119446658],[79.16022170515053,9.235886051041557]]],[[[79.14788866724122,9.23598559031493],[79.1483852981511,9.236097173184532],[79.14888186977215,9.2363220660477],[79.14933379602193,9.236587364216717],[79.14970766316506,9.236988964162464],[79.15009140099657,9.237457744529118],[79.15051224463919,9.238256603533987],[79.15067401774715,9.238920755541567],[79.15069792101855,9.239512921898191],[79.15064038751784,9.23996557766888],[79.15046006419928,9.24059885303761],[79.15018006830837,9.241160352456466],[79.14994495943562,9.241559202990535],[79.14944496343664,9.24205320080671],[79.14889106492741,9.242435032799236],[79.14861467038247,9.242598608709379],[79.14790565977312,9.242871816405515],[79.14736862533671,9.242977114280281],[79.14673152396755,9.242974896764608],[79.14600290313555,9.242831839929986],[79.14550623090315,9.242666098036391],[79.14495479647272,9.242265366390901],[79.14442027821744,9.241751660312273],[79.14403688533902,9.241156150592738],[79.1438164100222,9.240726919178451],[79.14373740948115,9.240248067175655],[79.14371304267908,9.239569927059922],[79.14371497046369,9.238814730277673],[79.14377280669662,9.238403390645605],[79.14406634738539,9.23767472658577],[79.14434752186595,9.23722155981158],[79.14470569094951,9.236849767218075],[79.14512391600309,9.236563469408049],[79.14565085068074,9.236291080533555],[79.14651904275844,9.236035050493589],[79.14731985400331,9.235942326174643],[79.14788866724122,9.23598559031493]]],[[[79.23287571966647,9.248734947304069],[79.23245693496247,9.24865922848676],[79.23161933950335,9.248395582353595],[79.23104377003621,9.248008665746044],[79.23015794672443,9.247116087853566],[79.22961013879282,9.246349012053386],[79.22923331529404,9.245459685713486],[79.22889866230801,9.244597422043583],[79.228735398895,9.243422011839455],[79.22878833841135,9.242848104673516],[79.22893557677796,9.241938333883335],[79.22917888637097,9.241340801131106],[79.22937370041342,9.240865681015414],[79.22978949732077,9.239955585906221],[79.23034177796416,9.23918938116622],[79.2305591172623,9.238881603213098],[79.23167454457082,9.237593892878461],[79.23254112057933,9.236786381159058],[79.23340775767326,9.236145764412079],[79.23418095740124,9.23574110449434],[79.23499917709799,9.235503100064985],[79.23622241841028,9.235295873598254],[79.23655944654193,9.23529909664713],[79.23737388163643,9.235423260703888],[79.23782949636872,9.235566661028924],[79.23833103297837,9.235831522638607],[79.23883802326013,9.236218731040996],[79.23926216461815,9.236818663823628],[79.23974257195397,9.237585472219259],[79.24014654254064,9.238524949479654],[79.24052238148585,9.239409735013135],[79.24068882493494,9.240200577743941],[79.24061118893482,9.24123171763254],[79.24053927340643,9.241516671025412],[79.24031884480202,9.242380927457017],[79.23988057743613,9.243237036104981],[79.2393011362301,9.244242785017855],[79.23847709724694,9.2454570044979],[79.23765574242982,9.246363709049456],[79.23657200768456,9.247411543172763],[79.23599060365963,9.24788863875243],[79.23524611947803,9.248315659025103],[79.23425903986406,9.248621838103208],[79.23360836225599,9.248736968836674],[79.23310318028292,9.248711477132362],[79.23287571966647,9.248734947304069]]],[[[79.13775530342542,9.251546133404489],[79.1382011193346,9.251617100151117],[79.13869762088709,9.251792358455798],[79.13916854291182,9.252229465593684],[79.13931852203842,9.252369256703778],[79.13947835298869,9.252576793193256],[79.13969355968638,9.25287922877139],[79.13975345575628,9.253027809636396],[79.1397621864825,9.253095532805714],[79.13980783796693,9.25328122595778],[79.13981827369558,9.253430484921244],[79.13979644553251,9.253728694999433],[79.13976867681043,9.253877740096586],[79.13966572359068,9.254131331356962],[79.13962855579578,9.254190313980834],[79.13945720305368,9.254656325569195],[79.13907260104286,9.25516381266829],[79.13870020534013,9.255458857815801],[79.1383768603469,9.25566334162372],[79.13798634742152,9.255800037954009],[79.13734911310168,9.25585639058556],[79.13687546379172,9.255772019896426],[79.13641509158167,9.255587993131764],[79.13597821570616,9.25535419761006],[79.13561295981334,9.254970567382832],[79.13540672998029,9.254614156042374],[79.13525949430858,9.25417576005811],[79.13522694565088,9.253624687721214],[79.13531112947112,9.25319041154051],[79.13547368590997,9.252660591887835],[79.13573226237126,9.252271149534206],[79.13612710158303,9.2518677175139],[79.13650840318347,9.251631476853765],[79.13692243220636,9.25155331688087],[79.13741785757713,9.251506384891604],[79.13775530342542,9.251546133404489]]],[[[79.21141048852886,9.250734099059773],[79.17492798244604,9.239788646555024],[79.20465124093764,9.226023975404148],[79.21141048852886,9.250734099059773]]],[[[79.78143534534243,11.902808104912129],[79.78072003215306,11.903064310582348],[79.78038665746966,11.90350013760673],[79.77985366006213,11.904171976242075],[79.7794914674244,11.904404335242276],[79.77875386433787,11.904692896072696],[79.77780374321135,11.904806711760003],[79.77649611326297,11.905002935680326],[79.77532057698384,11.905032020691337],[79.77509295017906,11.901871532663767],[79.77191592971768,11.901946124892719],[79.7719433840294,11.90273268402201],[79.77154342082724,11.902749008823243],[79.76977625679693,11.902820707141961],[79.76918814505179,11.901788545049207],[79.76913223480683,11.900707167818743],[79.77281771249878,11.900490553086806],[79.7727972075541,11.899056712350149],[79.77201726596994,11.899201333622088],[79.7715539805234,11.89674326785421],[79.77046783829316,11.890928076321662],[79.7710054377699,11.890112013186181],[79.77092462892018,11.889510747235274],[79.77078471361973,11.889095780382393],[79.7708455906499,11.888371537912462],[79.77102945243236,11.887547710375266],[79.77171248825528,11.886445200349169],[79.77195573406792,11.88541704087825],[79.77183376171696,11.885097096578383],[79.77077725760286,11.884071236914114],[79.77095847294851,11.88348309169915],[79.77194588943074,11.88367667711272],[79.77348705799676,11.883329639792015],[79.77334781553446,11.8821590676155],[79.77329347913789,11.880549982191729],[79.77300453243349,11.878647411441113],[79.77254079603269,11.876862801420184],[79.77261774033,11.875850128700167],[79.77266625384694,11.875823816728692],[79.77341916602255,11.875357369779797],[79.77382886336912,11.876585131072064],[79.77498258495986,11.87761583806258],[79.77613785255124,11.878265373305885],[79.77699260673057,11.878446706306516],[79.77818368566075,11.877861858684819],[79.77889845806435,11.877631619339969],[79.77913396309418,11.877869857443466],[79.77960774894805,11.877958416933943],[79.77946560852067,11.87710924644073],[79.77946763422162,11.876553282692377],[79.77997633669227,11.875532652191099],[79.77980833197122,11.873222628760438],[79.7798450344388,11.872431508855932],[79.77943509095383,11.870357964058996],[79.7791421943571,11.868626829696757],[79.77877426597628,11.868579385836973],[79.77853525033035,11.868489964406853],[79.77851040742118,11.868110655741912],[79.77836100141973,11.867644831192022],[79.77771292892602,11.86664460241282],[79.77836412396367,11.86659157053774],[79.77837913660869,11.863222142257362],[79.78060830059634,11.862795529092773],[79.78102638012284,11.862856150351762],[79.78116747940284,11.863412053244476],[79.78224019002293,11.863275327755968],[79.78230223306637,11.862831968136149],[79.78506296434361,11.862958221660683],[79.7866670940313,11.868697295698865],[79.78692783453408,11.87022492111083],[79.78670931574797,11.8715060494161],[79.78717906726789,11.873498179520393],[79.78803480061094,11.873760658748605],[79.78818281332536,11.874962893176],[79.78884638894425,11.875356600576756],[79.78914164721184,11.875654387474054],[79.7895211800295,11.877203053426177],[79.79017374859122,11.877354114163957],[79.79023083832415,11.876861030065305],[79.79230635356733,11.876890841570892],[79.79251834429625,11.877888816583974],[79.79174362372049,11.878002035160167],[79.79188457118521,11.879578598416119],[79.79205863414455,11.880369612297201],[79.79282336096279,11.881749434292713],[79.79316608980322,11.882231783166633],[79.79336644555262,11.882882232177739],[79.7933751259732,11.88370453371695],[79.79367774413792,11.884549419328346],[79.79452672843823,11.885313639177719],[79.79459849215132,11.886706467193536],[79.79554886570446,11.890965124292423],[79.79649010788276,11.89486504241024],[79.79652019605487,11.89498956874575],[79.7965165174538,11.896951972638522],[79.79638034992472,11.899901487001507],[79.79118388346697,11.897485496474257],[79.79029424141693,11.897185273085363],[79.78948206468708,11.89691105516],[79.78785552293137,11.896787774396508],[79.78245397648415,11.899553073626036],[79.78143534534243,11.902808104912129]]],[[[80.30303947671447,13.474971005231593],[80.26879994891176,13.56531121693289],[80.24177825326292,13.470665481610363],[80.13917917004208,13.504292982539063],[80.07816579537068,13.488830870127746],[80.08122760869348,13.549770453838173],[80.00422663214466,13.544882618061239],[80.04658574883122,13.493704095711086],[79.97238828223178,13.46911303512534],[79.97330580708993,13.429694336739564],[79.93453829684312,13.416475641844901],[79.96272103355562,13.391380128421364],[79.93797313558764,13.35554602167392],[79.73367983943673,13.288843220040192],[79.79475302034649,13.241922235974913],[79.75495636956744,13.20650510902747],[79.68424096704537,13.244456009287081],[79.6825735672156,13.295850692490786],[79.57923531244974,13.25782123868358],[79.53457231260515,13.275425221996828],[79.53727627394969,13.338674575127765],[79.43540184370227,13.351738084475187],[79.38186066544563,13.307517289059486],[79.44539387647274,13.301280652207364],[79.40838951838015,13.265299362647507],[79.4531218825377,13.238381398983437],[79.43839703347203,13.188205542503466],[79.37400280880468,13.189288193957173],[79.36047389046996,13.123569580372251],[79.30715928349767,13.105554691318089],[79.23490094452507,13.170876212654887],[79.21000170738114,13.148491322118382],[79.23439708846533,13.105262416119377],[79.18062950151946,13.084276703144955],[79.19296622431807,13.046730200543564],[79.16309076696284,13.020305715221395],[79.08087816758079,13.025763218892344],[78.99497450747731,13.086644830615988],[78.92391572753112,13.080846017643694],[78.90364918046087,13.047743190551314],[78.93707999813239,13.030464174969495],[78.89161664877699,13.033096243460347],[78.89155610412348,13.097124395051406],[78.71449313195625,13.068717472793415],[78.70524724345401,13.015278565951776],[78.65619150253134,13.031209601277451],[78.62087328132871,12.991281446343239],[78.65698861451386,12.932147878432806],[78.6334106814736,12.931787739324925],[78.59249357821035,12.782719673383],[78.55560062648436,12.75582982295686],[78.55584692836557,12.70020274935658],[78.48906110454426,12.742025974709659],[78.51998560999671,12.712059094498882],[78.46787173255565,12.675938732313181],[78.46488948301754,12.624058477801391],[78.37139757674097,12.627154656097296],[78.2710614404507,12.705106153129343],[78.21056483512118,12.686125680544832],[78.23092787652435,12.760710107975598],[78.13421424422798,12.782017298073104],[78.05353794993303,12.853841254091574],[78.02384494041199,12.85655189975727],[77.99518152686905,12.805909326448212],[77.95231623557105,12.857168031086449],[77.91854748516431,12.830627195594255],[77.92930560390406,12.890966442741178],[77.83599545286062,12.870381119338248],[77.79244499763078,12.842755689067113],[77.80851856738256,12.796777995195747],[77.73990879612354,12.673043956964857],[77.59885555389157,12.667212498298946],[77.58033110516024,12.551646082461735],[77.61630650597695,12.509237248722883],[77.5836601681784,12.4788528392406],[77.63460487659904,12.487656429595134],[77.61678543648249,12.368258272627251],[77.471995049955,12.249930407235299],[77.49268868216247,12.197393522182413],[77.72767209624021,12.1815912450574],[77.77553532092828,12.118502907153623],[77.67564961788776,11.95207918942064],[77.49475968426961,11.943950490031613],[77.42723914993698,11.7609537333848],[77.24983086627284,11.81312017365265],[77.11070002054556,11.773582283515912],[77.11765843361839,11.721181703494356],[77.01289466658271,11.814726624607673],[76.96987598345834,11.776971997642793],[76.90795728754192,11.795358759405845],[76.83495472400082,11.655530754088979],[76.84688351643902,11.594584724002969],[76.57669432687602,11.61461426407002],[76.51106164253714,11.705098411564682],[76.35455837903989,11.589391723591929],[76.30236480486347,11.571306998869511],[76.2789878321388,11.600891232321787],[76.23381472036684,11.570656020262719],[76.24722594592458,11.467987698647654],[76.284414711077,11.483003598940762],[76.41868184609073,11.441866009961204],[76.50815900619108,11.354208716200233],[76.54783047134538,11.35896837110648],[76.54572606807936,11.300396525879169],[76.43859358826819,11.19904787721422],[76.62891880669147,11.194251381096308],[76.70580407484184,11.240444064160286],[76.73454195512859,11.21807401762112],[76.70019005527033,11.153631351836916],[76.74806348661669,11.135479816017911],[76.74648747779064,11.056751507188222],[76.80077286803933,11.053978536362855],[76.6997058516541,11.026658177893516],[76.65905766535936,10.930588113269302],[76.82838585187616,10.872638198008037],[76.84824284263537,10.819528153062825],[76.90728614721,10.783407270025698],[76.86750057086181,10.694280944315857],[76.88212093597846,10.638965535985793],[76.81012200440875,10.623840723749995],[76.84308859699598,10.536679351345192],[76.81603791900115,10.423003113104613],[76.84861912624666,10.367415641613002],[76.82992965969254,10.30315321540764],[76.87315101711805,10.297546227649867],[76.91187581337142,10.234259902237332],[76.98359357405383,10.219659293726579],[77.09142847623006,10.315060116029677],[77.17599452062097,10.358574913364139],[77.23525271029641,10.352869869019992],[77.25911824975468,10.23045950223318],[77.2952790897955,10.218546066864459],[77.26771637837689,10.122207643029055],[77.20118377975268,10.107203462288817],[77.26389717657342,10.029307110386844],[77.2727897980986,9.964293512469489],[77.21834772998623,9.904908890535514],[77.24679666985682,9.798458529415488],[77.16582739901511,9.61294070168897],[77.26964118955304,9.572874617524327],[77.31774607812049,9.602609345833057],[77.33942423962488,9.573424915282233],[77.36105476167307,9.602365849241547],[77.36548900312067,9.53519478813165],[77.41232049024705,9.509082635352339],[77.28296704371773,9.301419846029333],[77.26779965130542,9.153421294028597],[77.19717519062944,9.046550661534809],[77.14700999349995,9.021366285015706],[77.1927129127618,8.926313512430124],[77.25833876990457,8.874972032966614],[77.22971675791639,8.78466360073648],[77.16999157904053,8.741850180160423],[77.28375606367617,8.54685140048988],[77.26161393400568,8.50627529103725],[77.20127547528531,8.500969788757327],[77.22699535039071,8.446731115514014],[77.15067447307214,8.384458134764637],[77.1802919477525,8.323434005256969],[77.09773261034887,8.293584288455284],[77.31534205975775,8.122205253597972],[77.555934216703,8.07664466982547],[77.60450908765748,8.147188041581977],[77.79369050907727,8.162315164094085],[77.84108011859135,8.251660829583424],[78.06643374823187,8.373792416015096],[78.06366501655872,8.412436416973339],[78.14327432519684,8.501672382616697],[78.13852612794734,8.680180243669145],[78.20197365496772,8.756025789339905],[78.20045982123744,8.792860091743327],[78.1970108717564,8.762673804406488],[78.1605633200196,8.77473315897191],[78.19026715962971,8.928428244749519],[78.41170197148828,9.112536176228678],[78.57846525137495,9.130437321947527],[78.65741197703254,9.157726936823646],[78.66412753416161,9.19353003197226],[78.96461919525011,9.274044347056561],[79.20862433492906,9.281686862971679],[79.43284080252278,9.160938065639547],[79.31568967824917,9.274055369821552],[79.32940653312441,9.320220470158636],[79.20967550664359,9.282859872923463],[79.06650321501321,9.298000072856583],[78.93606029979215,9.409172109432106],[78.89839641119435,9.489583157285223],[78.98026362002777,9.689639449117838],[79.26601433963062,10.039305979968105],[79.22822211501641,10.147380711379094],[79.29684731753538,10.262396167384876],[79.38908624916208,10.317356366192016],[79.76845831957898,10.271864587511248],[79.88104612707511,10.304285085123633],[79.85272333941651,10.826937417467077],[79.80785451038753,10.855679066423402],[79.82849837413163,10.883846012287604],[79.78924416654532,10.908502744131951],[79.75620825995075,10.89181501883275],[79.71870431728765,10.955994200863165],[79.76388244974372,10.95982109923778],[79.7471141840366,11.002980986595498],[79.85436081546587,10.983316684627638],[79.84309174667064,11.351165542234812],[79.75724974423329,11.557507073112781],[79.79576112682633,11.785499854197658],[79.71229475598875,11.791554512491723],[79.73666780944656,11.844252974808008],[79.7700646950549,11.822639922927676],[79.80813768541623,11.845299100918236],[79.76928248881788,11.838011116905905],[79.76392291345738,11.877014722090589],[79.71875343087919,11.853339189751598],[79.70995429792394,11.889188862421873],[79.67380679067857,11.891588432393526],[79.69624346625264,11.919177026230338],[79.71113323702134,11.89075175248961],[79.74064997372743,11.905469612213121],[79.69159727899185,11.951351023982138],[79.74755996041995,12.0078337348639],[79.76036347568798,11.989244215154885],[79.72344473333014,11.977093115025331],[79.75021249501111,11.919949872265745],[79.81254361825425,11.97793458573014],[79.8405729999714,11.955828715931101],[79.84976470029905,12.051816570374996],[79.87379284829845,12.042623534488682],[80.15020926990375,12.436472529939602],[80.25466958962974,12.780807964844268],[80.26059255330215,12.943937306730879],[80.34471519555706,13.276242829880138],[80.30303947671447,13.474971005231593]],[[79.6927597151392,12.035293215053818],[79.71960396656995,11.992169296445017],[79.6569393329978,11.991563719272545],[79.6927597151392,12.035293215053818]],[[79.79833371944203,12.016951222585643],[79.79705637978671,12.0169800732671],[79.79598299543015,12.01708539720659],[79.79478917574004,12.017340051067666],[79.79321605499764,12.017804355681731],[79.7925147842728,12.018006788598147],[79.79089142075654,12.018530093460248],[79.789753316377,12.018811520251862],[79.78831721386827,12.019235012965627],[79.78914369806564,12.02081392228021],[79.78949888923401,12.021973706565584],[79.7894850920096,12.02377433755573],[79.78946928705047,12.025053646583379],[79.78937281427719,12.026863174719105],[79.78928976233419,12.027686726614663],[79.79016117846547,12.02752867970265],[79.79090900707486,12.027285220889794],[79.79134478880233,12.027129465121236],[79.79208519912412,12.02648757412137],[79.79292939360734,12.02616660696055],[79.79434225490306,12.025838607975999],[79.79573402824745,12.025755125967622],[79.79709385390711,12.025806539929942],[79.79819258692437,12.025913726561548],[79.79908346505626,12.025900356020667],[79.80031853807915,12.025795234974117],[79.80140760432563,12.025861626432734],[79.80228960081432,12.02590226170499],[79.80315726917418,12.02583434852015],[79.80355182990822,12.02567453892421],[79.80467850142917,12.024958403345224],[79.80513581307905,12.024672049619276],[79.80531436761481,12.024543899860484],[79.80538730812094,12.024353199488335],[79.80534408837597,12.024114454159454],[79.8052334698319,12.023861135163386],[79.80502066253433,12.023618658828795],[79.8050190779062,12.023429071876272],[79.80513671947918,12.023021286521631],[79.80545088997843,12.022508196345255],[79.80551830584557,12.022159443584522],[79.8053875398863,12.021803137807565],[79.8051245832397,12.021615182919872],[79.8047748053192,12.021481185401765],[79.80435152724215,12.021428426331767],[79.80412183071896,12.021384280316143],[79.80418966340436,12.02108179754391],[79.80427054501762,12.02067909406954],[79.8041534774681,12.020254169722364],[79.8040691535107,12.020077982860302],[79.80381150321246,12.019917189305017],[79.80320410194324,12.019693478511904],[79.80289035814374,12.019600649583891],[79.80231892452012,12.01913263940321],[79.80168077661364,12.01846275918539],[79.80111379414228,12.01807605332839],[79.80097502149889,12.017791838763179],[79.80092050454093,12.016965065395308],[79.79833371944203,12.016951222585643]],[[79.63839928591986,11.98629455132724],[79.67053784381753,11.929824890438839],[79.63209952479986,11.901271158528562],[79.61710683225242,11.989568650680587],[79.62788162013055,12.031789055515834],[79.65136154248174,12.022298628969834],[79.63839928591986,11.98629455132724]],[[79.6864862288429,11.97320707881271],[79.68759738376394,11.970271521755386],[79.68779121415109,11.96971057721984],[79.6878190664165,11.969551957620727],[79.68770624699997,11.96923989155104],[79.68696048721065,11.967854873498524],[79.68640376260153,11.966678237590106],[79.68577101446819,11.964908102831199],[79.6853021648568,11.964028467375035],[79.68442471564012,11.96202424295777],[79.6838470270472,11.960390393218841],[79.68425962685045,11.960108277129198],[79.68396593075315,11.95827823234661],[79.68381820190636,11.95717593495184],[79.68370962343629,11.95654243723571],[79.68340491848515,11.956264501229763],[79.68340268886662,11.955780509537963],[79.68349739195882,11.954431710457962],[79.68384498337993,11.9542681261537],[79.68388842051718,11.953725088971199],[79.68455894819807,11.953707745152077],[79.68460721916986,11.953355434689147],[79.68409195270941,11.953131625648778],[79.68273248996914,11.95303402018906],[79.68277894544573,11.952310540658221],[79.68202080327853,11.952154985917348],[79.6807282030432,11.9516906905166],[79.68023215424162,11.951757097575532],[79.67928161000854,11.950707222231122],[79.67794062381704,11.949849546958598],[79.67667175796981,11.949543533641359],[79.67654181846059,11.948477647565884],[79.67351051551807,11.9483336053548],[79.67326527993708,11.947859208877002],[79.6724841921026,11.947980737734719],[79.67182471010645,11.948160647028683],[79.67176990478929,11.948422595358643],[79.67158713176494,11.948595598338896],[79.67092705867731,11.948810464422008],[79.67085101000029,11.949245791714942],[79.67053440776156,11.94933764910571],[79.66977319605105,11.949571168170268],[79.66900155400177,11.949607099029782],[79.66792301151887,11.949634636878834],[79.66667514828296,11.949852305662723],[79.66516703682102,11.950488745596356],[79.66447493699691,11.95076736160815],[79.66379580165896,11.950888253755652],[79.66339631456391,11.950867061293513],[79.66233371358402,11.950559777436661],[79.66127669204032,11.950533470065935],[79.6611472807405,11.950190671626507],[79.66054537536414,11.950215796981489],[79.66013174609155,11.950218053860281],[79.66001664585252,11.950045830575641],[79.65877631319366,11.950019887876705],[79.65869206649137,11.950667155671065],[79.65864844699611,11.951079320679959],[79.65837216563891,11.951089462540562],[79.6582439248439,11.951152792035831],[79.65830487733255,11.952360843702714],[79.65817671469097,11.95248734740777],[79.65731363043396,11.952441624020327],[79.65700755645035,11.95272314434175],[79.65656771703276,11.952920122793685],[79.65522676048566,11.953084276520682],[79.65483344032502,11.95330795904772],[79.65465913392221,11.953452880084777],[79.65449099445385,11.953707328584041],[79.65430046896863,11.9542693793706],[79.65365672455793,11.956157415229214],[79.65279250303378,11.957802681829747],[79.65337934456113,11.959618425336096],[79.65379351192455,11.960602174090964],[79.65432564784774,11.960504859577078],[79.65423422809789,11.959745263113335],[79.65433826648254,11.959419814524418],[79.65607751177208,11.959149381306434],[79.6570533085461,11.958629516969069],[79.65927477756503,11.958230442951022],[79.65998298418221,11.958358228747505],[79.66011251405966,11.960596278133423],[79.66047978936525,11.96252912677997],[79.66189974465678,11.962509480172224],[79.66217566758617,11.964561554309538],[79.66235547706839,11.965654276112625],[79.66264068947613,11.966679908176364],[79.66239507660273,11.96820002228233],[79.66216470454643,11.969087497871596],[79.66510602055202,11.968545525655504],[79.66702442045192,11.968256438738326],[79.66784246048563,11.968193066671562],[79.6682092228532,11.968255455374226],[79.66843973414836,11.968379925160606],[79.66882178404543,11.968555376861422],[79.66956594483354,11.968524636000797],[79.67141962740547,11.968199462494109],[79.67186926474791,11.967966487662112],[79.67258910814127,11.967745805143329],[79.6739392984712,11.96785802395918],[79.67486742704295,11.967857323563877],[79.67498489703769,11.968300339482141],[79.67666011490539,11.968094037736353],[79.67675534530866,11.968839036953003],[79.67773777344611,11.968812123239791],[79.67837215651322,11.971780453437733],[79.68013655463076,11.971862108488901],[79.68030226864786,11.972847429633745],[79.68198246138559,11.972826161560228],[79.6864862288429,11.97320707881271]],[[79.61747741425657,11.883881374607194],[79.66336199981838,11.861293368392007],[79.60197174505434,11.857802793463547],[79.61747741425657,11.883881374607194]],[[79.69940082169411,11.874319928308612],[79.6997260181152,11.87417300465838],[79.6998253996334,11.873788813500816],[79.69973776538416,11.872292754534287],[79.69949490494879,11.870434798729756],[79.69944277571285,11.868191974518695],[79.69940600048174,11.866266311837235],[79.69927352233353,11.86458835256292],[79.6991816022221,11.863571909380415],[79.69908703118224,11.861265302900318],[79.69703219515695,11.860624369942947],[79.69597923848993,11.86039426285556],[79.69612376574105,11.86182654976686],[79.69632606813965,11.863572158173389],[79.69668435400419,11.867440456441509],[79.69710869478821,11.871676393756854],[79.69714846500247,11.874040847061398],[79.6990055261382,11.87363881009549],[79.69940082169411,11.874319928308612]],[[79.64731887307323,11.844217656888707],[79.64919131695989,11.844042099392999],[79.65151271816427,11.843787063818848],[79.65192915736704,11.843464628282595],[79.6525830545371,11.84297806896988],[79.65359292261319,11.842968712592583],[79.65372108255983,11.842768965026362],[79.65415372018383,11.842029555578398],[79.65476295491456,11.841746361828688],[79.65631701340664,11.841305000832703],[79.65929205126963,11.840301649321034],[79.66091386070043,11.839710246352547],[79.66172425517273,11.839308530713282],[79.6618587814798,11.83845823236252],[79.66179792870416,11.83731381058857],[79.66151779537098,11.836275186146153],[79.6611957583248,11.835209943815864],[79.66097486708802,11.834052766756743],[79.66066536333665,11.832855803341696],[79.66017308117107,11.831569028372746],[79.65971859292608,11.830621157681128],[79.65938406660248,11.829822970123512],[79.65943703216998,11.829465258080294],[79.65971992961924,11.82898050970245],[79.66014447971071,11.828512738590758],[79.66067296937214,11.827718536642585],[79.66199375424955,11.826301333761435],[79.66261937155616,11.825651922829168],[79.66357131805935,11.825131881601424],[79.66492368590552,11.824691670229283],[79.66691405523277,11.824361089633534],[79.66832265941235,11.824183365216863],[79.67037688727821,11.82372974367488],[79.67126195959838,11.823577284266769],[79.67118209397974,11.817354052392995],[79.67122518885886,11.814853842946473],[79.66746631790988,11.814997763215256],[79.66536412360112,11.814975843558003],[79.66512535499184,11.814949392071483],[79.66465107326792,11.814634950412172],[79.66404978503417,11.813910260684171],[79.66363417856967,11.813238216476968],[79.663436075795,11.813039913858724],[79.66272044190708,11.813125181206003],[79.66139474055012,11.813483478225642],[79.66059715964703,11.813609113544338],[79.66000619934408,11.812952230196],[79.65962007199391,11.812841046592533],[79.65924379556921,11.812892389230162],[79.65838838292473,11.813596622380441],[79.65755989368763,11.813925820544917],[79.65557300712877,11.814193171101799],[79.65437554207523,11.814343783959899],[79.65314954473168,11.814354102375292],[79.65237912618782,11.814497052175993],[79.65149115500418,11.814958289541835],[79.65019820891744,11.815271921889975],[79.64796268395925,11.815417815927333],[79.64787824052594,11.816010647482134],[79.646286532742,11.816257312716079],[79.64633075770173,11.816754166662825],[79.64648484662072,11.817387010287913],[79.64678690603334,11.818136175063046],[79.6469291425805,11.819130774730436],[79.64697405385311,11.819722359358199],[79.64596470859652,11.819913213258127],[79.64499285093501,11.820188117026278],[79.64513869511634,11.820902019151589],[79.64446075363941,11.821326091590107],[79.64432771853572,11.822218069139554],[79.64364858229945,11.822374884278233],[79.64244654751607,11.822587345000137],[79.6413317130957,11.822720048019118],[79.64094715689896,11.82285239487423],[79.64098928159758,11.824145304070461],[79.6410183995892,11.8244524888833],[79.64162643686568,11.824708337335181],[79.64183301883828,11.824810973308523],[79.64205902148905,11.825118023728017],[79.64226289953267,11.825447260794874],[79.64244321207146,11.825681392623112],[79.64297288661072,11.825968644035301],[79.64323891639391,11.826143297839105],[79.64333649319671,11.826396360135544],[79.64341906633763,11.827196062077464],[79.64339839700126,11.827739224340036],[79.64358568226325,11.828506827460114],[79.64379202887729,11.829500268414131],[79.64398043164351,11.830471992205476],[79.64415857564917,11.831104137654371],[79.6442508164592,11.83140222077095],[79.64429428413915,11.83174122203361],[79.64432707803692,11.831967285946414],[79.6444811013789,11.832537017771001],[79.64459708376354,11.833662041889868],[79.64528855746192,11.83433309606117],[79.64579732910286,11.835045117556929],[79.64591488803084,11.835740547257702],[79.64586211649946,11.83608473403154],[79.64571563990421,11.83716147041159],[79.64575630394215,11.838948326219622],[79.64537514068228,11.839080748747268],[79.64593690933174,11.842271111205472],[79.6471758972126,11.842252041448633],[79.64731887307323,11.844217656888707]],[[79.6925612701064,11.822476034298996],[79.70034787597231,11.821662258286088],[79.70259985986314,11.813470708321622],[79.69195776033897,11.814165203650468],[79.6925612701064,11.822476034298996]],[[79.67934641357483,11.814627230293421],[79.6798546731761,11.814478326042096],[79.68142822151653,11.81386332170696],[79.68307063560503,11.813153392326676],[79.68523613329356,11.81261506360533],[79.68566703716903,11.812551303564646],[79.68580556816562,11.812530806404991],[79.68655483318116,11.812280555579138],[79.68811959689646,11.8122010139211],[79.68857154829905,11.810697430346986],[79.6889256246582,11.810053700490359],[79.68926593074232,11.80927444500813],[79.68967238696737,11.808852557443522],[79.69053892345,11.808500117569116],[79.69059928305057,11.807830219668798],[79.69027594524381,11.80538956720538],[79.69005037647935,11.804364401818907],[79.68962616415442,11.80214088188235],[79.68744217195082,11.802300615559071],[79.68567106341811,11.80247602396563],[79.68560802953296,11.801726347694277],[79.68388877445341,11.80215513133827],[79.68287999603373,11.799649280364052],[79.68221611947922,11.798079206300233],[79.68166740514746,11.797014986670545],[79.68130823803561,11.79631914646354],[79.67982958862008,11.797145265421129],[79.67844890138458,11.798408170731113],[79.6773947239071,11.799580538524683],[79.67595117705959,11.801929313646733],[79.67554438845792,11.802437965079061],[79.6745722595052,11.803559799588259],[79.67474575113603,11.806837948712111],[79.67474598020642,11.806839615883103],[79.67487535018374,11.807780596006321],[79.67525655296951,11.810130910870743],[79.67586606527968,11.814337956934711],[79.6758675061774,11.8143479122054],[79.67778996286918,11.814487741426642],[79.67838646847234,11.814469518243246],[79.6793435308811,11.814627224138425],[79.67934539039373,11.814627531008734],[79.67934641357483,11.814627230293421]],[[79.72162365870473,10.938308857106673],[79.72222710109851,10.938269613629815],[79.72229550690909,10.937355812623151],[79.7226200430684,10.93712328445342],[79.72260113443001,10.936123795269003],[79.72200160240261,10.936063633957827],[79.72200547234488,10.935131949692105],[79.72162485256574,10.935038759760003],[79.721556919269,10.935993022679291],[79.72017983248118,10.936117667124279],[79.72025881954745,10.937197918255961],[79.72154387573107,10.937137549893142],[79.72162365870473,10.938308857106673]],[[79.73881240064347,10.920531520956137],[79.739261485522,10.920678570602085],[79.73910449684128,10.921312193792792],[79.73944800002948,10.921378333950276],[79.73946858133098,10.921021266893534],[79.73971075814842,10.920744140216328],[79.73970673639089,10.920151232067385],[79.73882803671931,10.92012886066482],[79.73881240064347,10.920531520956137]],[[79.80686714241435,10.877670292611738],[79.80587224296582,10.879123070173026],[79.80596658403694,10.879701536943784],[79.80673521223846,10.880416805479863],[79.80735378944814,10.880698262341967],[79.80909705110535,10.880671147213771],[79.80967754603522,10.880482865630812],[79.81018592331577,10.879602964285315],[79.8099463264598,10.878428397259336],[79.80952708271671,10.878050571397713],[79.80729178952387,10.87755996694683],[79.80686714241435,10.877670292611738]]]]}}]}