{"type":"FeatureCollection","features":[{"type":"Feature","properties":{"id":"t:05693","name":"Gummidipoondi","taluk":"Gummidipoondi","district":"Thiruvallur","state":"Tamil Nadu","sdtcode":"05693","dtcode":"602"},"geometry":{"type":"Polygon","coordinates":[[[80.08378812974841,13.544781806912711],[80.08122760869348,13.549770453838173],[80.06271970243809,13.545376181869061],[80.05690283608894,13.536656164528038],[80.02840674185249,13.538844479516944],[80.01686349196116,13.547199207757282],[79.99969217105073,13.542330973640036],[80.00048784932204,13.525695785691276],[80.01762168173907,13.529578722901705],[80.02715400435784,13.513720721124148],[80.03548848193574,13.518325530295476],[80.04839103915877,13.512270794449373],[80.04658574972952,13.493704095711086],[80.01587252354034,13.497972065530885],[80.00780933268666,13.478331657573374],[79.9840453324999,13.479599735985435],[79.98236469240115,13.470477609055514],[79.97238828223178,13.469113034251743],[79.97330580798825,13.429694336739564],[79.95661894312063,13.422214556706956],[79.93957706674769,13.425051680021168],[79.94180548513363,13.416742391724974],[79.93453829684312,13.416475642718689],[79.94567166972477,13.407753041740952],[79.94432315565119,13.39689027509177],[79.96272103355562,13.391380128421364],[79.95801417767382,13.379197605730672],[79.94501415054752,13.381799275101985],[79.94943721695297,13.37550277524548],[79.94603519007251,13.36494982041923],[79.93336266444427,13.348668572961593],[79.96271317329689,13.345879276311972],[79.9862400748425,13.353521019094295],[80.0010829616382,13.349109767178234],[80.00389810027895,13.32206241000684],[80.0231913649597,13.326545365434665],[80.04459132181383,13.312723853252573],[80.04410748111695,13.32437479689481],[80.08223036211255,13.333726247090015],[80.08206156777234,13.34847763500267],[80.09141125480903,13.357242336060581],[80.13996185508114,13.336889240798305],[80.13736304333725,13.327891154126352],[80.14672691746719,13.326674917809358],[80.14987367638159,13.319588193146839],[80.16654261716434,13.318826963116893],[80.16670743286616,13.338382530248907],[80.15746916746743,13.349903787650977],[80.14392283169771,13.351563615765926],[80.14877956968802,13.364312567957944],[80.14363806126106,13.370409630865867],[80.15187838910899,13.379529183420338],[80.14035722250232,13.38779148940429],[80.17996118105964,13.39446618215643],[80.17518641613562,13.38726317116894],[80.19632340376671,13.385238185950245],[80.19785465583034,13.411802845883447],[80.18430660787172,13.419525358509004],[80.19275804789623,13.429136099797585],[80.18683228687003,13.438872324900846],[80.16829910741244,13.440010323290412],[80.16562241353,13.447779571107294],[80.17170214579592,13.465024583501796],[80.18314929391812,13.464624637862357],[80.1731497880628,13.47672049339606],[80.17652731429224,13.490921140009878],[80.14517355876275,13.49143049450523],[80.13981186697141,13.504098752165403],[80.1127382873267,13.505966800979392],[80.10817951782118,13.488939594714557],[80.10512654481904,13.493372842681932],[80.10268687591594,13.487025096573642],[80.07816579537068,13.488830870127746],[80.07711253776803,13.5264097695436],[80.08861172619295,13.535004629880854],[80.08378812974841,13.544781806912711]]]}},{"type":"Feature","properties":{"id":"t:05694","name":"Ponneri","taluk":"Ponneri","district":"Thiruvallur","state":"Tamil Nadu","sdtcode":"05694","dtcode":"602"},"geometry":{"type":"Polygon","coordinates":[[[80.26896364531271,13.564736025774206],[80.26401551991191,13.562654515397353],[80.24177825326292,13.470665481610363],[80.21456360667754,13.490290398690368],[80.1744449287338,13.487205220039645],[80.1731497880628,13.47672049339606],[80.18314929391812,13.464624637862357],[80.17170214579592,13.465024583501796],[80.16562241353,13.447779571107294],[80.16829910741244,13.440010323290412],[80.18683228687003,13.438872324900846],[80.19275804789623,13.429136099797585],[80.18430660787172,13.419525358509004],[80.19785465583034,13.411802845883447],[80.19632340376671,13.385238185950245],[80.17518641613562,13.38726317116894],[80.17996118105964,13.39446618215643],[80.14035722250232,13.38779148940429],[80.15187838910899,13.379529183420338],[80.14363806126106,13.370409630865867],[80.14877956968802,13.364312567957944],[80.14392283169771,13.351563615765926],[80.15746916746743,13.349903787650977],[80.16670743286616,13.338382530248907],[80.16654261716434,13.318826963116893],[80.14987367638159,13.319588193146839],[80.14672691746719,13.326674917809358],[80.13736304333725,13.327891154126352],[80.13996185508114,13.336889240798305],[80.09141125480903,13.357242336060581],[80.08206156777234,13.34847763500267],[80.08223036211255,13.333726247090015],[80.07252985690626,13.330949368619999],[80.07205301588208,13.316735638858352],[80.11081365491532,13.30965929873361],[80.12490244465756,13.299866241295978],[80.1240582447845,13.261572908835214],[80.13187808382429,13.249458280404797],[80.11873411155518,13.244495754358976],[80.11389576118039,13.219498342261822],[80.10681496612482,13.216930782964617],[80.1084361979389,13.187427750387577],[80.14021062014287,13.177932805964183],[80.13494361168084,13.182633261899568],[80.14432131178134,13.193574521366234],[80.18351483637355,13.196927050677283],[80.18818656812775,13.21179959831295],[80.23431351286501,13.207595099982008],[80.23850744778755,13.199498956270856],[80.2488397417264,13.198670175902524],[80.24994755042299,13.206114262840003],[80.30463916513139,13.197363564306936],[80.317634449153,13.229640532682547],[80.33482516199548,13.237581338106683],[80.34676193147344,13.313753132446315],[80.3260617361745,13.444929690689294],[80.30102488341726,13.478662056138052],[80.26896364531271,13.564736025774206]]]}},{"type":"Feature","properties":{"id":"t:05695","name":"Uthukkottai","taluk":"Uthukkottai","district":"Thiruvallur","state":"Tamil Nadu","sdtcode":"05695","dtcode":"602"},"geometry":{"type":"Polygon","coordinates":[[[79.9210662292895,13.359344309185088],[79.91593881453102,13.359892511061718],[79.91481711608351,13.348161521095733],[79.88347124147403,13.332883279643259],[79.88286573205676,13.323343456200568],[79.86803171253122,13.331090597608599],[79.86275876171355,13.31694628885287],[79.80886910539864,13.317278557826988],[79.80108275734923,13.300330769168278],[79.80268313387566,13.25068449781403],[79.791249230514,13.25552785062038],[79.79015113979217,13.248519064399629],[79.80858352917319,13.244136363466037],[79.81217139862133,13.231916678800161],[79.83168313807076,13.244674909214556],[79.84273350392522,13.237332608790213],[79.83448686451413,13.225020262829227],[79.8405493500249,13.218969704192286],[79.84711762207492,13.22480972812007],[79.86143263904674,13.215957447086867],[79.86250212740994,13.229619812006677],[79.88241733528773,13.228888185193314],[79.90866713825734,13.215601987947702],[79.92674430053737,13.222578922301885],[79.9231035436752,13.240973822452583],[79.93501443358811,13.237129885666098],[79.93211450566264,13.224914406527311],[79.95369836741837,13.221971305019926],[79.97218758961417,13.233684150882286],[79.9730426366443,13.261750962537459],[79.99729255533116,13.276694215839864],[80.02366398839361,13.266870866790809],[80.02818078681244,13.255867811696277],[80.03779046425865,13.257760536180477],[80.03333253783029,13.247578614474506],[80.02300775201057,13.24675202177387],[80.0315919881869,13.250804854435343],[80.02699531157303,13.25525269744079],[80.01734828127898,13.243721586905755],[80.00088598085934,13.246470769249617],[79.99933610043165,13.22805771894784],[80.04234454815166,13.228902867666271],[80.04453126584383,13.242651804588698],[80.05038162318341,13.243112929313886],[80.0545533203111,13.237077877884042],[80.08785802709316,13.231300405692425],[80.08572840721878,13.220869121206047],[80.07476378915143,13.211916041343406],[80.08633438555664,13.210474430070516],[80.11389576118039,13.219498342261822],[80.11873411155518,13.244495754358976],[80.13041087714886,13.245011144688059],[80.12113722531446,13.286791400507273],[80.12490244465756,13.299866241295978],[80.11081365491532,13.30965929873361],[80.07205301588208,13.316735638858352],[80.07252985690626,13.330949368619999],[80.04410748111695,13.32437479689481],[80.04459132181383,13.312723853252573],[80.03963498670963,13.312884871088627],[80.0231913649597,13.326545365434665],[80.00389810027895,13.32206241000684],[80.0010829616382,13.349109767178234],[79.9862400748425,13.353521019094295],[79.96349334125655,13.34595508140245],[79.93531931730396,13.348399628106652],[79.9210662292895,13.359344309185088]]]}},{"type":"Feature","properties":{"id":"t:05696","name":"Tiruttani","taluk":"Tiruttani","district":"Thiruvallur","state":"Tamil Nadu","sdtcode":"05696","dtcode":"602"},"geometry":{"type":"Polygon","coordinates":[[[79.68082480607222,13.296384344172772],[79.67421398621708,13.281792594941264],[79.66535423494646,13.278743463743885],[79.66384251944365,13.28979352925937],[79.65780156205864,13.283873931332144],[79.6517623761514,13.291860276585819],[79.6424504282381,13.290175239729976],[79.64123593202513,13.275613900647192],[79.63831121329277,13.28746833474127],[79.63160620687671,13.269725465194997],[79.61408634502591,13.28272279352342],[79.60605786597314,13.279576736564637],[79.60865507781752,13.287521998969893],[79.59602604681872,13.284881397452445],[79.59289113129302,13.264245535062098],[79.57952631809277,13.256023176797864],[79.56343675653231,13.26211699526184],[79.5379274716823,13.260567921907098],[79.51322597349537,13.238633184279104],[79.53044036592877,13.245912155252386],[79.52878635818323,13.228385025317907],[79.49745760097147,13.222053851006544],[79.49030552010653,13.188391594864681],[79.49278276014807,13.179509677713405],[79.49918038283684,13.180876669057753],[79.49943399700447,13.16292088403758],[79.49020428177064,13.169052715130672],[79.47318448419071,13.166004414723258],[79.47101913472422,13.136163042093422],[79.4816820428236,13.12819103889819],[79.48265553092735,13.139945887472686],[79.500273214821,13.136129830849297],[79.52261235401646,13.144216269595189],[79.52248068884357,13.139253804414944],[79.53254408288194,13.136514428923425],[79.56842572473582,13.137528662096315],[79.57087781464436,13.121918856310876],[79.594353467303,13.1220134084876],[79.59925407991012,13.13170836934299],[79.58913900399689,13.147575023453156],[79.6345502339978,13.147668326204723],[79.63006347075051,13.1728961982815],[79.6449151089337,13.179087330493598],[79.6480994012573,13.199524224710114],[79.65602464052773,13.20557059268618],[79.65398176826538,13.210573831515559],[79.66117316928865,13.21045102991451],[79.67147711509209,13.203819374484759],[79.6701034472922,13.183274027105885],[79.70072268904147,13.191673491754115],[79.70075644144164,13.181215423966897],[79.69178444028638,13.177267724283064],[79.69482805104657,13.159071521012196],[79.73650462598363,13.166970936188662],[79.73601694678555,13.11791205268165],[79.7240551610236,13.116701045006382],[79.7188770929612,13.10493863995794],[79.70219211725059,13.110828328436737],[79.70143711469535,13.099443924767378],[79.73629263974624,13.09514726338828],[79.74160449749719,13.076036452188797],[79.73808202001183,13.065557211290624],[79.72573708211993,13.067993620210839],[79.71857675112742,13.053764290475199],[79.7371810070869,13.061038091948928],[79.74767714385213,13.049612646255056],[79.7620666724835,13.051815089550646],[79.77585048778005,13.062848529530399],[79.77904885760246,13.053697730245014],[79.79155552997473,13.053774577293272],[79.78610730706536,13.039097771858405],[79.78985065871952,13.024600426437779],[79.80971957461412,13.033035397810645],[79.80795993127937,13.045517882320294],[79.79909389180177,13.049976103629504],[79.81233571665646,13.059235739106219],[79.80630312528174,13.068639291569973],[79.8135359907419,13.071090829263667],[79.81192013354816,13.07992608413085],[79.80628526946883,13.08309725655281],[79.82605846358169,13.111574987985179],[79.81522730731778,13.111265180869214],[79.8159034898934,13.137017503118823],[79.79799109211122,13.141568173438282],[79.79732496707351,13.162651376825574],[79.79383927919233,13.159690024906674],[79.78620772703603,13.181932345654477],[79.76099778868652,13.189591543174382],[79.76265587029185,13.194934361204158],[79.78761428485339,13.195441490751936],[79.79365275210841,13.207221367082111],[79.79305487387947,13.229330431559287],[79.77792121769768,13.223612263303835],[79.7754427370827,13.215336176828622],[79.76421770999089,13.219141314160108],[79.75495636866916,13.20650510902747],[79.73728332160451,13.236561520236451],[79.73024169219698,13.232560183786074],[79.73136755523414,13.22247226739583],[79.7216113203443,13.223483790159102],[79.71835182286173,13.216543049279043],[79.70267424216526,13.222423434420469],[79.70606407980566,13.234222756472406],[79.71403176177834,13.235761316967322],[79.71251258756368,13.244692347783904],[79.70094905371326,13.253052378034518],[79.69303397798197,13.243319567506598],[79.69590217830988,13.238582437764123],[79.68424096704537,13.244456009287081],[79.67826093430129,13.261680638689645],[79.68767439902817,13.266731279990477],[79.69109178081183,13.261008937327956],[79.69571661152504,13.267303241921804],[79.6887735821014,13.270893361632842],[79.6939022149754,13.27982236439275],[79.68122436503248,13.288018921889194],[79.68082480607222,13.296384344172772]]]}},{"type":"Feature","properties":{"id":"t:05697","name":"Pallipattu","taluk":"Pallipattu","district":"Thiruvallur","state":"Tamil Nadu","sdtcode":"05697","dtcode":"602"},"geometry":{"type":"Polygon","coordinates":[[[79.43702180170526,13.351358013775119],[79.43164143304087,13.336743428853723],[79.4146931422559,13.330062181487069],[79.40533428521677,13.335066366644767],[79.39833258502534,13.330231210388776],[79.40199565783578,13.317382084466413],[79.38778183697903,13.318079004754978],[79.3818606645473,13.307517289059486],[79.38863051764876,13.30981291512579],[79.3898112677498,13.297456688323535],[79.41574046379112,13.29960998922602],[79.42000702031788,13.289576163206323],[79.4305116542474,13.30027633321484],[79.44539387647274,13.301280652207364],[79.4462816967394,13.291644916169538],[79.43469441233118,13.289094334092505],[79.43370358045426,13.275016402159563],[79.40838951838015,13.265299362647507],[79.42260670342762,13.251346159013657],[79.4184670015954,13.242990034800364],[79.43764977080126,13.242918515434217],[79.43146150498103,13.23609550104355],[79.43975627163347,13.235890261090994],[79.43097569877031,13.22974571358696],[79.4531218825377,13.238381398983437],[79.45377018859342,13.216972508941181],[79.43734859083929,13.219584517430116],[79.43618907242002,13.212769415031103],[79.4438220394229,13.20780521664346],[79.43235215494082,13.197001850130313],[79.43839703347203,13.188205542503466],[79.40915499169836,13.194068008195154],[79.39903445223153,13.187836672591708],[79.3921299012448,13.192465044560686],[79.37400280880468,13.189288193957173],[79.38769654912934,13.177560046687022],[79.37266526136405,13.17887078140948],[79.36949218540508,13.172945631564128],[79.37920534158549,13.171544757077461],[79.3800077590181,13.16295765523576],[79.35608536159224,13.164610842821475],[79.36549045042744,13.133964769794698],[79.3580669750404,13.121748049549112],[79.34521564424647,13.121434883534853],[79.34113711948171,13.136868491282971],[79.33959324429169,13.130486662257702],[79.3186408793161,13.123504541992292],[79.32420763043564,13.118570494072598],[79.31189178987412,13.116601648334182],[79.31886453646565,13.113498420837065],[79.307159284396,13.105554691318089],[79.2942751085003,13.109631860895343],[79.31243349016009,13.12617409167437],[79.28398771146101,13.122802703447155],[79.29759724730422,13.087943838573377],[79.32470028091049,13.077714140396306],[79.33491503927758,13.06058713787634],[79.35146493801383,13.062523716706043],[79.37947610728689,13.080151241286838],[79.41671983496165,13.08466347002208],[79.420305653556,13.103843727706883],[79.40411645086418,13.09978731377309],[79.4015809981956,13.104243809054164],[79.40409059645202,13.115334430854409],[79.4132809924259,13.118781757942083],[79.41147139557482,13.136746978033115],[79.41874595993217,13.149988103222217],[79.43857930433813,13.125095353676553],[79.45349253910204,13.126515084786714],[79.45166948189478,13.121155495555861],[79.4295437985805,13.115511389870456],[79.4436302293468,13.114043959333259],[79.45090479729735,13.093279300558653],[79.46238608858692,13.095436218771317],[79.46451127886861,13.107380539908057],[79.47525488622324,13.107697614544856],[79.47112201787537,13.163704747554249],[79.49020428177064,13.169052715130672],[79.49943399700447,13.16292088403758],[79.49918038283684,13.180876669057753],[79.49278276014807,13.179509677713405],[79.49030552010653,13.188391594864681],[79.49745760097147,13.222053851006544],[79.52878635818323,13.228385025317907],[79.53044036592877,13.245912155252386],[79.51322597349537,13.238633184279104],[79.5379274716823,13.260567921907098],[79.58059533663706,13.257572732906494],[79.55837707294958,13.272748370748293],[79.53457231350346,13.275425221996828],[79.54120145360051,13.292465577363688],[79.53483486770483,13.301398087474979],[79.54407729499827,13.316812318505658],[79.53727627305139,13.338674575127765],[79.52590649502795,13.344414319560846],[79.51105533115523,13.34199907679097],[79.51031575985992,13.334632207731815],[79.49523437125458,13.345232134222458],[79.45622740428898,13.338599075429581],[79.43702180170526,13.351358013775119]]]}},{"type":"Feature","properties":{"id":"t:05698","name":"Thiruvallur","taluk":"Thiruvallur","district":"Thiruvallur","state":"Tamil Nadu","sdtcode":"05698","dtcode":"602"},"geometry":{"type":"Polygon","coordinates":[[[79.77039022654756,13.309244815039477],[79.76023818945193,13.318230417303669],[79.75671390545453,13.295314175629423],[79.73401214961652,13.289041934393047],[79.73059510739607,13.282960271600249],[79.76115975403393,13.257547379549582],[79.79475302034649,13.24192223684935],[79.78832878866069,13.196476706322409],[79.76265587029185,13.194934361204158],[79.76099778868652,13.189591543174382],[79.78620772703603,13.181932345654477],[79.79383927919233,13.159690024906674],[79.79732496707351,13.162651376825574],[79.79799109211122,13.141568173438282],[79.8159034898934,13.137017503118823],[79.81522730731778,13.111265180869214],[79.82605846358169,13.111574987985179],[79.80628526946883,13.08309725655281],[79.81192013354816,13.07992608413085],[79.8135359907419,13.071090829263667],[79.80630312528174,13.068639291569973],[79.81233571665646,13.059235739106219],[79.79910327200996,13.049686858724213],[79.80795993127937,13.045517882320294],[79.80971957461412,13.033035397810645],[79.79663010942147,13.027694036850397],[79.79864225750447,13.019803540694284],[79.80101296903143,13.014977372877738],[79.81058543915688,13.018220522286404],[79.81807408552115,13.004501074224176],[79.81897102548457,12.99208197802932],[79.81295720440771,12.989490829902502],[79.81994901145295,12.987955848976274],[79.82120823568223,12.962045510070633],[79.83181607256313,12.963909684267556],[79.83231474624198,12.958255799713532],[79.84814400208425,12.95646385553873],[79.85253169463044,12.94841498127605],[79.89068102562125,12.945130255462738],[79.89611029138318,12.959059247874343],[79.91018001977339,12.965954765850407],[79.91400229112023,12.978952522233998],[79.88919526424358,12.9937427134223],[79.9083739353351,13.004230701430409],[79.92854921986073,12.99008178715214],[79.94221483752715,13.00136740570311],[79.94179507006622,13.00859954307704],[79.92001809567725,13.014307676979703],[79.92000058122414,13.019527703068054],[79.9003693811133,13.017012718039412],[79.90063992852406,13.049490080073054],[79.91775134168654,13.047666702178612],[79.91815491252285,13.035007423224394],[79.94892317399794,13.032704992824007],[79.96878751117953,13.037503028894667],[79.96982900354689,13.049036542578056],[79.98649676753664,13.056202611424103],[79.99081420913265,13.05159990117245],[79.97883212054695,13.0491868423422],[79.97416747111046,13.038938331980562],[79.98759629017303,13.030517672333255],[79.99451368886496,13.046771419869534],[79.99072898775827,13.05663017618428],[79.97693480949663,13.065286147388113],[79.98066784310141,13.084465521385145],[79.99079962408571,13.099660429319913],[79.99788816441568,13.094025943341004],[80.00974364264862,13.100224602274256],[80.00628800161704,13.11425153156987],[80.0141679460342,13.1150279792798],[80.01117057245999,13.125367250233904],[80.04096174179041,13.13178774129912],[80.02952284199912,13.185918048013207],[80.0640190526145,13.203857802087015],[80.10687601203824,13.202897811623037],[80.10651041388729,13.21540908166693],[80.07476378915143,13.211916041343406],[80.08572840721878,13.220869121206047],[80.08785802709316,13.231300405692425],[80.0545533203111,13.237077877884042],[80.05038162318341,13.243112929313886],[80.04453126584383,13.242651804588698],[80.04234454815166,13.228902867666271],[79.99933610043165,13.22805771894784],[80.00088598085934,13.246470769249617],[80.01734828127898,13.243721586905755],[80.02699531157303,13.25525269744079],[80.0315919881869,13.250804854435343],[80.02300775201057,13.24675202177387],[80.03333253783029,13.247578614474506],[80.03779046425865,13.257760536180477],[80.02818078681244,13.255867811696277],[80.02366398839361,13.266870866790809],[79.99729255533116,13.276694215839864],[79.9730426366443,13.261750962537459],[79.97218758961417,13.233684150882286],[79.9576613526679,13.222973455237682],[79.93211450566264,13.224914406527311],[79.93501443358811,13.237129885666098],[79.9231035436752,13.240973822452583],[79.9290609739084,13.22685844503621],[79.92219032264556,13.218042232583949],[79.90562008874623,13.215359900965279],[79.89263033655013,13.21950985869625],[79.89117313081874,13.227256326438589],[79.86250212740994,13.229619812006677],[79.86143263904674,13.215957447086867],[79.84711762207492,13.22480972812007],[79.8405493500249,13.218969704192286],[79.83448686451413,13.225020262829227],[79.84273350392522,13.237332608790213],[79.83219990471774,13.244562064335879],[79.81217139862133,13.231916678800161],[79.80858352917319,13.244136363466037],[79.79106517649205,13.246937567798426],[79.791249230514,13.25552785062038],[79.80337278848559,13.253730094429047],[79.80121906860877,13.299965425251434],[79.79109515506973,13.293730802407742],[79.77039022654756,13.309244815039477]]]}},{"type":"Feature","properties":{"id":"t:05699","name":"Poonamallee","taluk":"Poonamallee","district":"Thiruvallur","state":"Tamil Nadu","sdtcode":"05699","dtcode":"602"},"geometry":{"type":"Polygon","coordinates":[[[80.04443666875282,13.138034845884569],[80.04096174179041,13.13178774129912],[80.01117057245999,13.125367250233904],[80.0141679460342,13.1150279792798],[80.00628800161704,13.11425153156987],[80.00974364264862,13.100224602274256],[79.99788816441568,13.094025943341004],[79.99079962408571,13.099660429319913],[79.98066784310141,13.084465521385145],[79.97758890429604,13.063988794744098],[79.99683166748814,13.045310569894568],[80.02373893573608,13.040378661471454],[80.02229356441025,13.024302096114917],[80.02783578703094,13.019870638675785],[80.04347536629594,13.019234456062055],[80.0421120839191,13.029787126486195],[80.05239790710995,13.022798621136578],[80.07101188823074,13.037442191329667],[80.08026729079013,13.01620675894471],[80.08228176640803,13.041245371535021],[80.09946278014041,13.034965703967579],[80.10869991725515,13.041800110974714],[80.12789929271734,13.03422611410681],[80.12074881804011,13.085414191860774],[80.12459848800307,13.109620806492408],[80.11562035045611,13.12382081897044],[80.08306750392244,13.136254826142418],[80.04443666875282,13.138034845884569]]]}},{"type":"Feature","properties":{"id":"t:05700","name":"Ambattur","taluk":"Ambattur","district":"Thiruvallur","state":"Tamil Nadu","sdtcode":"05700","dtcode":"602"},"geometry":{"type":"Polygon","coordinates":[[[80.08566660312724,13.20384424717275],[80.07491518761618,13.199679789275734],[80.0640190526145,13.203857802087015],[80.02952284199912,13.185918048013207],[80.03804849634088,13.141539812759351],[80.06289288415016,13.134117279158039],[80.08306750392244,13.136254826142418],[80.11562035045611,13.12382081897044],[80.12459848800307,13.109620806492408],[80.12277322992337,13.052656718386665],[80.1293514651882,13.045167910301455],[80.13986177557194,13.045719040658133],[80.14451143751626,13.024350062635582],[80.1877010835139,13.023105781513191],[80.18397052836099,13.055782840389645],[80.20432776125749,13.12724022810666],[80.18736597148875,13.14005294052844],[80.1457375803869,13.139435434241273],[80.1341169603968,13.151905256326268],[80.15761442684548,13.156228811089042],[80.17106002104768,13.16757085295261],[80.15868801601798,13.183485733784558],[80.17297498129842,13.193541024038085],[80.14432131178134,13.193574521366234],[80.13494361168084,13.182633261899568],[80.14021062014287,13.177932805964183],[80.1084361979389,13.187427750387577],[80.10687601203824,13.202897811623037],[80.08566660312724,13.20384424717275]]]}},{"type":"Feature","properties":{"id":"t:05701","name":"Mathavaram","taluk":"Mathavaram","district":"Thiruvallur","state":"Tamil Nadu","sdtcode":"05701","dtcode":"602"},"geometry":{"type":"Polygon","coordinates":[[[80.30107819034455,13.143113169394551],[80.33299008622804,13.235858638276143],[80.317634449153,13.229640532682547],[80.30463916513139,13.197363564306936],[80.24994755042299,13.206114262840003],[80.2488397417264,13.198670175902524],[80.23850744778755,13.199498956270856],[80.23431351286501,13.207595099982008],[80.18818656812775,13.21179959831295],[80.18450672017767,13.197658991093212],[80.1588635297565,13.185298026418236],[80.17106002104768,13.16757085295261],[80.15761442684548,13.156228811089042],[80.1341169603968,13.151905256326268],[80.1457375803869,13.139435434241273],[80.18736597148875,13.14005294052844],[80.20432776125749,13.12724022810666],[80.24140758951206,13.128098873030831],[80.24011881430317,13.14323070360108],[80.25139671443597,13.149829413919505],[80.2681978548892,13.148327636061813],[80.26520355534987,13.140909881170222],[80.2734312115624,13.139295380051738],[80.28631801682691,13.14598912930521],[80.30107819034455,13.143113169394551]]]}},{"type":"Feature","properties":{"id":"t:05925","name":"Chennai","taluk":"Chennai","district":"Chennai","state":"Tamil Nadu","sdtcode":"05925","dtcode":"603"},"geometry":{"type":"Polygon","coordinates":[[[80.26313809494972,13.149956981900473],[80.24011881430317,13.14323070360108],[80.24140758951206,13.128098873030831],[80.21385609894968,13.13121439733764],[80.20185572335973,13.126061353075837],[80.19524729751481,13.107976091284272],[80.1960164530274,13.088641414771857],[80.18397052836099,13.055782840389645],[80.18727851690258,13.023506152986817],[80.20043370373972,13.028304544123305],[80.19905183252469,13.01591234919751],[80.21065069442025,13.008347738184536],[80.20502885142099,12.983073774537576],[80.22298257350288,12.965107992929006],[80.24417492699992,12.983942524051772],[80.26688558244744,12.97513069788097],[80.28643235978619,13.061013209168745],[80.31108799358798,13.108066776475427],[80.30073547767375,13.091207116446482],[80.294909700037,13.092945170957439],[80.30169103630271,13.098698238972926],[80.30144757219946,13.1121087494191],[80.30368097533696,13.105689943066778],[80.30540610270353,13.10980025171795],[80.30076476724359,13.12131463644898],[80.30626012834918,13.130406918078698],[80.29788257296015,13.135158010679538],[80.30107819034455,13.143113169394551],[80.28631801682691,13.14598912930521],[80.2734312115624,13.139295380051738],[80.26520355534987,13.140909881170222],[80.2681978548892,13.148327636061813],[80.26313809494972,13.149956981900473]]]}},{"type":"Feature","properties":{"id":"t:05702","name":"Sriperumbudur","taluk":"Sriperumbudur","district":"Kancheepuram","state":"Tamil Nadu","sdtcode":"05702","dtcode":"604"},"geometry":{"type":"Polygon","coordinates":[[[79.98675949690946,13.056107544815827],[79.96982900354689,13.049036542578056],[79.96878751117953,13.037503028894667],[79.94892317399794,13.032704992824007],[79.91815491252285,13.035007423224394],[79.91775134168654,13.047666702178612],[79.90063992852406,13.049490080073054],[79.9003693811133,13.017012718039412],[79.92000058122414,13.019527703068054],[79.92001809567725,13.014307676979703],[79.94179507006622,13.00859954307704],[79.94221483752715,13.00136740570311],[79.92854921986073,12.99008178715214],[79.9083739353351,13.004230701430409],[79.88919526424358,12.9937427134223],[79.91400229112023,12.978952522233998],[79.91018001977339,12.965954765850407],[79.89611029138318,12.959059247874343],[79.89068102562125,12.945130255462738],[79.85253169463044,12.94841498127605],[79.84814400208425,12.95646385553873],[79.83231474624198,12.958255799713532],[79.83181607256313,12.963909684267556],[79.82120823568223,12.962045510070633],[79.81994901145295,12.987955848976274],[79.81295720440771,12.989490829902502],[79.81897102548457,12.99208197802932],[79.81807408552115,13.004501074224176],[79.81058543915688,13.018220522286404],[79.80101296903143,13.014977372877738],[79.79663010942147,13.027694036850397],[79.76862309216166,13.017058209941888],[79.7382694786487,12.99067336272535],[79.76828015850532,12.98922716153951],[79.76246421831924,12.978422911418491],[79.76420717095598,12.955667728251553],[79.76917776232374,12.948528956466774],[79.784182441092,12.958224752284572],[79.7886911214356,12.952780274296261],[79.7772927635114,12.93594976500861],[79.77465050115552,12.918073831629199],[79.78540534194278,12.915022651089805],[79.79072899726836,12.922319085138838],[79.80933109996612,12.916304596007425],[79.8057717385535,12.90855707496223],[79.8109950152309,12.895917206893733],[79.82649729239462,12.897764735120928],[79.85229409203443,12.877647379968066],[79.87166516519181,12.881345625140389],[79.90966886759695,12.866031475893248],[79.90388960113233,12.841337007139808],[79.90902523547568,12.840667559023814],[79.90966877866374,12.830950331281977],[79.90172297695646,12.823828250049166],[79.90484800831908,12.804199276266267],[79.92698009302808,12.798026856678586],[79.93960389223868,12.782996499389865],[79.94054974007945,12.790177955157064],[79.95629921743966,12.790300328029824],[79.96034011896367,12.796997176247041],[79.9641113345613,12.808905156749733],[79.95872804547393,12.810339567975156],[79.95727737318958,12.824825350157658],[79.96611647488679,12.813889626493449],[80.00983623739484,12.809460813876635],[80.01148446717646,12.819648812495197],[80.03184008849534,12.822663537508816],[80.04209510126863,12.839702011274628],[80.05307142528245,12.839082148878061],[80.0642843826101,12.863712949336641],[80.05478406157498,12.883099058145095],[80.07087187950549,12.914397473604165],[80.08772323937637,12.926138810201325],[80.09385687864417,12.946816987355417],[80.10257525395369,12.945706597716757],[80.10682177445635,12.961588936895804],[80.11665985575006,12.967298229900681],[80.1204696683622,12.985435606982458],[80.14178028326975,12.996409882002117],[80.15471264030572,12.993702238918802],[80.16585128270484,13.005068896394523],[80.17786130170936,13.001252070898591],[80.18112507247773,13.017474792567958],[80.1893972249412,13.022694110413395],[80.14451143751626,13.024350062635582],[80.13986177557194,13.045719040658133],[80.1293514651882,13.045167910301455],[80.12869214758375,13.034994435732587],[80.12300855079855,13.033267916784641],[80.10869991725515,13.041800110974714],[80.09946278014041,13.034965703967579],[80.08192222739366,13.041150397191176],[80.08026729079013,13.01620675894471],[80.07101188823074,13.037442191329667],[80.05239790710995,13.022798621136578],[80.0421120839191,13.029787126486195],[80.04347536629594,13.019234456062055],[80.02783578703094,13.019870638675785],[80.02229356441025,13.024302096114917],[80.02212072136305,13.040897748491155],[79.99451368886496,13.046771419869534],[79.98759629017303,13.030517672333255],[79.98016658766446,13.032531859314668],[79.97416747111046,13.038938331980562],[79.97883212054695,13.0491868423422],[79.99081420913265,13.05159990117245],[79.98675949690946,13.056107544815827]]]}},{"type":"Feature","properties":{"id":"t:05703","name":"Tambaram","taluk":"Tambaram","district":"Kancheepuram","state":"Tamil Nadu","sdtcode":"05703","dtcode":"604"},"geometry":{"type":"Polygon","coordinates":[[[80.10469906981304,12.949372231357867],[80.09385687864417,12.946816987355417],[80.08772323937637,12.926138810201325],[80.0736677546733,12.917512210619265],[80.0642411251359,12.901324992585984],[80.09721059862024,12.895823174431118],[80.10256274401505,12.90394120033259],[80.12110657659359,12.904395185579347],[80.13314548721425,12.890055208081035],[80.14942630548862,12.889661966322988],[80.14625185959885,12.879953990580542],[80.1312938483096,12.876333657458709],[80.12749842491168,12.864971270501481],[80.13543093245109,12.862305516895713],[80.14183848781197,12.871186067388265],[80.15061836717572,12.867669631702936],[80.16564547777496,12.873417514390448],[80.17870301235081,12.859852690500114],[80.19263182471734,12.877092566281453],[80.18187974894455,12.880420859888384],[80.18284163440806,12.897830140965942],[80.17004509994808,12.912357850579955],[80.18841156556368,12.920671226678595],[80.18515126947887,12.930646466547367],[80.16720531063764,12.93792989177485],[80.15057110501199,12.936322130812329],[80.1293703423856,12.948330488477152],[80.10469906981304,12.949372231357867]]]}},{"type":"Feature","properties":{"id":"t:05704","name":"Alandur","taluk":"Alandur","district":"Kancheepuram","state":"Tamil Nadu","sdtcode":"05704","dtcode":"604"},"geometry":{"type":"Polygon","coordinates":[[[80.19594398144186,13.027917073749505],[80.18112507247773,13.017474792567958],[80.17786130170936,13.001252070898591],[80.16585128270484,13.005068896394523],[80.15471264030572,12.993702238918802],[80.14178028326975,12.996409882002117],[80.1204696683622,12.985435606982458],[80.11665985575006,12.967298229900681],[80.10682177445635,12.961588936895804],[80.10348704845863,12.9496749397194],[80.1293703423856,12.948330488477152],[80.1568836671248,12.935277772508602],[80.17511365259759,12.947225784802825],[80.2013614999348,12.950936098181428],[80.19649029278021,12.968572443265787],[80.20864964232766,12.977305898760365],[80.2052096238972,12.986919838280272],[80.21065069442025,13.008347738184536],[80.19905183252469,13.01591234919751],[80.20043370373972,13.028304544123305],[80.19594398144186,13.027917073749505]]]}},{"type":"Feature","properties":{"id":"t:05705","name":"Sholinganallur","taluk":"Sholinganallur","district":"Kancheepuram","state":"Tamil Nadu","sdtcode":"05705","dtcode":"604"},"geometry":{"type":"Polygon","coordinates":[[[80.2475432706505,12.982607876313114],[80.22298257350288,12.965107992929006],[80.2028244117649,12.977158187655402],[80.19663180977683,12.962800949214508],[80.20356924000124,12.952842836251117],[80.16769401661008,12.940578357391594],[80.1775393203587,12.930082694603923],[80.18515126947887,12.930646466547367],[80.18841156556368,12.920671226678595],[80.17004509994808,12.912357850579955],[80.18284163440806,12.897830140965942],[80.18187974894455,12.880420859888384],[80.19263182471734,12.877092566281453],[80.18224564174292,12.867834964729775],[80.19869258725942,12.851072038022938],[80.21296524327568,12.875596267359986],[80.22740819292036,12.852537505861124],[80.24951275145244,12.857449580719672],[80.26688558244744,12.97513069788097],[80.2475432706505,12.982607876313114]]]}},{"type":"Feature","properties":{"id":"t:05706","name":"Chengalpattu","taluk":"Chengalpattu","district":"Kancheepuram","state":"Tamil Nadu","sdtcode":"05706","dtcode":"604"},"geometry":{"type":"Polygon","coordinates":[[[80.11544889800098,12.905728014036757],[80.10256274401505,12.90394120033259],[80.09721059862024,12.895823174431118],[80.06349949580027,12.900863754095445],[80.05444357582779,12.882059442716596],[80.0642843826101,12.863712949336641],[80.05350420394193,12.839624642748058],[80.04209510126863,12.839702011274628],[80.03184008849534,12.822663537508816],[80.01148446717646,12.819648812495197],[80.00983623739484,12.809460813876635],[79.96611647488679,12.813889626493449],[79.95727737318958,12.824825350157658],[79.95872804547393,12.810339567975156],[79.9641113345613,12.808905156749733],[79.95629921743966,12.790300328029824],[79.94054974007945,12.790177955157064],[79.93960389223868,12.782996499389865],[79.92698009302808,12.798026856678586],[79.91057182986606,12.799575073142902],[79.90150249804638,12.78418219341424],[79.87707300343926,12.779821753558247],[79.89121427994695,12.7730826894385],[79.88264920303897,12.766782599795762],[79.92654137470795,12.745807747511511],[79.95166584015483,12.710869720558605],[79.95800632909322,12.686064077655669],[79.94568773878859,12.63389703556091],[79.96792855557958,12.628268044872701],[79.97545190296495,12.660757272163059],[79.98902305110113,12.6657462038533],[80.00229619931149,12.65909593650912],[80.01555199835876,12.680741994311063],[80.02461146487998,12.679434987878885],[80.02506325278918,12.665840030150502],[80.03386005820951,12.663836525494034],[80.02610610879914,12.659092611150196],[80.05249328393862,12.644272427731513],[80.05635088422892,12.624441189936766],[80.0689417988119,12.626609153944448],[80.07166783176298,12.618939901737296],[80.07156457491266,12.628648132356455],[80.07982567719984,12.627732297114001],[80.07998871423737,12.642412183064023],[80.10029507553935,12.638831040902415],[80.10047533238259,12.630505794891022],[80.1066241486871,12.627948269402784],[80.11653223479261,12.63831251844645],[80.13927158602354,12.621377286180588],[80.15076827892864,12.628739202285903],[80.18486981382561,12.625751165654162],[80.19772210132534,12.653214119570345],[80.2094763717651,12.654296160012425],[80.25466958962974,12.780807964844268],[80.24784130830557,12.810259380355255],[80.24951275145244,12.857449580719672],[80.22740819292036,12.852537505861124],[80.21394647845042,12.87571357025172],[80.19954466356089,12.850791563745544],[80.18271193025745,12.867666509633121],[80.17668083996755,12.85959532658965],[80.16803161696859,12.873164225188392],[80.15061836717572,12.867669631702936],[80.14183848781197,12.871186067388265],[80.13543093245109,12.862305516895713],[80.12749842491168,12.864971270501481],[80.1312938483096,12.876333657458709],[80.14625185959885,12.879953990580542],[80.1492742898813,12.89020884480631],[80.13314548721425,12.890055208081035],[80.11544889800098,12.905728014036757]]]}},{"type":"Feature","properties":{"id":"t:05707","name":"Kancheepuram","taluk":"Kancheepuram","district":"Kancheepuram","state":"Tamil Nadu","sdtcode":"05707","dtcode":"604"},"geometry":{"type":"Polygon","coordinates":[[[79.75292619678828,12.99380753826263],[79.69958827314447,12.975559916917279],[79.65884601167993,12.950615315619237],[79.66304088803689,12.930466566704498],[79.5682362350081,12.899602264734884],[79.55664092325449,12.880395632394253],[79.56709846120857,12.859481644534645],[79.55622481732667,12.852315281564273],[79.59632473485406,12.828920766886739],[79.60792677498914,12.82944624488074],[79.63828294151413,12.814789771371437],[79.64287842247042,12.802613732798418],[79.63529285507352,12.786420238711058],[79.65015288621642,12.782523545513136],[79.64615040204382,12.772521859517399],[79.65448873069934,12.764200549170027],[79.65728500022755,12.774726456918478],[79.67039551204898,12.777779987368943],[79.67050311674527,12.787682476813822],[79.67741118283972,12.790230347619117],[79.69690532069947,12.77628747467614],[79.70745093667051,12.777866410653962],[79.7093049965349,12.758734309325623],[79.73106946727343,12.75601498468937],[79.74120978404954,12.748590174023851],[79.74143831096626,12.734660598805753],[79.7131209688949,12.728339075326991],[79.73641785321875,12.719322979746728],[79.73560534680722,12.703405156886193],[79.74373030222657,12.702904603448122],[79.75141566257005,12.710862900314776],[79.78710539463484,12.717996038321905],[79.79840816193132,12.731671601948205],[79.81751912789821,12.733421273970283],[79.83261231407813,12.754313502755483],[79.84748383467353,12.761967404372642],[79.88264920303897,12.766782599795762],[79.89121427994695,12.7730826894385],[79.87707300343926,12.779821753558247],[79.90150249804638,12.78418219341424],[79.90975207315185,12.799439583262192],[79.90162127958146,12.820171894932168],[79.90966877866374,12.830950331281977],[79.90902523547568,12.840667559023814],[79.90388960113233,12.841337007139808],[79.90966886759695,12.866031475893248],[79.87166516519181,12.881345625140389],[79.85229409203443,12.877647379968066],[79.82649729239462,12.897764735120928],[79.8109950152309,12.895917206893733],[79.8057717385535,12.90855707496223],[79.80933109996612,12.916304596007425],[79.79072899726836,12.922319085138838],[79.78540534194278,12.915022651089805],[79.77465050115552,12.918073831629199],[79.7772927635114,12.93594976500861],[79.7886911214356,12.952780274296261],[79.784182441092,12.958224752284572],[79.76834810527676,12.94903931800865],[79.76184524405417,12.971444448081522],[79.76924899153924,12.986886444147409],[79.75292619678828,12.99380753826263]]]}},{"type":"Feature","properties":{"id":"t:05708","name":"Uthiramerur","taluk":"Uthiramerur","district":"Kancheepuram","state":"Tamil Nadu","sdtcode":"05708","dtcode":"604"},"geometry":{"type":"Polygon","coordinates":[[[79.86336942386728,12.766859031341877],[79.83318319164458,12.754752004929637],[79.81751912789821,12.733421273970283],[79.79840816193132,12.731671601948205],[79.78710539463484,12.717996038321905],[79.74860833298405,12.709509870904956],[79.74109778299824,12.694160214631944],[79.70415473492378,12.675782820573135],[79.67490985896538,12.666325443872536],[79.64653353620744,12.670423609386765],[79.63027069681517,12.631053459130403],[79.64539777912574,12.625236113404428],[79.64562624585531,12.603116729453038],[79.66576191377858,12.593433517271603],[79.69077796784202,12.601162052350512],[79.72456755018018,12.587425821993278],[79.7248818230874,12.579010096950174],[79.71573057838856,12.581187178586319],[79.70560406063349,12.569488830947815],[79.71917102980699,12.56463045350446],[79.71458320070032,12.549626555251674],[79.7438775882039,12.531930036979947],[79.75491041355417,12.543175905269962],[79.75362724652759,12.561778357674864],[79.76364400991784,12.55025762638001],[79.7768108362261,12.551930710026486],[79.78007884255103,12.560519346259774],[79.79271307389703,12.560654760774174],[79.7958531969564,12.56823075162075],[79.8192366348562,12.56552965245531],[79.82056807465118,12.578935348513344],[79.8112278675357,12.595579165337513],[79.81522877247001,12.606147158188065],[79.80523660135898,12.629100032332024],[79.8204762928803,12.620647475861682],[79.8406189982055,12.623923343081504],[79.84777444056624,12.631517317447203],[79.870449780545,12.626583486516031],[79.89185472664224,12.632052084281506],[79.89690878227968,12.641665125541527],[79.9244479632277,12.632613428455045],[79.92850364652976,12.637959469398535],[79.9170025060657,12.69627403148665],[79.93219812983243,12.695349386330456],[79.93105341115744,12.702413826230142],[79.95270283106431,12.699430211642897],[79.95166584015483,12.710869720558605],[79.91932285624121,12.751643235846835],[79.88264920303897,12.766782599795762],[79.86336942386728,12.766859031341877]]]}},{"type":"Feature","properties":{"id":"t:05709","name":"Tirukalukundram","taluk":"Tirukalukundram","district":"Kancheepuram","state":"Tamil Nadu","sdtcode":"05709","dtcode":"604"},"geometry":{"type":"Polygon","coordinates":[[[80.018065288691,12.680684282229912],[80.01002446858283,12.6789045630408],[80.00229619931149,12.65909593650912],[79.98902305110113,12.6657462038533],[79.97575581560197,12.661091615583372],[79.96792855557958,12.628268044872701],[79.94568773878859,12.63389703556091],[79.94441185530236,12.612659410202138],[79.96034193535716,12.593396660658176],[79.97197906189064,12.555676070238437],[80.00278047569127,12.54130430816697],[80.01511837887617,12.52201521564232],[80.05266637761575,12.504351877370247],[80.11905070031919,12.484955281836443],[80.14004637936284,12.467494763106085],[80.15973751506947,12.480852241189398],[80.16563859128996,12.527623610385795],[80.2094763717651,12.654296160012425],[80.19772210132534,12.653214119570345],[80.18486981382561,12.625751165654162],[80.15076827892864,12.628739202285903],[80.13927158602354,12.621377286180588],[80.11653223479261,12.63831251844645],[80.1066241486871,12.627948269402784],[80.10047533238259,12.630505794891022],[80.10029507553935,12.638831040902415],[80.07998871423737,12.642412183064023],[80.07982567719984,12.627732297114001],[80.07156457491266,12.628648132356455],[80.07166783176298,12.618939901737296],[80.0689417988119,12.626609153944448],[80.05635088422892,12.624441189936766],[80.05087264411432,12.645984856889724],[80.02610610879914,12.659092611150196],[80.03386005820951,12.663836525494034],[80.02506325278918,12.665840030150502],[80.02461146487998,12.679434987878885],[80.018065288691,12.680684282229912]]]}},{"type":"Feature","properties":{"id":"t:05710","name":"Maduranthakam","taluk":"Maduranthakam","district":"Kancheepuram","state":"Tamil Nadu","sdtcode":"05710","dtcode":"604"},"geometry":{"type":"Polygon","coordinates":[[[79.94319295375122,12.702727522120078],[79.93105341115744,12.702413826230142],[79.93219812983243,12.695349386330456],[79.9170025060657,12.69627403148665],[79.92850364652976,12.637959469398535],[79.9244479632277,12.632613428455045],[79.89690878227968,12.641665125541527],[79.89185472664224,12.632052084281506],[79.870449780545,12.626583486516031],[79.84777444056624,12.631517317447203],[79.8406189982055,12.623923343081504],[79.8204762928803,12.620647475861682],[79.80523660135898,12.629100032332024],[79.81522877247001,12.606147158188065],[79.8112278675357,12.595579165337513],[79.82056807465118,12.578935348513344],[79.8192366348562,12.56552965245531],[79.7958531969564,12.56823075162075],[79.79271307389703,12.560654760774174],[79.78007884255103,12.560519346259774],[79.7768108362261,12.551930710026486],[79.76364400991784,12.55025762638001],[79.75362724652759,12.561778357674864],[79.75491041355417,12.543175905269962],[79.7438775882039,12.531930036979947],[79.75378299643153,12.524170057987094],[79.75573917767572,12.511976800943767],[79.74970364072514,12.502889371338165],[79.72066786471713,12.50054371803599],[79.72198096181233,12.494048418289632],[79.74723808507049,12.484181082512029],[79.7440543874316,12.472548650701679],[79.7494142376766,12.456781482981155],[79.73331629034293,12.45412146779934],[79.73618882055055,12.42848886327543],[79.71778455203116,12.439284101217687],[79.71667350670462,12.431614439113623],[79.70558375960638,12.430583554185171],[79.70727319241516,12.415165365128422],[79.6914931381993,12.420977294762523],[79.69770494976142,12.40228659579856],[79.68880784294802,12.403405051296922],[79.66414550951085,12.387721148275082],[79.66362293974716,12.36810086476581],[79.64707098566552,12.358904648095914],[79.64033952655932,12.344721978880191],[79.66058222066383,12.323138470397422],[79.68104993466218,12.315822319728111],[79.70615340558257,12.334663990316283],[79.7502490627314,12.32487593514329],[79.77876256721636,12.339025692058199],[79.79917403769478,12.33743692793474],[79.80466551358677,12.361795480940902],[79.7954002987295,12.366073015985213],[79.7885671422483,12.383526129850983],[79.79972305835203,12.394101294837814],[79.82874188404895,12.39066412838062],[79.83840785981234,12.41560570433894],[79.81558833124733,12.425156090257802],[79.8128259731211,12.438461540665681],[79.82305591930468,12.45041853152019],[79.84130549164394,12.445594591534773],[79.8531559123618,12.457641054479033],[79.86156382990913,12.445519792180988],[79.8918794869064,12.436485053369907],[79.88953821317129,12.426993704388803],[79.89535055111311,12.422821686478443],[79.88940395905378,12.409637892374658],[79.9024073728287,12.403661958893347],[79.89805405611348,12.363129140059174],[79.90667844788136,12.358784896825757],[79.9189087670312,12.366046619819889],[79.9219412862926,12.355406636048315],[79.94394747930107,12.350114128765915],[79.9445193629806,12.33945638452674],[79.9597180859351,12.341883924849132],[79.96658416836642,12.336010622230164],[79.96806673802985,12.34267227330285],[79.98357492520981,12.336415916546784],[79.98617939005182,12.353490557193949],[79.98157871503659,12.356601926745089],[79.99441361923726,12.385026006047589],[79.99786045588074,12.431062565643169],[79.98396955870737,12.43525359708615],[79.98066141475725,12.431169025770247],[79.9763716843911,12.445335444620937],[79.96313085486973,12.45763356524307],[79.9763627138147,12.469827835448859],[79.98184301915609,12.498485309334693],[79.99270722982921,12.50718525523539],[79.98357431974529,12.524906210837845],[80.0105070920625,12.525882092573731],[80.01042127330845,12.532797216674728],[79.99946220143968,12.543815669742687],[79.97328502995572,12.553858695648193],[79.96034193535716,12.593396660658176],[79.94441185530236,12.612659410202138],[79.94846487240461,12.657122880557347],[79.95800632909322,12.686064077655669],[79.95680421885136,12.698502507257867],[79.94319295375122,12.702727522120078]]]}},{"type":"Feature","properties":{"id":"t:05711","name":"Cheyyur","taluk":"Cheyyur","district":"Kancheepuram","state":"Tamil Nadu","sdtcode":"05711","dtcode":"604"},"geometry":{"type":"Polygon","coordinates":[[[79.99615297771456,12.52776197552206],[79.98357431974529,12.524906210837845],[79.99270722982921,12.50718525523539],[79.98184301915609,12.498485309334693],[79.9763627138147,12.469827835448859],[79.96507832784553,12.463576387551319],[79.96281699878082,12.454289065574617],[79.9763716843911,12.445335444620937],[79.98066141475725,12.431169025770247],[79.98396955870737,12.43525359708615],[79.99786045588074,12.431062565643169],[79.99441361923726,12.385026006047589],[79.98157871503659,12.356601926745089],[79.98617939005182,12.353490557193949],[79.98357492520981,12.336415916546784],[79.96806673802985,12.34267227330285],[79.96658416836642,12.336010622230164],[79.9597180859351,12.341883924849132],[79.9445193629806,12.33945638452674],[79.94394747930107,12.350114128765915],[79.9219412862926,12.355406636048315],[79.9189087670312,12.366046619819889],[79.90667844788136,12.358784896825757],[79.89805405611348,12.363129140059174],[79.9024073728287,12.403661958893347],[79.88940395905378,12.409637892374658],[79.89535055111311,12.422821686478443],[79.88953821317129,12.426993704388803],[79.8918794869064,12.436485053369907],[79.86156382990913,12.445519792180988],[79.8531559123618,12.457641054479033],[79.84130549164394,12.445594591534773],[79.82305591930468,12.45041853152019],[79.8128259731211,12.438461540665681],[79.81558833124733,12.425156090257802],[79.83840785981234,12.41560570433894],[79.82874188404895,12.39066412838062],[79.79972305835203,12.394101294837814],[79.7885671422483,12.383526129850983],[79.7954002987295,12.366073015985213],[79.80466551358677,12.361795480940902],[79.80054584957527,12.33081586400011],[79.8197972303059,12.311855724004538],[79.82736762785258,12.31296007717108],[79.84113886224357,12.27983682245013],[79.86236890366003,12.26198120993205],[79.87337907080388,12.24290968202563],[79.90025178445609,12.229602614639157],[79.9142036341181,12.235562779663336],[79.92445498266335,12.23162908135138],[79.92099705452104,12.245125713995442],[79.92826758364613,12.247999068938512],[79.94414815844395,12.24229627920752],[79.9552604703238,12.228869620677774],[79.96960931874753,12.236833631576404],[79.97304080228449,12.233402015730242],[79.99241221500507,12.253774876969738],[80.00986932953326,12.254999117188133],[80.04604473575641,12.312502004916302],[80.12761256575001,12.397558444537061],[80.15020926990375,12.436472529939602],[80.15973751506947,12.480852241189398],[80.13484427867166,12.468144566080456],[80.13665298259731,12.473174080954346],[80.11905070031919,12.484955281836443],[79.99615297771456,12.52776197552206]]]}},{"type":"Feature","properties":{"id":"t:05712","name":"Gudiyatham","taluk":"Gudiyatham","district":"Vellore","state":"Tamil Nadu","sdtcode":"05712","dtcode":"605"},"geometry":{"type":"Polygon","coordinates":[[[78.88172147864864,13.098209437196532],[78.87107537174003,13.09233850791912],[78.87094643385237,13.081920958699365],[78.84201168058458,13.078650880666146],[78.81311572465557,13.089180237788842],[78.79427963058923,13.066622341327298],[78.7517520267863,13.054980790599013],[78.74026527912974,13.06403453702793],[78.71449313195625,13.068717472793415],[78.70524724435234,13.015278565951776],[78.65619150253134,13.031209601277451],[78.6554968811362,13.015288488520323],[78.62087328132871,12.991281446343239],[78.64714489090183,12.966278267810463],[78.63821859602824,12.964117970785415],[78.65698861451386,12.93214787930831],[78.6334106814736,12.931787739324925],[78.60287824123533,12.844780237113262],[78.65392104299006,12.865367124873476],[78.71204071326429,12.859844606145348],[78.71624881192398,12.850223628736597],[78.71866134721391,12.864742627337934],[78.73038065073123,12.865692165325921],[78.73732932965969,12.842521871334032],[78.73411065791184,12.830485104224575],[78.74914279009352,12.817749591717742],[78.77319139273195,12.833633222161291],[78.78255473865251,12.847335691264323],[78.82411786804728,12.860228466890758],[78.84527283635713,12.877288952339496],[78.88738789695064,12.893801003399062],[78.89988796850223,12.90733189072438],[78.93299158291639,12.915024659693875],[78.92984286836959,12.922585841539492],[78.91552654884063,12.917924028675177],[78.8897761202358,12.926662795582146],[78.89574424311586,12.942155595671526],[78.89274660543693,12.973272886900173],[78.90817724824493,12.985492517392018],[78.93234208928786,12.992652167460093],[78.93840073899234,13.003522885242615],[78.93652785762619,13.01569438923837],[78.9556670801003,13.021031521727055],[78.95652673818283,13.028208338669385],[78.96313880220461,13.02100211967577],[78.9768238019216,13.020717021822959],[78.99650530050182,13.0296981812818],[79.02753337002844,13.060787829783711],[79.03632462565695,13.061121099870403],[79.03692052579562,13.070630356473272],[78.99497450747731,13.086644829741019],[78.97227575111404,13.083842929190705],[78.97025294631682,13.074750431654975],[78.95542182655304,13.075876133125174],[78.94916800168338,13.084031123892272],[78.94145323678569,13.07855547444726],[78.92747059377405,13.081866766338175],[78.92171386783654,13.066130824530969],[78.91257185153059,13.065969472588712],[78.90364918046087,13.047743190551314],[78.92913649521392,13.045796126471814],[78.94078292919201,13.036447179611748],[78.93707999813239,13.030464174969495],[78.92909765834924,13.03653107707923],[78.89187938803133,13.03297420470146],[78.88892681703358,13.073397089969594],[78.89566416908804,13.095158163574173],[78.88172147864864,13.098209437196532]]]}},{"type":"Feature","properties":{"id":"t:05713","name":"Katpadi","taluk":"Katpadi","district":"Vellore","state":"Tamil Nadu","sdtcode":"05713","dtcode":"605"},"geometry":{"type":"Polygon","coordinates":[[[79.22880715901483,13.156967679548382],[79.21465801865519,13.156990881008547],[79.21000170738114,13.148491322118382],[79.23284412951118,13.139403340555987],[79.23034847220966,13.126406328632578],[79.2383823258828,13.11858427154797],[79.23439708846533,13.105262416119377],[79.20083404776713,13.08886821154961],[79.1982638114324,13.081375524911854],[79.1906585071504,13.088766887437712],[79.18062950151946,13.084276704019965],[79.19209130206227,13.06746603383901],[79.17837898817076,13.059826542227235],[79.19206990958209,13.056180829486307],[79.17963178675085,13.054533951559813],[79.18149264147199,13.047672900675488],[79.1929662252164,13.046730200543564],[79.18480292610744,13.029887806152692],[79.15998413219893,13.020292538786206],[79.13731163538804,13.03484722894127],[79.11445250189878,13.03930772720169],[79.09827861548257,13.02610029603555],[79.08087816758079,13.025763218892344],[79.06283776166727,13.040673767627972],[79.06336932087201,13.053143262528772],[79.03624932976814,13.065491437416924],[78.98554139569681,13.024017423909477],[78.96313880220461,13.02100211967577],[78.95652673818283,13.028208338669385],[78.9556670801003,13.021031521727055],[78.93652785762619,13.01569438923837],[78.93840073899234,13.003522885242615],[78.93234208928786,12.992652167460093],[78.90817724824493,12.985492517392018],[78.89274660543693,12.973272886900173],[78.89574424311586,12.942155595671526],[78.8897761202358,12.926662795582146],[78.91552654884063,12.917924028675177],[78.92984286836959,12.922585841539492],[78.93299158291639,12.915024659693875],[78.96843331079245,12.929467804762584],[78.9997447332142,12.93348964852038],[78.9968436859879,12.928823749983584],[79.0423971794854,12.92004129320878],[79.08475983104262,12.937994600704902],[79.14839365158494,12.939823404179872],[79.17566599067277,12.955724272531167],[79.20364991494155,12.951952918060702],[79.23718935330402,12.956415460069122],[79.26782024889741,12.940176365702346],[79.26594719954628,12.98745013825945],[79.2941380004351,13.049847654227078],[79.26476010464441,13.11002278660828],[79.22880715901483,13.156967679548382]]]}},{"type":"Feature","properties":{"id":"t:05714","name":"Wallajah","taluk":"Wallajah","district":"Vellore","state":"Tamil Nadu","sdtcode":"05714","dtcode":"605"},"geometry":{"type":"Polygon","coordinates":[[[79.23980879485843,13.171990468672341],[79.22880715901483,13.156967679548382],[79.26476010464441,13.11002278660828],[79.29451222151448,13.047221887206893],[79.28479826493512,13.037750196445128],[79.27806626953469,13.00736731844043],[79.26594719954628,12.98745013825945],[79.26782024889741,12.940176365702346],[79.24161260116915,12.955346952657857],[79.21670104902103,12.954985976865196],[79.20997231989496,12.938550529481276],[79.18810512051544,12.92599646828438],[79.19159884831846,12.912798565739681],[79.19959617200053,12.909384221336358],[79.21085934964415,12.918225691228564],[79.23100443460655,12.921635396012096],[79.23914383313902,12.917103420525974],[79.24867060866092,12.924594979098844],[79.27582816551335,12.918454131446973],[79.27003254791391,12.895135277096411],[79.24059031478257,12.89619077780518],[79.23445160632161,12.902037093864225],[79.23451683748598,12.893006950381343],[79.22287905967396,12.891619414841708],[79.22773492450183,12.880427150123005],[79.24261604090107,12.873320785846412],[79.23575271809429,12.853482747781118],[79.2609633526382,12.850387465100367],[79.26556302693018,12.84417046550755],[79.2727388035557,12.867887812179374],[79.2820464674034,12.873527320254901],[79.30876068140859,12.871809279930659],[79.31084664585511,12.857134711556446],[79.31907653527941,12.864313796704542],[79.31833077549011,12.882279089734151],[79.30966058491414,12.883198870638969],[79.31227296032053,12.90028809378174],[79.2998241951481,12.901364863018843],[79.31686411229542,12.909405266622324],[79.31969992656074,12.919407728892315],[79.34833203201943,12.90648205724709],[79.36599253051784,12.88137274844676],[79.38266410605935,12.870480800280676],[79.42768654430698,12.88278758651328],[79.45706225898819,12.877352374767927],[79.45951668631312,12.902371996293395],[79.44092494837709,12.91257777921354],[79.43984881517575,12.938687599811669],[79.45186689925488,12.956911981330194],[79.46015734590911,12.95795800861854],[79.45905936118848,12.968154483869842],[79.47255392974333,12.97162096909028],[79.47370661916982,12.9848673740134],[79.45927444661359,12.991285495583991],[79.46660860071529,12.9956263767358],[79.45829249997315,13.028263830207331],[79.43017383469996,13.023511890853959],[79.42923834353613,13.046055495532913],[79.42455057865072,13.048370377162522],[79.42707951314361,13.061277664820887],[79.43730899040665,13.060204388374041],[79.4402616386595,13.051246017268623],[79.47049536660792,13.056574578998369],[79.45141228434746,13.079408786273778],[79.4387070133305,13.083072898370503],[79.45059756897861,13.098969501504742],[79.4436302293468,13.114043959333259],[79.43408017308599,13.111524300860086],[79.4289445001151,13.116532946743295],[79.45166948189478,13.121155495555861],[79.45249234588157,13.127907371018374],[79.43857930433813,13.125095353676553],[79.41874595993217,13.149988103222217],[79.41147139557482,13.136746978033115],[79.4132809924259,13.118781757942083],[79.40409059645202,13.115334430854409],[79.4015809981956,13.104243809054164],[79.40411645086418,13.09978731377309],[79.420305653556,13.103843727706883],[79.41671983496165,13.08466347002208],[79.37947610728689,13.080151241286838],[79.35146493801383,13.062523716706043],[79.33491503927758,13.06058713787634],[79.32470028091049,13.077714140396306],[79.29759724730422,13.087943838573377],[79.27780017776774,13.155842386850871],[79.26205850676735,13.149074546406851],[79.26033804704703,13.159595196835493],[79.25324460371222,13.160287753449726],[79.25406325100705,13.146164806563572],[79.2452440236372,13.138308824140836],[79.24015571433968,13.144398878126017],[79.24493088979379,13.148852916406947],[79.23980879485843,13.171990468672341]]]}},{"type":"Feature","properties":{"id":"t:05715","name":"Arakonam","taluk":"Arakonam","district":"Vellore","state":"Tamil Nadu","sdtcode":"05715","dtcode":"605"},"geometry":{"type":"Polygon","coordinates":[[[79.6569524043835,13.210397312830718],[79.64431640605135,13.191665116482763],[79.6449151089337,13.179087330493598],[79.63006347075051,13.1728961982815],[79.6345502339978,13.147668326204723],[79.58893616979559,13.147303756829672],[79.59925407991012,13.13170836934299],[79.59690329481282,13.123179803009192],[79.57087781464436,13.121918856310876],[79.56842572473582,13.137528662096315],[79.53254408288194,13.136514428923425],[79.52248068884357,13.139253804414944],[79.52261235401646,13.144216269595189],[79.500273214821,13.136129830849297],[79.48265553092735,13.139945887472686],[79.4816820428236,13.12819103889819],[79.47415597354293,13.127154516458893],[79.47525488622324,13.107697614544856],[79.46451127886861,13.107380539908057],[79.46238608858692,13.095436218771317],[79.44198317366326,13.093412787254614],[79.4387070133305,13.083072898370503],[79.45141228434746,13.079408786273778],[79.45975646462873,13.063728103029918],[79.47069071245298,13.061261272042245],[79.47049536660792,13.056574578998369],[79.44268650332673,13.051236445310535],[79.43730899040665,13.060204388374041],[79.42707951314361,13.061277664820887],[79.42455057865072,13.048370377162522],[79.42923834353613,13.046055495532913],[79.43017383469996,13.023511890853959],[79.45829249997315,13.028263830207331],[79.46660860071529,12.9956263767358],[79.45927444661359,12.991285495583991],[79.47370661916982,12.9848673740134],[79.47255392974333,12.97162096909028],[79.45905936118848,12.968154483869842],[79.46015734590911,12.95795800861854],[79.45186689925488,12.956911981330194],[79.43984881517575,12.938687599811669],[79.44092494837709,12.91257777921354],[79.45951668631312,12.902371996293395],[79.45706225898819,12.877352374767927],[79.50059485660847,12.8720401506664],[79.50858493268287,12.85721517587117],[79.53913669478457,12.862967216302161],[79.55958240724499,12.853586225920825],[79.56709846120857,12.859481644534645],[79.55697134337893,12.8849333651395],[79.56409784022462,12.88601092638067],[79.5682362350081,12.899602264734884],[79.66304088803689,12.930466566704498],[79.65884601167993,12.950615315619237],[79.70099416171695,12.976332376958952],[79.73406003161777,12.986819951732425],[79.74860268347925,13.003720833032112],[79.78985065871952,13.024600426437779],[79.78610730706536,13.039097771858405],[79.79155552997473,13.053774577293272],[79.77904885760246,13.053697730245014],[79.77585048778005,13.062848529530399],[79.7620666724835,13.051815089550646],[79.74767714385213,13.049612646255056],[79.7371810070869,13.061038091948928],[79.71857675112742,13.053764290475199],[79.72573708211993,13.067993620210839],[79.73808202001183,13.065557211290624],[79.74160449749719,13.076036452188797],[79.73629263974624,13.09514726338828],[79.70143711469535,13.099443924767378],[79.70219211725059,13.110828328436737],[79.7188770929612,13.10493863995794],[79.7240551610236,13.116701045006382],[79.73601694678555,13.11791205268165],[79.73650462598363,13.166970936188662],[79.69482805104657,13.159071521012196],[79.69178444028638,13.177267724283064],[79.70075644144164,13.181215423966897],[79.70072268904147,13.191673491754115],[79.6701034472922,13.183274027105885],[79.67147711509209,13.203819374484759],[79.6569524043835,13.210397312830718]]]}},{"type":"Feature","properties":{"id":"t:05716","name":"Arcot","taluk":"Arcot","district":"Vellore","state":"Tamil Nadu","sdtcode":"05716","dtcode":"605"},"geometry":{"type":"Polygon","coordinates":[[[79.24915722335538,12.924566300237135],[79.23914383313902,12.917103420525974],[79.23100443460655,12.921635396012096],[79.21180401260703,12.918577966197864],[79.19959617200053,12.909384221336358],[79.18632019679198,12.918566702764716],[79.19129813907371,12.90810726169448],[79.20579619047962,12.904890000434499],[79.2108700090533,12.895248180280621],[79.19959953349634,12.889186199810396],[79.19547312044209,12.894411930182388],[79.19256915369115,12.888383532067403],[79.19399374608614,12.87528085175042],[79.18397554718806,12.860752668213735],[79.17816308438043,12.820068403040123],[79.19080301733354,12.809955375290496],[79.19545896119661,12.792494887884784],[79.20865727255728,12.78477660426806],[79.23809566808572,12.79768272221551],[79.24017292336556,12.808632905412205],[79.25228747482812,12.808156823351759],[79.25021639097429,12.823938220365509],[79.26171921757611,12.81875057873697],[79.26161944798571,12.794760477436343],[79.28777305755808,12.779187102195863],[79.28358832857056,12.763416673176067],[79.28945358536741,12.752910605758675],[79.34334790124369,12.731577148902183],[79.34777442526467,12.713033608272566],[79.33890479252595,12.701263267266736],[79.34508804574688,12.69492757156994],[79.35770116219213,12.696840676415698],[79.35560485095014,12.718986774519664],[79.36681990314902,12.714219286409993],[79.36542015276488,12.71953884199019],[79.37989466651372,12.726228236404681],[79.3797428449425,12.733509377225316],[79.39048373219845,12.726232491460527],[79.39543321136041,12.72941856979838],[79.39233833105199,12.713961570692383],[79.38003248784123,12.707806165669254],[79.39491002175915,12.689871693960338],[79.35332583944736,12.668276071344959],[79.36052944498209,12.667106065638425],[79.36239441847884,12.651789044624927],[79.35177671899443,12.64640526257822],[79.36928962159672,12.632264401129188],[79.38406734819499,12.628806959477538],[79.40986623641781,12.65612658409168],[79.45093576402184,12.67121877884485],[79.45896838879965,12.686890628875993],[79.45494894263788,12.6991355422968],[79.46542230441571,12.700578609971796],[79.46257831548128,12.716999385127439],[79.47528574694653,12.731435290078327],[79.45334560616259,12.740296356055191],[79.45852825653127,12.753623138556739],[79.46748504112392,12.756689109210154],[79.4691248285385,12.770825950183484],[79.45976290554931,12.783397994809775],[79.46225932013066,12.798565076543158],[79.47641627583327,12.799563530182265],[79.47711006359181,12.80716524942325],[79.45732171490012,12.810502894231032],[79.45695948543148,12.844232813771002],[79.47284860769923,12.85134597054092],[79.47259073731377,12.87564337890655],[79.42768654430698,12.88278758651328],[79.38266410605935,12.870480800280676],[79.36599253051784,12.88137274844676],[79.34833203201943,12.90648205724709],[79.31969992656074,12.919407728892315],[79.31686411229542,12.909405266622324],[79.2998241951481,12.901364863018843],[79.31227296032053,12.90028809378174],[79.30966058491414,12.883198870638969],[79.31833077549011,12.882279089734151],[79.31907653527941,12.864313796704542],[79.31084664585511,12.857134711556446],[79.30876068140859,12.871809279930659],[79.2820464674034,12.873527320254901],[79.2727388035557,12.867887812179374],[79.26556302693018,12.84417046550755],[79.2609633526382,12.850387465100367],[79.23575271809429,12.853482747781118],[79.24261604090107,12.873320785846412],[79.22243083088988,12.887877317301271],[79.23451683748598,12.893006950381343],[79.23445160632161,12.902037093864225],[79.24059031478257,12.89619077780518],[79.27027204326025,12.89535229529887],[79.27619692842904,12.918015855996662],[79.24915722335538,12.924566300237135]]]}},{"type":"Feature","properties":{"id":"t:05717","name":"Vellore","taluk":"Vellore","district":"Vellore","state":"Tamil Nadu","sdtcode":"05717","dtcode":"605"},"geometry":{"type":"Polygon","coordinates":[[[79.18333386800418,12.955686567008078],[79.16697946872489,12.954640961776603],[79.14839365158494,12.939823404179872],[79.08475983104262,12.937994600704902],[79.04359041616888,12.920168299371033],[78.9968436859879,12.928823749983584],[78.9997447332142,12.93348964852038],[78.96843331079245,12.929467804762584],[78.91786167450593,12.910713053202926],[78.90601336752391,12.88895471525788],[78.90814008045005,12.875576526693711],[78.90174095308318,12.870890326840499],[78.9036640889013,12.849223237291282],[78.89969892613554,12.856893277295253],[78.87778204902251,12.85588180118367],[78.88024156350687,12.840569304390126],[78.86528184092701,12.82677972018319],[78.86530985309253,12.818635368112387],[78.8399563989949,12.815225051942482],[78.83266039454669,12.819779661382436],[78.80739783827768,12.805220863078318],[78.80288785088533,12.74574653498148],[78.79738580361906,12.73031939233255],[78.78602393705837,12.741171776709107],[78.78139585264718,12.706165511369644],[78.7869561233203,12.695410777523033],[78.77386290047481,12.698312096309692],[78.76836468631987,12.680475275536777],[78.7759100064971,12.66671145561812],[78.80861220423495,12.636255030605286],[78.83761959617495,12.643483453758652],[78.86573644235972,12.6316989757448],[78.896257782116,12.68996692320624],[78.8972381414333,12.679177770641926],[78.91182651484777,12.687343417757958],[78.92753040270733,12.675919803383605],[78.94990882882345,12.686445565392487],[78.94790001798172,12.67989706328197],[78.97144463879631,12.666904904317976],[78.98102149719196,12.673744166054338],[78.97899869508967,12.680140281836259],[78.99536103457777,12.706062779908711],[79.02380434829969,12.692651024016875],[79.01212712276862,12.657308932866133],[79.02652086090539,12.679815447882918],[79.02390673198758,12.689087414742717],[79.02977581021766,12.689241027492296],[79.04263620770779,12.71154822918727],[79.05703761476215,12.718090291375376],[79.05691522649124,12.730376274741296],[79.06462353699361,12.73873202676968],[79.05975751042324,12.738472642248006],[79.07343483134116,12.755942934093255],[79.07796017902655,12.749096009119894],[79.08972969208004,12.758558177280982],[79.13200855777069,12.76244332559151],[79.15918824102687,12.752805744897096],[79.1610972481422,12.772935952171862],[79.17167224800622,12.760537102456576],[79.17396073943017,12.741540036132378],[79.18902031424547,12.748317697338377],[79.20755358712782,12.741980975211398],[79.21385935528215,12.760843242574781],[79.20865727255728,12.78477660426806],[79.19545896119661,12.792494887884784],[79.19080301733354,12.809955375290496],[79.17785551380356,12.82508072896414],[79.19464351998901,12.89290709451085],[79.19959953349634,12.889186199810396],[79.2108700090533,12.895248180280621],[79.20579619047962,12.904890000434499],[79.19129813907371,12.90810726169448],[79.18810512051544,12.92599646828438],[79.20997231989496,12.938550529481276],[79.21670104902103,12.954985976865196],[79.18333386800418,12.955686567008078]]]}},{"type":"Feature","properties":{"id":"t:05718","name":"Vaniyambadi","taluk":"Vaniyambadi","district":"Vellore","state":"Tamil Nadu","sdtcode":"05718","dtcode":"605"},"geometry":{"type":"Polygon","coordinates":[[[78.5809117744237,12.771276078375191],[78.55593661436691,12.75651686931868],[78.5583146148241,12.749985914788898],[78.56313093491484,12.752264455633227],[78.55528829842973,12.739320136764505],[78.56379295555003,12.73638010500452],[78.55427666965568,12.71840294704779],[78.56155740903226,12.709849195175462],[78.54087962759796,12.690720543431096],[78.53470635825312,12.691419010768097],[78.5292584641271,12.709161153057337],[78.54425194270044,12.710983248717536],[78.53749170426745,12.717032784497734],[78.52504365864556,12.715464419286633],[78.52089639838853,12.736176263835182],[78.5138936301002,12.725317177882994],[78.51380217531606,12.734514584050405],[78.49313826297144,12.7471947392366],[78.49265872969637,12.735687939500666],[78.50594398809507,12.72257020262999],[78.52021299784961,12.718730151972158],[78.51998560909837,12.712059095375189],[78.51175151016865,12.707743867859348],[78.50304169041387,12.716815289367016],[78.50190597645133,12.704494203248062],[78.49654797943079,12.703298401972138],[78.50741327077716,12.691453073404562],[78.49975627294212,12.676186680301953],[78.4844731299105,12.671706771312643],[78.46787173255565,12.675938732313181],[78.47048614623941,12.650609652154627],[78.49105738029449,12.645336380400162],[78.50087617835233,12.626032500063257],[78.53762713068645,12.604398391023745],[78.57455931543417,12.612349491438525],[78.57582492488848,12.635336851518082],[78.58463731068912,12.641774411425594],[78.59866213409494,12.629952944517509],[78.6009922911784,12.615205438112374],[78.62696575170536,12.630731948017544],[78.63403927939028,12.628363586391684],[78.63806103062909,12.61615138119621],[78.6764655137033,12.621385576260133],[78.69794041520494,12.594398381022783],[78.6896061388497,12.57253414031933],[78.70012498951685,12.558195050604311],[78.68174029169423,12.539890008850573],[78.67085042513662,12.53857670116183],[78.65884463360385,12.552083214378024],[78.65229671468323,12.543351788769382],[78.62336777082037,12.540613806237905],[78.62470311379526,12.517409840789217],[78.64262408689517,12.511551790186838],[78.63581086043682,12.499023866353086],[78.66922807671666,12.493294462930429],[78.65876395321322,12.459235137557366],[78.66504488923816,12.449241259773142],[78.67213639221194,12.447934060930459],[78.6823940657951,12.456989724343636],[78.70046241560217,12.483376244538679],[78.71113646011615,12.478369869980686],[78.72036673589874,12.463072091811531],[78.73828996826157,12.494992755554598],[78.75632123651205,12.495520666483102],[78.76153916641687,12.501357242934388],[78.76835005725546,12.528175741065684],[78.80403858108617,12.532992475560985],[78.80573870654177,12.557683999546654],[78.81388107849784,12.562956059213217],[78.81309559969827,12.57663249226134],[78.83501452407182,12.614647571907135],[78.83021416704366,12.618050063825084],[78.83352352731268,12.642673765709914],[78.80861220423495,12.636255030605286],[78.78760667965578,12.651064136669845],[78.76207527019866,12.684047623837783],[78.74212476751335,12.675981312320749],[78.71536615068197,12.685884899680229],[78.71072407411195,12.69365565468227],[78.69603420274848,12.691603342264045],[78.70573856172732,12.708183293575592],[78.71750236419054,12.712581742311388],[78.71112238351563,12.714870743019983],[78.69292368995748,12.714134561560918],[78.69361260076234,12.70796056630557],[78.67241955196928,12.719146474182999],[78.65742130513847,12.701372955245278],[78.64452862219703,12.705161301692812],[78.64881508718709,12.711163160872408],[78.64311647506194,12.72169429802972],[78.63189196450143,12.70836622309184],[78.63031267412968,12.69591906724912],[78.60926189601973,12.687936706978853],[78.6202721772496,12.719412154319254],[78.61616060526218,12.727583471589996],[78.63067683138291,12.721143295527574],[78.63509205100436,12.725771276638723],[78.6135635578095,12.736337918897263],[78.59150989512646,12.768550162751158],[78.5809117744237,12.771276078375191]]]}},{"type":"Feature","properties":{"id":"t:05719","name":"Ambur","taluk":"Ambur","district":"Vellore","state":"Tamil Nadu","sdtcode":"05719","dtcode":"605"},"geometry":{"type":"Polygon","coordinates":[[[78.91794881288511,12.910131969285102],[78.89988796850223,12.90733189072438],[78.88738789695064,12.893801003399062],[78.84527283635713,12.877288952339496],[78.82411786804728,12.860228466890758],[78.78255473865251,12.847335691264323],[78.77319139273195,12.833633222161291],[78.74914279009352,12.817749591717742],[78.73411065791184,12.830485104224575],[78.73732932965969,12.842521871334032],[78.73038065073123,12.865692165325921],[78.71866134721391,12.864742627337934],[78.71624881192398,12.850223628736597],[78.71204071326429,12.859844606145348],[78.65392104299006,12.865367124873476],[78.60287824123533,12.844780237113262],[78.60773081822927,12.821946008008906],[78.6003610064007,12.818466292286647],[78.60113630908475,12.803722739082643],[78.5930396308339,12.798276751748787],[78.59249357910869,12.782719673383],[78.57584207372727,12.77170124071279],[78.59150989512646,12.768550162751158],[78.6088026296358,12.740680942932661],[78.63509205100436,12.725771276638723],[78.63067683138291,12.721143295527574],[78.61616060526218,12.727583471589996],[78.6202721772496,12.719412154319254],[78.60926189601973,12.687936706978853],[78.63031267412968,12.69591906724912],[78.63189196450143,12.70836622309184],[78.64311647506194,12.72169429802972],[78.64769110701877,12.70263466724458],[78.65742130513847,12.701372955245278],[78.67241955196928,12.719146474182999],[78.69361260076234,12.70796056630557],[78.69292368995748,12.714134561560918],[78.71112238351563,12.714870743019983],[78.71750236419054,12.712581742311388],[78.70573856172732,12.708183293575592],[78.69603420274848,12.691603342264045],[78.71072407411195,12.69365565468227],[78.71536615068197,12.685884899680229],[78.74212476751335,12.675981312320749],[78.76207527019866,12.684047623837783],[78.76861820975766,12.68118169016085],[78.77386290047481,12.698312096309692],[78.7869561233203,12.695410777523033],[78.78139585264718,12.706165511369644],[78.78602393705837,12.741171776709107],[78.79738580361906,12.73031939233255],[78.80288785088533,12.74574653498148],[78.80739783827768,12.805220863078318],[78.83266039454669,12.819779661382436],[78.8399563989949,12.815225051942482],[78.86530985309253,12.818635368112387],[78.86528184092701,12.82677972018319],[78.88024156350687,12.840569304390126],[78.87778204902251,12.85588180118367],[78.89969892613554,12.856893277295253],[78.9036640889013,12.849223237291282],[78.90174095308318,12.870890326840499],[78.90814008045005,12.875576526693711],[78.90601336752391,12.88895471525788],[78.91794881288511,12.910131969285102]]]}},{"type":"Feature","properties":{"id":"t:05720","name":"Tirupathur","taluk":"Tirupathur","district":"Vellore","state":"Tamil Nadu","sdtcode":"05720","dtcode":"605"},"geometry":{"type":"Polygon","coordinates":[[[78.48167410974091,12.648268940395644],[78.4706175122733,12.64489226026453],[78.47169431471953,12.632087615215365],[78.4649401192535,12.624076566412478],[78.42703937276306,12.635290335108678],[78.40670453037498,12.620025841837153],[78.40966408577405,12.58823404270099],[78.42120138971649,12.570275663771126],[78.41302219671526,12.51714778672043],[78.41981981764046,12.508220357212023],[78.41551058125624,12.488273723685705],[78.45014448743497,12.449410658068961],[78.44789337491,12.441357086891442],[78.45553733908855,12.428541597340327],[78.43579666668393,12.39387098437473],[78.45874725495732,12.385001964134553],[78.46473145229108,12.39190630760144],[78.49011486430511,12.38690729971157],[78.49606228191621,12.412165621122664],[78.50854953630531,12.398808335398815],[78.51404068700715,12.407199375518076],[78.52565006997136,12.398621026089133],[78.56748120723957,12.389047337324403],[78.58448439407157,12.360662023640545],[78.61720950244245,12.347322975225687],[78.61116970298585,12.330061684991147],[78.60454997274144,12.33181029574491],[78.58829335687741,12.312816314278622],[78.59272513334788,12.307424796158918],[78.59836447912214,12.313278584665408],[78.60941495636774,12.309826489214126],[78.61306082464388,12.294197327794826],[78.60416358937141,12.279258736366133],[78.60367324756682,12.262711791004632],[78.62368308128173,12.26487331041488],[78.64138247952688,12.282224565483707],[78.63515870150688,12.261275594787163],[78.65123888914736,12.258892739245011],[78.67557504879645,12.269809574866388],[78.69390049194627,12.294113242746704],[78.70997229201697,12.304183554276802],[78.72913925446707,12.373885487190941],[78.74783239333406,12.381665524217812],[78.7606448683987,12.402167582103894],[78.7693956962462,12.435043339053827],[78.75852533660495,12.442790072961113],[78.77246194904312,12.460897362211577],[78.77751689670764,12.45984620578236],[78.77466931181715,12.485372530394013],[78.78205662821736,12.484399004050744],[78.78978347276066,12.4998997759846],[78.79819747639404,12.497321664972896],[78.81767525144089,12.529325894348986],[78.8583036532398,12.633533583463091],[78.84435776030645,12.64192065646221],[78.83067956353112,12.640752457426215],[78.83021416704366,12.618050063825084],[78.83501452407182,12.614647571907135],[78.81309559969827,12.57663249226134],[78.81388107849784,12.562956059213217],[78.80562381201693,12.557110032485681],[78.80841619812816,12.540876025863659],[78.80144954121593,12.529592936250136],[78.76835005725546,12.528175741065684],[78.76153916641687,12.501357242934388],[78.75632123651205,12.495520666483102],[78.73828996826157,12.494992755554598],[78.72036673589874,12.463072091811531],[78.71113646011615,12.478369869980686],[78.70046241560217,12.483376244538679],[78.6715476354764,12.447897958969252],[78.65876840526377,12.458652137068626],[78.66922807671666,12.493294462930429],[78.63581086043682,12.499023866353086],[78.6430610768567,12.510688448675158],[78.62470311379526,12.517409840789217],[78.62062585026518,12.536414909683028],[78.65229671468323,12.543351788769382],[78.65512716241304,12.55197512397762],[78.66447141104899,12.551693795156071],[78.67085042513662,12.53857670116183],[78.69486841678344,12.54942369174814],[78.70089398782424,12.56035980782808],[78.68961545437917,12.573008700368387],[78.69826675607969,12.593141780900124],[78.680187868136,12.61810810827994],[78.67168428180754,12.623338853345247],[78.67038087124607,12.617323404238885],[78.63806103062909,12.61615138119621],[78.6311722513638,12.631034750397891],[78.6009922911784,12.615205438112374],[78.59866213409494,12.629952944517509],[78.58463731068912,12.641774411425594],[78.57582492488848,12.635336851518082],[78.57455931543417,12.612349491438525],[78.53762713068645,12.604398391023745],[78.50087617835233,12.626032500063257],[78.49213400397598,12.644535917551002],[78.48167410974091,12.648268940395644]]]}},{"type":"Feature","properties":{"id":"t:05721","name":"Arani","taluk":"Arani","district":"Tiruvannamalai","state":"Tamil Nadu","sdtcode":"05721","dtcode":"606"},"geometry":{"type":"Polygon","coordinates":[[[79.25101343558315,12.823468625319443],[79.25228747482812,12.808156823351759],[79.24017292336556,12.808632905412205],[79.23809566808572,12.79768272221551],[79.20864560254341,12.78476726300625],[79.21385935528215,12.760843242574781],[79.20755358712782,12.741980975211398],[79.18902031424547,12.748317697338377],[79.17396073943017,12.741540036132378],[79.17167224800622,12.760537102456576],[79.1610972481422,12.772935952171862],[79.15959351596732,12.75290059130865],[79.13200855777069,12.76244332559151],[79.10718537020212,12.75985725566342],[79.1094926768397,12.753340138552897],[79.10235109817873,12.74731667380054],[79.1197180505985,12.744238723484028],[79.12666913072368,12.728868870388125],[79.14392561461801,12.722637053351965],[79.1407941836573,12.699973255900337],[79.12714469614016,12.68411682378355],[79.1288934734532,12.676240805341259],[79.16423092039956,12.68194920104217],[79.15906581861996,12.667662587642392],[79.16559533824693,12.667018297837435],[79.19011665954069,12.679860795811974],[79.18665047677925,12.684846178324415],[79.19893168818489,12.684725793011955],[79.20753687217534,12.69262259042051],[79.21544080161061,12.681328809161377],[79.20587270628059,12.673048283025313],[79.19486236935516,12.673934714576616],[79.1890443729254,12.665152957603341],[79.20807146229585,12.666700173925342],[79.20201333361425,12.652600462905133],[79.22682159567435,12.655693763155744],[79.24166563411026,12.645385016172087],[79.22446844351626,12.621102358168379],[79.242384395932,12.598946386387558],[79.25005353090486,12.568117482671987],[79.26026261461429,12.559566417612753],[79.28448247657005,12.558373776145402],[79.28983503249492,12.553358741157231],[79.28752595887117,12.53826217787894],[79.29278929412203,12.537409688773192],[79.2907963331552,12.52619114311898],[79.27756325789137,12.532586390718668],[79.26304996027845,12.508644193897496],[79.24771362260898,12.514928634462525],[79.24562463802646,12.523141169096377],[79.23842882986841,12.519995533364469],[79.23903340952936,12.490415229500618],[79.24745673138719,12.483139386885108],[79.25771558715326,12.48731009453158],[79.2662802705991,12.498048187424175],[79.26452667202793,12.508423358376742],[79.28270087481651,12.510084663734066],[79.29189375642878,12.50413984509006],[79.2891777504729,12.486300946343855],[79.31337679397195,12.485548551514304],[79.3245101470907,12.497392686033232],[79.32333877090967,12.506159413746285],[79.31677301234583,12.498163885841779],[79.30513746055907,12.502751714649364],[79.31435118757749,12.541406613003145],[79.30038738044072,12.544426584461709],[79.30072188430644,12.549063892166636],[79.32639844354716,12.574873059668365],[79.32522167388115,12.592472491619136],[79.3308215782246,12.593463362006863],[79.3380523326438,12.613192968999906],[79.3257916333694,12.619378262017682],[79.31334377010549,12.616871608818798],[79.3163382987152,12.642611855176597],[79.32343558594111,12.64100893680006],[79.32493498194812,12.645998956644531],[79.31621526725053,12.6571018729607],[79.32259351417694,12.662359658969484],[79.3284966152001,12.649796170376204],[79.34508030855734,12.644433928197047],[79.36239441847884,12.651789044624927],[79.36052944498209,12.667106065638425],[79.35374455677771,12.66995290489128],[79.39491002175915,12.689871693960338],[79.38003248784123,12.707806165669254],[79.39233833105199,12.713961570692383],[79.39543321136041,12.72941856979838],[79.39048373219845,12.726232491460527],[79.3797428449425,12.733509377225316],[79.37989466651372,12.726228236404681],[79.36542015276488,12.71953884199019],[79.36681990314902,12.714219286409993],[79.35560485095014,12.718986774519664],[79.35770116219213,12.696840676415698],[79.34508804574688,12.69492757156994],[79.33890479252595,12.701263267266736],[79.34777442526467,12.713033608272566],[79.34334790124369,12.731577148902183],[79.28945358536741,12.752910605758675],[79.28358832857056,12.763416673176067],[79.28777305755808,12.779187102195863],[79.26201120058619,12.794159558549893],[79.26171921757611,12.81875057873697],[79.25101343558315,12.823468625319443]]]}},{"type":"Feature","properties":{"id":"t:05722","name":"Cheyyar","taluk":"Cheyyar","district":"Tiruvannamalai","state":"Tamil Nadu","sdtcode":"05722","dtcode":"606"},"geometry":{"type":"Polygon","coordinates":[[[79.48979966619362,12.87217461973002],[79.47252112955735,12.874301083871822],[79.47284860769923,12.85134597054092],[79.45695948543148,12.844232813771002],[79.45732171490012,12.810502894231032],[79.47711006359181,12.80716524942325],[79.47641627583327,12.799563530182265],[79.46202868756292,12.7974578696574],[79.45976290554931,12.783397994809775],[79.4691248285385,12.770825950183484],[79.46748504112392,12.756689109210154],[79.45852825653127,12.753623138556739],[79.45334560616259,12.740296356055191],[79.47528574694653,12.731435290078327],[79.46257831548128,12.716999385127439],[79.46513207401877,12.69997759201917],[79.45494894263788,12.6991355422968],[79.45896838879965,12.686890628875993],[79.4528605293839,12.673654342685717],[79.42675386936158,12.65813531792516],[79.40986623641781,12.65612658409168],[79.38287536645797,12.628305297066815],[79.35177671899443,12.64640526257822],[79.32894310843902,12.64955219186439],[79.31899856420772,12.663122699605308],[79.31670914931564,12.651059197558796],[79.32493498194812,12.645998956644531],[79.32343558594111,12.64100893680006],[79.3163382987152,12.642611855176597],[79.31334377010549,12.616871608818798],[79.32864964500537,12.618529113835208],[79.34322521652874,12.610558730625657],[79.34193299897565,12.603688642206846],[79.34872572857417,12.598401459734593],[79.37125528186377,12.604888775540863],[79.37533702259725,12.615040059385723],[79.3818809889306,12.615008422702711],[79.38210596031543,12.593124117936078],[79.4144786110913,12.597912605775905],[79.42254033230117,12.595967939417664],[79.4238820955354,12.585703510467855],[79.44159667980045,12.582201693567638],[79.45963771902628,12.593627122239603],[79.4656314295189,12.574262916052623],[79.47831235439506,12.562552508264568],[79.4794845543312,12.548400915422928],[79.49110580673525,12.558154311618788],[79.48654211446195,12.569929972753648],[79.49042173156157,12.582249039372588],[79.49904776185649,12.583235497165287],[79.51038930133898,12.575046595431653],[79.51257474522005,12.564765207375899],[79.53175445206908,12.570354660984345],[79.54615419364694,12.561586794463368],[79.56810017527687,12.564824213465291],[79.56883931717746,12.551292381828938],[79.5843046214807,12.539028931619574],[79.60003691856113,12.556838655142572],[79.59954376862294,12.565136817412576],[79.61834380072055,12.561603757270182],[79.61964567156963,12.56795393851617],[79.62726054290943,12.567339412042697],[79.6454056169266,12.545540445348346],[79.65884368145008,12.54121387100515],[79.6777649196357,12.558051457532637],[79.69153924423127,12.554749192843882],[79.68998823102801,12.571237402051588],[79.70600527608715,12.572629888491418],[79.71573057838856,12.581187178586319],[79.7248818230874,12.579010096950174],[79.72456755018018,12.587425821993278],[79.69077796784202,12.601162052350512],[79.66576191377858,12.593433517271603],[79.64562624585531,12.603116729453038],[79.64539777912574,12.625236113404428],[79.63027069681517,12.631053459130403],[79.63113148857157,12.63834815807868],[79.64653353620744,12.670423609386765],[79.68244510094343,12.668018824436961],[79.74143390562809,12.694449391481076],[79.73641785321875,12.719322979746728],[79.7131209688949,12.728339075326991],[79.74143831096626,12.734660598805753],[79.7447852055428,12.74389723459163],[79.73106946727343,12.75601498468937],[79.7093049965349,12.758734309325623],[79.70745093667051,12.777866410653962],[79.69690532069947,12.77628747467614],[79.67741118283972,12.790230347619117],[79.67050311674527,12.787682476813822],[79.67039551204898,12.777779987368943],[79.65728500022755,12.774726456918478],[79.65448873069934,12.764200549170027],[79.64615040204382,12.772521859517399],[79.65015288621642,12.782523545513136],[79.63529285507352,12.786420238711058],[79.64287842247042,12.802613732798418],[79.63502228610318,12.81730279175621],[79.59632473485406,12.828920766886739],[79.53913669478457,12.862967216302161],[79.50858493268287,12.85721517587117],[79.50059485660847,12.8720401506664],[79.48979966619362,12.87217461973002]]]}},{"type":"Feature","properties":{"id":"t:05723","name":"Vandavasi","taluk":"Vandavasi","district":"Tiruvannamalai","state":"Tamil Nadu","sdtcode":"05723","dtcode":"606"},"geometry":{"type":"Polygon","coordinates":[[[79.37644148956097,12.614827646716414],[79.37125528186377,12.604888775540863],[79.34872572857417,12.598401459734593],[79.3380523326438,12.613192968999906],[79.3308215782246,12.593463362006863],[79.32522167388115,12.592472491619136],[79.32639844354716,12.574873059668365],[79.30320425462662,12.556345833316746],[79.30038738044072,12.544426584461709],[79.3387119565738,12.538554888509264],[79.33652085240811,12.516353752147053],[79.3475894342999,12.511555323548924],[79.3483463781145,12.499945537232628],[79.35448725960009,12.499873926637907],[79.36139373567651,12.463115517589515],[79.35486347134616,12.455309433826795],[79.35763291448504,12.443391129681292],[79.40157016990314,12.435748099874692],[79.41120524901066,12.406807199284879],[79.42056341973688,12.410891719732595],[79.42831879567194,12.400965078461386],[79.43301549340451,12.409999185105063],[79.43835809779269,12.407363045892971],[79.43908023817819,12.389130173191623],[79.4481814215629,12.395826263709637],[79.45109042247275,12.374248178971246],[79.4728249011589,12.36500317240785],[79.48583998764265,12.37466156989408],[79.49321277738639,12.370319676926176],[79.48881303124571,12.349435658913592],[79.49605643574077,12.34517503057265],[79.51787794321164,12.353314387036235],[79.52948924587564,12.370114262712264],[79.59816978820938,12.34824594467081],[79.60810255103573,12.378090833523931],[79.62093478185012,12.374484736617216],[79.62166138596433,12.349531169210264],[79.6382523413023,12.343072347291717],[79.64707098566552,12.358904648095914],[79.66362293974716,12.36810086476581],[79.66751749762653,12.377042076593266],[79.66003838687904,12.379007507576514],[79.669406557651,12.393844727891594],[79.69770494976142,12.40228659579856],[79.6914931381993,12.420977294762523],[79.70727319241516,12.415165365128422],[79.70558375960638,12.430583554185171],[79.71667350670462,12.431614439113623],[79.71778455203116,12.439284101217687],[79.73618882055055,12.42848886327543],[79.73331629034293,12.45412146779934],[79.7494142376766,12.456781482981155],[79.7440543874316,12.472548650701679],[79.74723808507049,12.484181082512029],[79.72198096181233,12.494048418289632],[79.72066786471713,12.50054371803599],[79.74970364072514,12.502889371338165],[79.7561011969386,12.514991608860745],[79.75378299643153,12.524170057987094],[79.71458320070032,12.549626555251674],[79.71688088997449,12.568120387476764],[79.69396918437984,12.57490192896707],[79.69153924423127,12.554749192843882],[79.6777649196357,12.558051457532637],[79.65884368145008,12.54121387100515],[79.6454056169266,12.545540445348346],[79.62726054290943,12.567339412042697],[79.61964567156963,12.56795393851617],[79.61834380072055,12.561603757270182],[79.59954376862294,12.565136817412576],[79.60003691856113,12.556838655142572],[79.5843046214807,12.539028931619574],[79.56883931717746,12.551292381828938],[79.56810017527687,12.564824213465291],[79.54615419364694,12.561586794463368],[79.53175445206908,12.570354660984345],[79.51257474522005,12.564765207375899],[79.51038930133898,12.575046595431653],[79.49796840011003,12.583172317646223],[79.49042173156157,12.582249039372588],[79.48654211446195,12.569929972753648],[79.49110580673525,12.558154311618788],[79.4794845543312,12.548400915422928],[79.47831235439506,12.562552508264568],[79.4656314295189,12.574262916052623],[79.45963771902628,12.593627122239603],[79.44159667980045,12.582201693567638],[79.4238820955354,12.585703510467855],[79.42254033230117,12.595967939417664],[79.4144786110913,12.597912605775905],[79.38210596031543,12.593124117936078],[79.38246999988938,12.613539519552338],[79.37644148956097,12.614827646716414]]]}},{"type":"Feature","properties":{"id":"t:05724","name":"Polur","taluk":"Polur","district":"Tiruvannamalai","state":"Tamil Nadu","sdtcode":"05724","dtcode":"606"},"geometry":{"type":"Polygon","coordinates":[[[79.10718537020212,12.75985725566342],[79.08972969208004,12.758558177280982],[79.07796017902655,12.749096009119894],[79.07343483134116,12.755942934093255],[79.05975751042324,12.738472642248006],[79.06462353699361,12.73873202676968],[79.05691522649124,12.730376274741296],[79.05703761476215,12.718090291375376],[79.04263620770779,12.71154822918727],[79.02977581021766,12.689241027492296],[79.02390673198758,12.689087414742717],[79.02652086090539,12.679815447882918],[79.01212712276862,12.657308932866133],[79.02380434829969,12.692651024016875],[78.9947441758452,12.70600435586837],[78.97899869508967,12.680140281836259],[78.98102149719196,12.673744166054338],[78.97144463879631,12.666904904317976],[78.94790001798172,12.67989706328197],[78.94990882882345,12.686445565392487],[78.92753040270733,12.675919803383605],[78.91182651484777,12.687343417757958],[78.8972381414333,12.679177770641926],[78.89623320061655,12.689956916788695],[78.86573644235972,12.6316989757448],[78.85827609382521,12.633402491215724],[78.83314593305943,12.572510154390544],[78.86258169293085,12.585349543712908],[78.89336423312736,12.559953392625594],[78.89173732845225,12.525965310938185],[78.89730349297193,12.52285089465322],[78.87987265686074,12.504768139568371],[78.87272014660105,12.466784874817144],[78.89277594261746,12.4381565802677],[78.87410943340878,12.421582981367703],[78.89347209474185,12.395557871451825],[78.89303360369547,12.369496997735396],[78.92854869069261,12.385533413522872],[78.92845802912088,12.391797824833384],[78.9411326289591,12.383307163811024],[78.95505833225646,12.394593956994031],[78.96802795500366,12.390467926996472],[78.99870719073914,12.41994120655228],[79.0088141261193,12.414362185282807],[79.03607596479979,12.420135536406516],[79.03007018633963,12.39537432023651],[79.04555593989201,12.397033744691958],[79.0466410095338,12.41258199008304],[79.057267031011,12.415581537160163],[79.05978954793952,12.423735868746299],[79.08127853232988,12.42381729081218],[79.0842010196471,12.408898076410496],[79.1213139867525,12.402687035584167],[79.11856351513408,12.42952972043137],[79.12669855054925,12.436503807810945],[79.13800689009544,12.434528580256],[79.1426143024753,12.426492274686327],[79.13963304916885,12.40031403621929],[79.15388833625912,12.40988139705007],[79.17365234599652,12.412206513819358],[79.1755690678435,12.383871839053219],[79.19211170280238,12.381802952050375],[79.2143269733033,12.405032887655972],[79.22717322861592,12.40197317128172],[79.23171443695595,12.443001743178952],[79.26944260719884,12.44778113545857],[79.3089271015015,12.438723065589338],[79.3252138297921,12.450817089303424],[79.3572190112263,12.443815893556494],[79.35486347134616,12.455309433826795],[79.36139373567651,12.463115517589515],[79.35448725960009,12.499873926637907],[79.3483463781145,12.499945537232628],[79.3475894342999,12.511555323548924],[79.33652085240811,12.516353752147053],[79.33643867183098,12.542468603883263],[79.3200460941521,12.544553628073709],[79.3131786660445,12.538762303741928],[79.30513746055907,12.502751714649364],[79.31677301234583,12.498163885841779],[79.32325593725731,12.506326626157122],[79.32468934302356,12.498662786163909],[79.31400228102284,12.485865145754513],[79.2891777504729,12.486300946343855],[79.29189375642878,12.50413984509006],[79.28270087481651,12.510084663734066],[79.26452667202793,12.508423358376742],[79.2662802705991,12.498048187424175],[79.25771558715326,12.48731009453158],[79.24745673138719,12.483139386885108],[79.23903340952936,12.490415229500618],[79.23842882986841,12.519995533364469],[79.24562463802646,12.523141169096377],[79.24771362260898,12.514928634462525],[79.26304996027845,12.508644193897496],[79.27756325789137,12.532586390718668],[79.2907963331552,12.52619114311898],[79.28983503249492,12.553358741157231],[79.258725670825,12.560062900117888],[79.2498877656838,12.56837502553313],[79.242384395932,12.598946386387558],[79.22427077462788,12.621935290247047],[79.24057478021636,12.640147400382407],[79.23855318365321,12.649728432774687],[79.22029054531814,12.656757852283953],[79.20201333361425,12.652600462905133],[79.20950356011507,12.66610144679729],[79.1890443729254,12.665152957603341],[79.19486236935516,12.673934714576616],[79.20587270628059,12.673048283025313],[79.21544080161061,12.681328809161377],[79.20877701349305,12.6918710843653],[79.18665047677925,12.684846178324415],[79.19011665954069,12.679860795811974],[79.16559533824693,12.667018297837435],[79.15906581861996,12.667662587642392],[79.16423092039956,12.68194920104217],[79.1288934734532,12.676240805341259],[79.12714469614016,12.68411682378355],[79.1407941836573,12.699973255900337],[79.14392561461801,12.722637053351965],[79.12666913072368,12.728868870388125],[79.1197180505985,12.744238723484028],[79.10235109817873,12.74731667380054],[79.1094926768397,12.753340138552897],[79.10718537020212,12.75985725566342]]]}},{"type":"Feature","properties":{"id":"t:05725","name":"Chengam","taluk":"Chengam","district":"Tiruvannamalai","state":"Tamil Nadu","sdtcode":"05725","dtcode":"606"},"geometry":{"type":"Polygon","coordinates":[[[78.86185137338462,12.585471297951205],[78.83314593305943,12.572510154390544],[78.81767525144089,12.529325894348986],[78.79819747639404,12.497321664972896],[78.78978347276066,12.4998997759846],[78.78205662821736,12.484399004050744],[78.77466931181715,12.485372530394013],[78.77751689670764,12.45984620578236],[78.77246194904312,12.460897362211577],[78.75852533660495,12.442790072961113],[78.76877384737222,12.437501841435264],[78.76867423049544,12.422527852743727],[78.75094616251796,12.38531813077571],[78.72913925446707,12.373885487190941],[78.70767748453825,12.30038302763991],[78.69390049194627,12.294113242746704],[78.67557504879645,12.269809574866388],[78.64802253235801,12.258602540978556],[78.65063518085225,12.240498230931067],[78.66510037547832,12.23361758723897],[78.67150400160813,12.221232364343443],[78.65663640934548,12.197758340734064],[78.64267825530678,12.203097295057741],[78.6327943257976,12.1768374635881],[78.64782104203641,12.162215209774322],[78.63531552399927,12.146134210340463],[78.6313094366841,12.127914860903081],[78.64985328094075,12.129215801210359],[78.66443543801343,12.11523444184387],[78.67598745905518,12.115476740431344],[78.70462700615768,12.134168982267077],[78.76284083155178,12.213753728552978],[78.8039102890872,12.195810696396062],[78.81920418854604,12.22443841117316],[78.83761802412319,12.21558297059836],[78.83803016129406,12.225083723953048],[78.85416745483718,12.234075517537844],[78.8769047758756,12.228223445349178],[78.87933572483226,12.240616737712415],[78.89114581119388,12.239897807460357],[78.89363222752608,12.244896613235404],[78.91848352158325,12.239497558918796],[78.92067327917437,12.251416072780547],[78.927234253311,12.24589618938994],[78.92081495517276,12.221643950371746],[78.93026681030163,12.221221972841525],[78.93468141188217,12.23659752056517],[78.9562467665464,12.235204704660573],[78.95842323176623,12.244609786434111],[78.98099961423162,12.242116400924843],[78.97130299603558,12.215538931319863],[78.98539062066291,12.203221824232545],[79.00005661480611,12.206819312745923],[79.00425734278888,12.224434889729388],[78.99870867655264,12.251735514188981],[79.01122238902177,12.258905967295782],[79.02329613091929,12.280406951244736],[79.00661205801558,12.291401177446764],[79.03908924304612,12.3049369106806],[79.04398673939752,12.312554323573343],[79.03036254394716,12.337584751884002],[79.033946397926,12.342788303229492],[79.02499353537787,12.345019055010956],[79.03216967402444,12.361974087433067],[79.01826902833363,12.379315619660174],[79.0194415292054,12.390294555213346],[79.00777619647036,12.391053444926353],[79.0088141261193,12.414362185282807],[79.00217125706979,12.420248376283949],[78.96802795500366,12.390467926996472],[78.95505833225646,12.394593956994031],[78.9411326289591,12.383307163811024],[78.92845802912088,12.391797824833384],[78.92854869069261,12.385533413522872],[78.89162223989133,12.370816806365598],[78.89347209474185,12.395557871451825],[78.87410943340878,12.421582981367703],[78.89277594261746,12.4381565802677],[78.87272014660105,12.466784874817144],[78.87987265686074,12.504768139568371],[78.89730349297193,12.52285089465322],[78.89173732845225,12.525965310938185],[78.89336423312736,12.559953392625594],[78.86185137338462,12.585471297951205]]]}},{"type":"Feature","properties":{"id":"t:05726","name":"THANDRAMPET","taluk":"THANDRAMPET","district":"Tiruvannamalai","state":"Tamil Nadu","sdtcode":"05726","dtcode":"606"},"geometry":{"type":"Polygon","coordinates":[[[78.9207417065445,12.25099104571653],[78.91848352158325,12.239497558918796],[78.89363222752608,12.244896613235404],[78.89114581119388,12.239897807460357],[78.87933572483226,12.240616737712415],[78.8769047758756,12.228223445349178],[78.85416745483718,12.234075517537844],[78.83803016129406,12.225083723953048],[78.83761802412319,12.21558297059836],[78.81920418854604,12.22443841117316],[78.8039102890872,12.195810696396062],[78.76284083155178,12.213753728552978],[78.70462700615768,12.134168982267077],[78.67598745905518,12.115476740431344],[78.66443543801343,12.11523444184387],[78.66116346921979,12.102529568767917],[78.66570129540278,12.10259220033658],[78.68406941841009,12.10596555256327],[78.6909658567115,12.115152875168004],[78.73759477823286,12.133972736554407],[78.74517421822122,12.12397174511549],[78.72705334391948,12.099422498929671],[78.70396765621385,12.030117635725867],[78.69767163028881,11.992564338016251],[78.70284856377899,11.98619904482726],[78.73644639173658,11.988018773205507],[78.75746672144999,12.01166495253812],[78.7802462857646,12.007741569628148],[78.80426987391564,12.019658917086137],[78.81673361041064,12.009469676828896],[78.83458543569152,12.007100102474507],[78.86482378277711,12.016775844536932],[78.87365785031544,12.026457699134824],[78.91410904594986,12.014563749445873],[78.95808436747814,12.068395380290847],[78.9809672470336,12.065612733188186],[78.98842545128953,12.055119285789885],[78.99499785469153,12.067681896537009],[79.03145242496565,12.06446653232034],[79.03603205784363,12.075103258903436],[79.01758315383442,12.088303476390534],[79.03563227071128,12.10312617281832],[79.03256763757678,12.119324306594805],[79.0433921876301,12.140132584922526],[79.03543669489751,12.151673715426904],[79.01349155319241,12.152695904326263],[79.02004110255528,12.202140860226462],[79.00005661480611,12.206819312745923],[78.99014558312481,12.201791746736289],[78.97130299603558,12.215538931319863],[78.98099961423162,12.242116400924843],[78.95842323176623,12.244609786434111],[78.9562467665464,12.235204704660573],[78.93468141188217,12.23659752056517],[78.93026681030163,12.221221972841525],[78.92081495517276,12.221643950371746],[78.927234253311,12.24589618938994],[78.9207417065445,12.25099104571653]]]}},{"type":"Feature","properties":{"id":"t:05727","name":"Tiruvannamalai","taluk":"Tiruvannamalai","district":"Tiruvannamalai","state":"Tamil Nadu","sdtcode":"05727","dtcode":"606"},"geometry":{"type":"Polygon","coordinates":[[[79.12781152096544,12.436445065412652],[79.11856351513408,12.42952972043137],[79.1213139867525,12.402687035584167],[79.0842010196471,12.408898076410496],[79.08127853232988,12.42381729081218],[79.05917797309748,12.423622668942338],[79.057267031011,12.415581537160163],[79.0466410095338,12.41258199008304],[79.04172142720283,12.39628676340984],[79.03007018633963,12.39537432023651],[79.0357908089859,12.420320794047852],[79.0088141261193,12.414362185282807],[79.00777619647036,12.391053444926353],[79.0194415292054,12.390294555213346],[79.01826902833363,12.379315619660174],[79.03266671276947,12.360546013047262],[79.02499353537787,12.345019055010956],[79.033946397926,12.342788303229492],[79.03036254394716,12.337584751884002],[79.04398673939752,12.312554323573343],[79.03908924304612,12.3049369106806],[79.00661205801558,12.291401177446764],[79.02329613091929,12.280406951244736],[79.01122238902177,12.258905967295782],[79.0061709861094,12.26045854731698],[78.99845207189338,12.25029021535704],[79.00425734278888,12.224434889729388],[79.00005661480611,12.206819312745923],[79.02004110255528,12.202140860226462],[79.01349155319241,12.152695904326263],[79.03543669489751,12.151673715426904],[79.0433921876301,12.140132584922526],[79.03256763757678,12.119324306594805],[79.03563227071128,12.10312617281832],[79.01758315383442,12.088303476390534],[79.03603205784363,12.075103258903436],[79.02085220579833,12.05544093960871],[79.02281509116948,12.050112751467974],[79.05244245091123,12.036580996629649],[79.06043765906081,12.052257911686834],[79.0687218130165,12.052562709389038],[79.06101428045518,12.060678578231022],[79.06299594959891,12.069917640577607],[79.07877536331597,12.07129044124111],[79.0864065489596,12.081126963492935],[79.09843159947376,12.066136164043165],[79.08792304080481,12.042482371476884],[79.07682389373547,12.044292957756323],[79.07886038706098,12.031551798077786],[79.09449559692041,12.030067180247453],[79.10704095793535,12.01985349901508],[79.11249083733811,12.02651161696832],[79.1253797725082,12.018823802530488],[79.14743972339821,12.044170642956166],[79.17257854122835,12.03052687755807],[79.17616328094607,12.04748486104124],[79.1900911572681,12.048259523824175],[79.20068187136137,12.069934259214703],[79.23356865851709,12.059207239072316],[79.23785585922737,12.076602568868791],[79.2571272059135,12.079916220958628],[79.2787440960273,12.106795369019501],[79.27662408363486,12.126094223779308],[79.2587445614971,12.13070187962875],[79.23795214065953,12.153421620599953],[79.21056748341509,12.166136317668746],[79.21417057301909,12.184137650222729],[79.20989423204223,12.187266658127761],[79.21587984242596,12.19830675911119],[79.22227400121096,12.193911447162833],[79.22226701231807,12.183838134277094],[79.23452378415807,12.184126155275122],[79.23307741749889,12.197848775696086],[79.21568704420305,12.212358902025882],[79.23589524659391,12.212238827663988],[79.23668796491638,12.217928902344434],[79.22505956641425,12.222068890325076],[79.24836065126036,12.241033803202892],[79.24020934376216,12.253914116086895],[79.24500243970785,12.274038797404332],[79.26098162886265,12.276853926238436],[79.26771442915359,12.288730239305853],[79.28009089881027,12.291885240734718],[79.2737519747371,12.305514550626501],[79.28511879011671,12.306454308823815],[79.28928399871313,12.317976579065013],[79.25180921356751,12.323236329131705],[79.24645102520579,12.31644266714348],[79.23409032188067,12.315792371945298],[79.2345650096431,12.329911955049619],[79.19811959859163,12.343017446826424],[79.22135139368493,12.34969976357795],[79.22695268502716,12.342588208176005],[79.23798672579795,12.344577243533216],[79.23267483211443,12.361903554103641],[79.22464521220122,12.367741535682816],[79.2466395043288,12.37674076460232],[79.24098929343116,12.398519302700196],[79.2143269733033,12.405032887655972],[79.193720960972,12.38206469884426],[79.1755690678435,12.383871839053219],[79.17544084860805,12.410755338967016],[79.15388833625912,12.40988139705007],[79.13963304916885,12.40031403621929],[79.1426143024753,12.426492274686327],[79.13800689009544,12.434528580256],[79.12781152096544,12.436445065412652]]]}},{"type":"Feature","properties":{"id":"t:05728","name":"Gingee","taluk":"Gingee","district":"Viluppuram","state":"Tamil Nadu","sdtcode":"05728","dtcode":"607"},"geometry":{"type":"Polygon","coordinates":[[[79.32610143086984,12.4506183499595],[79.3089271015015,12.438723065589338],[79.26944260719884,12.44778113545857],[79.23131421773394,12.442830119592173],[79.22717322861592,12.40197317128172],[79.24266234995228,12.397203301580246],[79.24846318945845,12.383031435750704],[79.23701304994634,12.368532386834177],[79.22735974132678,12.372775524318625],[79.22464521220122,12.367741535682816],[79.23910463964317,12.34657005650316],[79.22695268502716,12.342588208176005],[79.22135139368493,12.34969976357795],[79.19810123343397,12.34315757765029],[79.2345650096431,12.329911955049619],[79.23409032188067,12.315792371945298],[79.24645102520579,12.31644266714348],[79.25180921356751,12.323236329131705],[79.28928399871313,12.317976579065013],[79.28511879011671,12.306454308823815],[79.2737519747371,12.305514550626501],[79.28009089881027,12.291885240734718],[79.26771442915359,12.288730239305853],[79.26098162886265,12.276853926238436],[79.24500243970785,12.274038797404332],[79.24020934376216,12.253914116086895],[79.24836065126036,12.241033803202892],[79.22505956641425,12.222068890325076],[79.23668796491638,12.217928902344434],[79.23589524659391,12.212238827663988],[79.21568704420305,12.212358902025882],[79.23307741749889,12.197848775696086],[79.23452378415807,12.184126155275122],[79.22226701231807,12.183838134277094],[79.22227400121096,12.193911447162833],[79.21587984242596,12.19830675911119],[79.20989423204223,12.187266658127761],[79.21417057301909,12.184137650222729],[79.21056748341509,12.166136317668746],[79.23795214065953,12.153421620599953],[79.2587445614971,12.13070187962875],[79.27822776146996,12.12464848790741],[79.2787440960273,12.106795369019501],[79.27125404110465,12.103628598448989],[79.260138966007,12.082231717927337],[79.29186354518747,12.071965269753335],[79.30669738594825,12.089420706870284],[79.32056825787731,12.085898428618634],[79.33262241290836,12.096639844986667],[79.36770262996801,12.104218747732157],[79.37003114223621,12.113520730125012],[79.38422416889075,12.117873374904825],[79.40516469766419,12.116267683453422],[79.40525785206084,12.128498350187312],[79.42443519184913,12.126827982829468],[79.43228795773739,12.139287769279985],[79.45186025621334,12.135332995338148],[79.46018180523768,12.143714938428268],[79.47100776384936,12.13989229353118],[79.47828790674457,12.149765659313713],[79.47601830868767,12.13675384463555],[79.49206844408867,12.13729461830602],[79.49729097516439,12.146625855795],[79.51872554410639,12.137773933876673],[79.51907968514423,12.159600255946197],[79.53391270394651,12.162286013455718],[79.53854159863809,12.153921385417188],[79.54804421127547,12.161318721555077],[79.55184083033103,12.154029301425668],[79.56505811950038,12.171284861343144],[79.5618992890252,12.182244700215854],[79.54358306528515,12.177435085780289],[79.53299251019367,12.192830579526667],[79.54962313243968,12.230445197295309],[79.54018428940766,12.231377948807847],[79.53858175602625,12.24184529409147],[79.52671001918499,12.246717992626852],[79.5256012106635,12.254456458305093],[79.53630132698194,12.291282938385107],[79.54392432178683,12.29821874105741],[79.53767857456822,12.310397522788525],[79.56522146466007,12.328864042279095],[79.5690204265219,12.341588039514667],[79.55322649513153,12.352842850475486],[79.54360890622259,12.338060404516796],[79.53450091989626,12.355557916887983],[79.52817316278042,12.34799410471493],[79.51111957776604,12.354192908594863],[79.50692128601435,12.34599675165834],[79.49605643574077,12.34517503057265],[79.48881303124571,12.349435658913592],[79.49321277738639,12.370319676926176],[79.48583998764265,12.37466156989408],[79.4728249011589,12.36500317240785],[79.45109042247275,12.374248178971246],[79.4481814215629,12.395826263709637],[79.43908023817819,12.389130173191623],[79.43835809779269,12.407363045892971],[79.43301549340451,12.409999185105063],[79.42831879567194,12.400965078461386],[79.42056341973688,12.410891719732595],[79.41120524901066,12.406807199284879],[79.40157016990314,12.435748099874692],[79.32610143086984,12.4506183499595]]]}},{"type":"Feature","properties":{"id":"t:05729","name":"Tindivanam","taluk":"Tindivanam","district":"Viluppuram","state":"Tamil Nadu","sdtcode":"05729","dtcode":"607"},"geometry":{"type":"Polygon","coordinates":[[[79.60958761172745,12.378045744853322],[79.60253983155519,12.371776261683628],[79.59816978820938,12.34824594467081],[79.5341466773488,12.369826656568575],[79.52840425887884,12.370005390946073],[79.51787794321164,12.353314387036235],[79.52817316278042,12.34799410471493],[79.53450091989626,12.355557916887983],[79.5472452793062,12.337573379463816],[79.55617794952337,12.352798453320771],[79.56914957012376,12.339522534338263],[79.56522146466007,12.328864042279095],[79.53767857456822,12.310397522788525],[79.54392432178683,12.29821874105741],[79.53630132698194,12.291282938385107],[79.5256012106635,12.254456458305093],[79.52671001918499,12.246717992626852],[79.53858175602625,12.24184529409147],[79.54018428940766,12.231377948807847],[79.54962313243968,12.230445197295309],[79.53299251019367,12.192830579526667],[79.54358306528515,12.177435085780289],[79.5618992890252,12.182244700215854],[79.56476908116784,12.169616992062855],[79.55184083033103,12.154029301425668],[79.54407950575217,12.161543516999],[79.53704848095657,12.154250835327236],[79.53391270394651,12.162286013455718],[79.51693571288655,12.156141702416013],[79.52404889130983,12.127271858915872],[79.51448829421747,12.120406998572939],[79.51982902292332,12.088648214116832],[79.53587379089046,12.081883316841083],[79.5370659379175,12.087782148706077],[79.56787551650575,12.081042478838814],[79.56719341043917,12.071080519272314],[79.57766920215984,12.068569580000712],[79.56903507804415,12.048562989828566],[79.57619497065886,12.044017413994542],[79.58553498822982,12.044954705995709],[79.58861439775241,12.058017525305],[79.63362733721424,12.054255376777826],[79.64376439580084,12.086513217562754],[79.65102124897402,12.090481151874773],[79.64671012972094,12.11012922965013],[79.6539404978646,12.117188651370663],[79.67540534991316,12.120905751177807],[79.6810027039395,12.134057468819378],[79.70348191743722,12.144619698991841],[79.70702758582995,12.172763633361528],[79.71928761945277,12.16734965542714],[79.72175352545038,12.177188496090725],[79.7567054163751,12.173074269100432],[79.76301413010525,12.181863506820491],[79.77217976581495,12.182038936388514],[79.79162770691286,12.167537131180374],[79.79186850481636,12.161390269272815],[79.80801111189436,12.164319183158028],[79.82818964652469,12.156056873554785],[79.83517984738216,12.167240101832311],[79.86686568761434,12.159315459310996],[79.85366189293715,12.112091367357674],[79.84971627661365,12.051681813943846],[79.87379284829845,12.042623534488682],[80.00986932953326,12.254999117188133],[79.99241221500507,12.253774876969738],[79.97304080228449,12.233402015730242],[79.96960931874753,12.236833631576404],[79.9552604703238,12.228869620677774],[79.94414815844395,12.24229627920752],[79.92826758364613,12.247999068938512],[79.92099705452104,12.245125713995442],[79.92445498266335,12.23162908135138],[79.9142036341181,12.235562779663336],[79.90025178445609,12.229602614639157],[79.86758408921168,12.248952497146897],[79.86236890366003,12.26198120993205],[79.84113886224357,12.27983682245013],[79.82736762785258,12.31296007717108],[79.8197972303059,12.311855724004538],[79.79917403769478,12.33743692793474],[79.77876256721636,12.339025692058199],[79.7502490627314,12.32487593514329],[79.70615340558257,12.334663990316283],[79.69739808975194,12.324971344693234],[79.68549674713388,12.323807911874352],[79.68270477873925,12.316093183634457],[79.67364949477401,12.316429288398703],[79.65318681493449,12.32989629085696],[79.6455985319305,12.343492326124318],[79.62166138596433,12.349531169210264],[79.62107271367043,12.374172875646082],[79.60958761172745,12.378045744853322]]]}},{"type":"Feature","properties":{"id":"t:05730","name":"Vanur","taluk":"Vanur","district":"Viluppuram","state":"Tamil Nadu","sdtcode":"05730","dtcode":"607"},"geometry":{"type":"Polygon","coordinates":[[[79.77264381572775,12.18196679976698],[79.76301413010525,12.181863506820491],[79.7567054163751,12.173074269100432],[79.72175352545038,12.177188496090725],[79.71928761945277,12.16734965542714],[79.70702758582995,12.172763633361528],[79.70348191743722,12.144619698991841],[79.6810027039395,12.134057468819378],[79.67540534991316,12.120905751177807],[79.6539404978646,12.117188651370663],[79.64671012972094,12.11012922965013],[79.65102124897402,12.090481151874773],[79.64376439580084,12.086513217562754],[79.63362733721424,12.054255376777826],[79.60133010898963,12.060021377170562],[79.58594664390368,12.055987722455004],[79.58858678084565,12.025614566481025],[79.61265244967784,12.01204383096397],[79.62898885570196,12.018842193877598],[79.62547174924373,12.032216526213368],[79.67106357565105,12.010151117879616],[79.69147480807592,12.034713520944909],[79.70353204073513,12.031460773457477],[79.70298819976381,12.008197157810013],[79.71961220501944,11.992954682315242],[79.68321291796623,11.989176390265538],[79.68779037781955,11.96964509553422],[79.69791057502829,11.960530671206438],[79.70254426223187,11.967065294840998],[79.7149669367352,11.967680946043934],[79.70920808897698,11.975854615730997],[79.72051201959178,11.992782633889815],[79.73337195983942,11.993302383292024],[79.74643623716977,12.007721192630358],[79.76231337411502,12.002732683049924],[79.76036347658626,11.989244215154885],[79.74276802779254,11.977849824350702],[79.72867246654968,11.986040665139422],[79.72356898650361,11.978078446089219],[79.72445721460542,11.971271148183932],[79.74447016637265,11.964999076105537],[79.75021249590941,11.919949873144699],[79.76213345773328,11.928588071528395],[79.7598825158882,11.943642895994994],[79.77146373038006,11.943932309783515],[79.78466009059993,11.95990581922332],[79.8050118249086,11.953299305141078],[79.81254361735594,11.977934586608914],[79.81844289694588,11.977931399357956],[79.82878953967476,11.958371347778886],[79.84057300086968,11.955828715931101],[79.85706671627314,12.006807197772092],[79.84046957244115,12.013271029925544],[79.85498222147042,12.085948609196059],[79.85366189293715,12.112091367357674],[79.86686568761434,12.159315459310996],[79.83517984738216,12.167240101832311],[79.82818964652469,12.156056873554785],[79.80801111189436,12.164319183158028],[79.79186850481636,12.161390269272815],[79.79162770691286,12.167537131180374],[79.77264381572775,12.18196679976698]],[[79.78937281337885,12.026863174719105],[79.80551830584557,12.022159444463144],[79.79478917574004,12.017340051067666],[79.7883172147666,12.019235012965627],[79.78937281337885,12.026863174719105]]]}},{"type":"Feature","properties":{"id":"t:05731","name":"Viluppuram","taluk":"Viluppuram","district":"Viluppuram","state":"Tamil Nadu","sdtcode":"05731","dtcode":"607"},"geometry":{"type":"Polygon","coordinates":[[[79.47635932623751,12.139908581115762],[79.47828790674457,12.149765659313713],[79.47100776384936,12.13989229353118],[79.46018180523768,12.143714938428268],[79.45186025621334,12.135332995338148],[79.43228795773739,12.139287769279985],[79.42443519184913,12.126827982829468],[79.40525785206084,12.128498350187312],[79.40516469766419,12.116267683453422],[79.37003114223621,12.113520730125012],[79.36770262996801,12.104218747732157],[79.33262241290836,12.096639844986667],[79.32056825787731,12.085898428618634],[79.30669738594825,12.089420706870284],[79.29442886683928,12.07809502044641],[79.288550773117,12.062739207457598],[79.29431867948651,12.047870624099357],[79.30513314954403,12.047182189767035],[79.3182996533571,12.063592503493567],[79.3227178499954,12.061758284466691],[79.32015027716548,12.041544941700232],[79.32786976360832,12.0392729887122],[79.32766879251294,12.033324775009936],[79.36473392163451,12.034201436202016],[79.35524056344117,12.001422659135343],[79.36499072571974,11.962271107194073],[79.36180057009226,11.955771319624782],[79.34783657341097,11.952461529738029],[79.35094217780728,11.925473546945291],[79.41366090972248,11.899496850317238],[79.44092117455459,11.872824650258941],[79.52910092214461,11.85714255156053],[79.56496205546054,11.839977150578362],[79.59075872125139,11.841523058771656],[79.61677661604556,11.824797153226722],[79.6410381023383,11.79854528038307],[79.66493347394885,11.810530176533264],[79.67472838939653,11.806854017215368],[79.67586750707572,11.8143479122054],[79.68582510742135,11.812527914415776],[79.69074417142443,11.822164035075765],[79.68557083928019,11.832507151304867],[79.7030296040136,11.831956163700516],[79.69467716192663,11.844464711665172],[79.6897620675788,11.880887340084481],[79.6739429195801,11.880741145210452],[79.6737841809812,11.891656790678713],[79.68678077205153,11.888933388232083],[79.68710329957788,11.894583237900022],[79.69532770388906,11.894834544595428],[79.6961417652844,11.919210220560668],[79.7082728601212,11.919405922528203],[79.71860000042527,11.919081860806834],[79.71808449950454,11.914770038961379],[79.70654079326908,11.913666123107479],[79.70521780212934,11.8939641929191],[79.73044066454085,11.891773106527054],[79.73124827693074,11.903253389498332],[79.74063495928576,11.905482717981894],[79.71746966826959,11.929030561073702],[79.72083046517345,11.94494403003225],[79.70961791298599,11.9500007606384],[79.71115497086132,11.933113987188847],[79.69724922992621,11.941795853204843],[79.6916008614732,11.95136126426302],[79.69562798014586,11.96395596444061],[79.68779037781955,11.96964509553422],[79.68460087167408,11.953396711009258],[79.67652075835707,11.948498628411624],[79.6545838892374,11.953532145841782],[79.66213725203136,11.969210836278254],[79.68644607504804,11.973297443819868],[79.67384357129956,11.995139834601066],[79.656966082132,11.991431201497072],[79.66157436318275,12.012340697052355],[79.65093928848411,12.021857734863742],[79.6422520272228,11.999269760782092],[79.63638894614553,11.998130964672121],[79.64142055557896,11.991671909840168],[79.63637900718521,11.97789089305961],[79.64845676275543,11.96763474628408],[79.64258837622808,11.942144950607961],[79.6574247089155,11.948098943591791],[79.66060909915544,11.937205640604423],[79.66927082490653,11.937557056275772],[79.66880882405084,11.918311400408054],[79.65581831277832,11.907944261093181],[79.64105327398515,11.90782330936776],[79.64065369705857,11.902250214150946],[79.62526469116398,11.903073091788885],[79.6283169823448,11.919530115044005],[79.61842555639456,11.926106349134123],[79.61788819317474,11.93608173509927],[79.62853295261044,11.949103808180418],[79.62742673662686,11.968191369730974],[79.61854829141518,11.969999144978717],[79.62431417837195,11.98183232469916],[79.61711994406228,11.989597315369236],[79.62355200187082,11.989366981096113],[79.62626534432191,12.000404537375855],[79.61914503956349,12.001399843321645],[79.62065530967702,12.013571947830386],[79.61265244967784,12.01204383096397],[79.58858678084565,12.025614566481025],[79.58553498822982,12.044954705995709],[79.56941191322103,12.047170978834767],[79.57766920215984,12.068569580000712],[79.56719341043917,12.071080519272314],[79.56787551650575,12.081042478838814],[79.5370659379175,12.087782148706077],[79.53587379089046,12.081883316841083],[79.51982902292332,12.088648214116832],[79.51448829421747,12.120406998572939],[79.52404889130983,12.127271858915872],[79.51872554410639,12.137773933876673],[79.49729097516439,12.146625855795],[79.49206844408867,12.13729461830602],[79.47635932623751,12.139908581115762]],[[79.61663662708322,11.882962844173365],[79.62117169094675,11.890557673692129],[79.62974906579095,11.888620380225019],[79.62966890911815,11.881312969382174],[79.63449782718243,11.880979043030896],[79.6347784321311,11.888769087576309],[79.64111825811281,11.886605747093984],[79.64853786355759,11.87052846559789],[79.66266529253514,11.867300430137107],[79.66336199981838,11.861293368392007],[79.65277895643929,11.850546066118474],[79.62860982683921,11.853899820805006],[79.6284905440442,11.869791067147641],[79.61914904425302,11.87014893383906],[79.61941706829614,11.862668466693261],[79.60197174415605,11.857802794342703],[79.599327116536,11.88294503783985],[79.60817028310983,11.876873368013356],[79.61663662708322,11.882962844173365]],[[79.64731887307323,11.844217656888707],[79.66172425517273,11.839308531592478],[79.65943703127165,11.829465258080294],[79.67126195870009,11.823577285146014],[79.67122518885886,11.814853842946473],[79.646286532742,11.816257312716079],[79.64098928159758,11.824145304070461],[79.64731887307323,11.844217656888707]]]}},{"type":"Feature","properties":{"id":"t:05732","name":"Tirukkoyilur","taluk":"Tirukkoyilur","district":"Viluppuram","state":"Tamil Nadu","sdtcode":"05732","dtcode":"607"},"geometry":{"type":"Polygon","coordinates":[[[79.2625826243283,12.081324252071418],[79.2426567615329,12.080478605589374],[79.23356865851709,12.059207239072316],[79.20068187136137,12.069934259214703],[79.1900911572681,12.048259523824175],[79.17616328094607,12.04748486104124],[79.17257854122835,12.03052687755807],[79.14743972339821,12.044170642956166],[79.1253797725082,12.018823802530488],[79.11249083733811,12.02651161696832],[79.10704095793535,12.01985349901508],[79.09449559692041,12.030067180247453],[79.07886038706098,12.031551798077786],[79.07682389373547,12.044292957756323],[79.08792304080481,12.042482371476884],[79.09843159947376,12.066136164043165],[79.0864065489596,12.081126963492935],[79.07877536331597,12.07129044124111],[79.06299594959891,12.069917640577607],[79.06101428045518,12.060678578231022],[79.0687218130165,12.052562709389038],[79.06043765906081,12.052257911686834],[79.05244245091123,12.036580996629649],[79.02281509116948,12.050112751467974],[79.02085220579833,12.05544093960871],[79.03145242496565,12.06446653232034],[78.99201164537965,12.064984742015826],[78.98842545128953,12.055119285789885],[78.99493358472454,12.046949289383402],[79.01285291480576,12.043875945982881],[79.02963626861637,12.032094578433256],[79.03974340342253,12.01565922622325],[79.06857567778101,12.000190867794998],[79.09142620271494,12.001098887216562],[79.08307646815024,11.989802382784678],[79.06625945177097,11.98928393944632],[79.06676616088004,11.981564089681408],[79.08380004494191,11.971908266223615],[79.08354878795359,11.964197319464619],[79.07662686354925,11.959780193408386],[79.07938262624464,11.951613237272062],[79.06886321413042,11.921011491633958],[79.06104649493956,11.921371315139584],[79.05784662942222,11.905713520047183],[79.07605555479148,11.895741839719438],[79.0741862244656,11.879379638933894],[79.08869809555385,11.874066681857371],[79.0850980413572,11.85779441608345],[79.09391916507059,11.846070953063192],[79.11019917306457,11.856395944744719],[79.12607507302967,11.852494942393621],[79.1373931000079,11.868645450143532],[79.13969174329289,11.859555815909788],[79.14769038570182,11.861358851597563],[79.1564496666961,11.853217764521963],[79.20095063471797,11.849137483195971],[79.22243281167509,11.856200404066369],[79.22989223584317,11.87502329898966],[79.24175797822653,11.870765596086844],[79.236161811773,11.85412084815388],[79.2458371866092,11.848611815082851],[79.26354221818953,11.852043403976385],[79.26003482701105,11.844904980881719],[79.26765443337071,11.838507874202019],[79.27682127821278,11.854231633420772],[79.28783312610449,11.858095379170143],[79.28823810100761,11.869078958681754],[79.30734529135535,11.87542588422252],[79.32901023684526,11.85091445092435],[79.3310329194716,11.857143297077942],[79.33767322562761,11.854970269584893],[79.34521066847809,11.873168416659718],[79.36706030220053,11.847673319269001],[79.36883199463816,11.82775851316123],[79.38657055763309,11.825100934606633],[79.39173786118346,11.841833526329726],[79.38369951952717,11.870824616484153],[79.40176736178613,11.877680391674442],[79.40501910680779,11.858868242198199],[79.41132849966426,11.856942080273047],[79.41864900566185,11.864774158851198],[79.42914206390057,11.85507728820904],[79.43034593663701,11.863208412031254],[79.41407141375618,11.881313143438028],[79.41451446734588,11.898945327363334],[79.35094217780728,11.925473546945291],[79.34783657341097,11.952461529738029],[79.36180057009226,11.955771319624782],[79.36499072571974,11.962271107194073],[79.35524056344117,12.001422659135343],[79.36473392163451,12.034201436202016],[79.32766879251294,12.033324775009936],[79.32786976360832,12.0392729887122],[79.32015027716548,12.041544941700232],[79.3227178499954,12.061758284466691],[79.3182996533571,12.063592503493567],[79.30513314954403,12.047182189767035],[79.29431867948651,12.047870624099357],[79.2902598628608,12.074920723533012],[79.2625826243283,12.081324252071418]]]}},{"type":"Feature","properties":{"id":"t:05733","name":"Sankarapuram","taluk":"Sankarapuram","district":"Viluppuram","state":"Tamil Nadu","sdtcode":"05733","dtcode":"607"},"geometry":{"type":"Polygon","coordinates":[[[78.96077975889489,12.067386697432559],[78.91410904594986,12.014563749445873],[78.87948464574345,12.026896215246245],[78.83458543569152,12.007100102474507],[78.81673361041064,12.009469676828896],[78.80426987391564,12.019658917086137],[78.7802462857646,12.007741569628148],[78.75746672144999,12.01166495253812],[78.73644639173658,11.988018773205507],[78.71802696235018,11.987541609847343],[78.70981172265152,11.966671269637056],[78.71328179781305,11.950796309885385],[78.70823250145,11.95112778013869],[78.70437794644853,11.940059596469164],[78.72381486431962,11.919723245864557],[78.70819358912684,11.897991820749494],[78.69467650789268,11.894519448655014],[78.6898322699595,11.904062105225004],[78.66078789976919,11.895379567588577],[78.6550087482889,11.885413791884712],[78.63450831046138,11.888393528155168],[78.63610962393065,11.878630432917486],[78.62767459073649,11.867050546815605],[78.65311599529032,11.865969205671295],[78.65852992142048,11.856852065998057],[78.67756014411468,11.858386204516961],[78.69515674634525,11.851286329041928],[78.69219936397086,11.803940703213806],[78.66523945893881,11.796708957328832],[78.66220012595598,11.779931337948298],[78.64312436496508,11.768393444500582],[78.63786127854758,11.721299213174406],[78.65262041720595,11.715325459494846],[78.64582302714777,11.66049896510905],[78.6599694321374,11.661684876257805],[78.6590157455975,11.648000368545329],[78.68004783335961,11.643630062202595],[78.67844474931093,11.665044164060117],[78.68291201462499,11.667249831598017],[78.67781851126847,11.671894305989927],[78.69311579198602,11.68940464652656],[78.70954361326844,11.690220071502434],[78.71789807117487,11.683254620414864],[78.77545532241939,11.700743520107439],[78.7970033584633,11.710491036325411],[78.80469207760763,11.720988503809922],[78.81432836135593,11.721610081393653],[78.81828468110606,11.730795521768579],[78.80911934543366,11.734969873182765],[78.81331771533877,11.748901390342072],[78.80384719681153,11.759872905579904],[78.80592778753604,11.78576380113588],[78.80058320146436,11.785631271052473],[78.79761672724098,11.795529069407829],[78.8062434923578,11.825417261667258],[78.80185752727188,11.840598621650239],[78.81385171616448,11.86227468382499],[78.80829661080429,11.87247023138849],[78.82548754103907,11.871475089214602],[78.82503038659435,11.862087133394455],[78.88171730327925,11.854887564834781],[78.87838575282605,11.846376527198307],[78.8891597124575,11.840880099511306],[78.88874617391474,11.827876294693835],[78.90649365089226,11.825059187767245],[78.9061347936992,11.816105211410129],[78.89305353731163,11.810194068275651],[78.90542623134918,11.798030054836046],[78.90597111167128,11.787412617795725],[78.8874732458858,11.780349062959942],[78.88710592925771,11.77271039115363],[78.90777280334783,11.776795091139702],[78.90468892740161,11.765861632174351],[78.91654611243358,11.758949257346043],[78.91726264912838,11.765362967662375],[78.92378082932156,11.762830893510174],[78.92929777963836,11.754549366776455],[78.94552209388134,11.752977695585818],[78.95572309544818,11.766250160066413],[78.94709178126273,11.774392786536154],[78.96889832100436,11.781153140531826],[79.00497672444817,11.752939791667846],[79.01408576360001,11.7552939485737],[79.02265235596586,11.77351723221668],[79.03063702597885,11.752949750923223],[79.03930744742189,11.765084160526113],[79.05675407411914,11.76076809763938],[79.05692126855985,11.77084757679454],[79.07616656769598,11.790463919230966],[79.08897140708072,11.787044392888228],[79.10542623980541,11.802007254396718],[79.13337155897486,11.809561040086907],[79.1335378982194,11.8534496236718],[79.11019917306457,11.856395944744719],[79.09391916507059,11.846070953063192],[79.0850980413572,11.85779441608345],[79.08869809555385,11.874066681857371],[79.0741862244656,11.879379638933894],[79.07605555479148,11.895741839719438],[79.05784662942222,11.905713520047183],[79.06104649493956,11.921371315139584],[79.06886321413042,11.921011491633958],[79.07938262624464,11.951613237272062],[79.07662686354925,11.959780193408386],[79.08354878795359,11.964197319464619],[79.08380004494191,11.971908266223615],[79.06676616088004,11.981564089681408],[79.06625945177097,11.98928393944632],[79.08307646815024,11.989802382784678],[79.09142620271494,12.001098887216562],[79.06857567778101,12.000190867794998],[79.03862739759899,12.016517646622958],[79.02963626861637,12.032094578433256],[79.0111855041962,12.045009712140796],[78.995635937021,12.046397552521446],[78.98428681396088,12.063731254523642],[78.96077975889489,12.067386697432559]]]}},{"type":"Feature","properties":{"id":"t:05734","name":"Kallakkurichi","taluk":"Kallakkurichi","district":"Viluppuram","state":"Tamil Nadu","sdtcode":"05734","dtcode":"607"},"geometry":{"type":"Polygon","coordinates":[[[78.80998078846861,11.872443582395912],[78.81385171616448,11.86227468382499],[78.80185752727188,11.840598621650239],[78.8062434923578,11.825417261667258],[78.79761672724098,11.795529069407829],[78.80058320146436,11.785631271052473],[78.80592778753604,11.78576380113588],[78.80412266699005,11.758810851832969],[78.81331771533877,11.748901390342072],[78.80911934543366,11.734969873182765],[78.81828468110606,11.730795521768579],[78.81056375646045,11.717405634889733],[78.80469207760763,11.720988503809922],[78.7970033584633,11.710491036325411],[78.78193350063295,11.707236465158331],[78.79129846262272,11.693471651401792],[78.80602629229851,11.68651501569153],[78.80643614146038,11.661402098776282],[78.77352514470776,11.636663057327741],[78.78619713404179,11.641359172221597],[78.78978665549172,11.628939366845398],[78.78638029244335,11.613543183948835],[78.77668802029666,11.613413347509745],[78.77528771924528,11.606031690070964],[78.8175709866808,11.590924371983663],[78.82927263650616,11.5782118328169],[78.81611477179116,11.561769973370597],[78.81598136119169,11.542532736189717],[78.82915458530141,11.543941031302095],[78.8429906178688,11.52307863430483],[78.87069249988446,11.517710962161084],[78.87757651628213,11.50758168278705],[78.90488703287124,11.505406732063385],[78.91742555141863,11.531657723021661],[78.92374301024809,11.567134465166385],[78.97419778110604,11.574616494611151],[78.9809705681052,11.567074710987072],[79.00434924313736,11.574686769903918],[79.01880999379772,11.592930854261326],[79.01208061518972,11.6027138803451],[79.0183324368163,11.606802489484927],[79.04974994218823,11.595675589361669],[79.04312321047446,11.58728455097712],[79.05495575651481,11.586456159984392],[79.06809198171293,11.598825982062872],[79.07780703423691,11.596947554192296],[79.07691576533789,11.608048509549878],[79.0655128763114,11.61138191420867],[79.06742529882143,11.630271423001666],[79.08403173572508,11.63437403992635],[79.09856810836266,11.621209286063323],[79.09816076460211,11.614230437727743],[79.11288273816061,11.613341125007421],[79.11641350440108,11.599234408039711],[79.13569595695907,11.589005803353789],[79.14768426368313,11.589534115612748],[79.15325976888512,11.598316141290072],[79.18363005243484,11.586031095426192],[79.19247961411519,11.59304438962911],[79.19376008709422,11.599358197768401],[79.18090147006497,11.60515992471075],[79.19203640421861,11.638790977453942],[79.17476468399875,11.643657817306254],[79.17982012394005,11.656475646384273],[79.15096927781137,11.67038276151257],[79.1660177970604,11.688922140043521],[79.16574388186571,11.698142978533186],[79.127577507139,11.701160159126081],[79.12599063678287,11.712654454007167],[79.13826017278475,11.731986228725772],[79.14260884970152,11.757847917789654],[79.13770610359562,11.762926224171471],[79.12417285088968,11.7599364694218],[79.11844561484634,11.80253080933754],[79.10542623980541,11.802007254396718],[79.08897140708072,11.787044392888228],[79.07616656769598,11.790463919230966],[79.05692126855985,11.77084757679454],[79.05675407411914,11.76076809763938],[79.03930744742189,11.765084160526113],[79.03063702597885,11.752949750923223],[79.02265235596586,11.77351723221668],[79.01408576360001,11.7552939485737],[79.00497672444817,11.752939791667846],[78.96889832100436,11.781153140531826],[78.94709178126273,11.774392786536154],[78.95572309544818,11.766250160066413],[78.94552209388134,11.752977695585818],[78.92929777963836,11.754549366776455],[78.92378082932156,11.762830893510174],[78.91726264912838,11.765362967662375],[78.91654611243358,11.758949257346043],[78.90468892740161,11.765861632174351],[78.90777280334783,11.776795091139702],[78.88710592925771,11.77271039115363],[78.8874732458858,11.780349062959942],[78.90597111167128,11.787412617795725],[78.90542623134918,11.798030054836046],[78.89305353731163,11.810194068275651],[78.9061347936992,11.816105211410129],[78.90649365089226,11.825059187767245],[78.88874617391474,11.827876294693835],[78.8891597124575,11.840880099511306],[78.87838575282605,11.846376527198307],[78.88171730327925,11.854887564834781],[78.82503038659435,11.862087133394455],[78.82548754103907,11.871475089214602],[78.80998078846861,11.872443582395912]]]}},{"type":"Feature","properties":{"id":"t:05735","name":"Ulundurpettai","taluk":"Ulundurpettai","district":"Viluppuram","state":"Tamil Nadu","sdtcode":"05735","dtcode":"607"},"geometry":{"type":"Polygon","coordinates":[[[79.42212257257493,11.890627610991917],[79.41765777493295,11.895139162189574],[79.41407141375618,11.881313143438028],[79.43034593663701,11.863208412031254],[79.42879788517925,11.8548377694824],[79.41864900566185,11.864774158851198],[79.41132849966426,11.856942080273047],[79.40501910680779,11.858868242198199],[79.40176736178613,11.877680391674442],[79.38369951952717,11.870824616484153],[79.39173786118346,11.841833526329726],[79.38657055763309,11.825100934606633],[79.36883199463816,11.82775851316123],[79.36706030220053,11.847673319269001],[79.34521066847809,11.873168416659718],[79.33767322562761,11.854970269584893],[79.3310329194716,11.857143297077942],[79.32901023684526,11.85091445092435],[79.30734529135535,11.87542588422252],[79.28823810100761,11.869078958681754],[79.28783312610449,11.858095379170143],[79.27682127821278,11.854231633420772],[79.26765443337071,11.838507874202019],[79.26003482701105,11.844904980881719],[79.26354221818953,11.852043403976385],[79.2458371866092,11.848611815082851],[79.236161811773,11.85412084815388],[79.24175797822653,11.870765596086844],[79.22989223584317,11.87502329898966],[79.2219830521618,11.855825403740596],[79.18955173421134,11.84717851986511],[79.1743644737599,11.854377052147756],[79.15376996525413,11.854058681153038],[79.14769038570182,11.861358851597563],[79.13969174329289,11.859555815909788],[79.1373931000079,11.868645450143532],[79.13404757895542,11.86533246399007],[79.12607507302967,11.852494942393621],[79.1335378982194,11.8534496236718],[79.13688178703299,11.818352204525022],[79.13337155897486,11.809561040086907],[79.11984737566007,11.807794179534051],[79.11868606420347,11.776691767966492],[79.12474161472025,11.77448622333062],[79.12417285088968,11.7599364694218],[79.13770610359562,11.762926224171471],[79.14273224947546,11.751419227958669],[79.12697214145219,11.703641557776145],[79.13077864197584,11.698850401962297],[79.16574388186571,11.698142978533186],[79.1660177970604,11.688922140043521],[79.15096927781137,11.67038276151257],[79.17982012394005,11.656475646384273],[79.17476468399875,11.643657817306254],[79.19203640421861,11.638790977453942],[79.18150184830532,11.604034363727903],[79.19376008709422,11.599358197768401],[79.21232951357354,11.62014579494153],[79.20994026351403,11.633769702030953],[79.21576057220737,11.63921907623047],[79.23554666972096,11.629381477824154],[79.24868378874277,11.652450762275443],[79.27082642775804,11.64378166472238],[79.29140428329508,11.647327842705637],[79.29628619746956,11.636418056367823],[79.308671738314,11.63271030977369],[79.31154864241873,11.643952265299014],[79.32634475214094,11.647896796612018],[79.33225317568217,11.66101477565542],[79.35978064978542,11.659937786976888],[79.36149045368988,11.672742989938067],[79.37684823145025,11.679170949721794],[79.39541658713776,11.680323096825337],[79.41778033837535,11.667949729323663],[79.44421636030674,11.66606013223285],[79.43445674056488,11.703387814286366],[79.43580037409154,11.72398956223415],[79.42838975269791,11.731214141077789],[79.46272990528718,11.743278979891283],[79.46369091219835,11.767296714056231],[79.43871726310789,11.766679290195924],[79.43058163929622,11.778586419216813],[79.4434619704025,11.810006460132017],[79.46636465242011,11.807333601020085],[79.46824767127426,11.799287527944797],[79.47983977155076,11.807559600673242],[79.48070424639977,11.836870766654618],[79.4715772139928,11.8354003305985],[79.47216858841904,11.846930836291243],[79.4514420437362,11.84912875651801],[79.45501857015725,11.871542087304244],[79.44092117455459,11.872824650258941],[79.42212257257493,11.890627610991917]]]}},{"type":"Feature","properties":{"id":"t:05736","name":"Mettur","taluk":"Mettur","district":"Salem","state":"Tamil Nadu","sdtcode":"05736","dtcode":"608"},"geometry":{"type":"Polygon","coordinates":[[[77.67710934968174,11.951929817195602],[77.68531921565838,11.877277470446957],[77.66175852128842,11.878433775051214],[77.66249401692728,11.852683695077312],[77.64635764775058,11.82241059628916],[77.65215635735123,11.812769171631837],[77.6613418512186,11.8140293732597],[77.66599575321102,11.824365848152636],[77.69177580106742,11.817784855897385],[77.71061724280467,11.81035381484554],[77.70979680067589,11.79766207456095],[77.72214643316346,11.795149749235717],[77.69092507493382,11.718575723917308],[77.69509728589784,11.70684262120513],[77.68985772545929,11.694818628499313],[77.69818430594754,11.693539272626635],[77.68941724374628,11.652498676271513],[77.69998909232027,11.635034726064118],[77.73286992993383,11.657550799181772],[77.74558365050434,11.654677459293248],[77.77051248354361,11.69712936670983],[77.77647965151452,11.695771076939735],[77.7728825905044,11.685812752707644],[77.78044919266901,11.688400443516182],[77.79708654958469,11.70750254980173],[77.79983343962006,11.725366227418316],[77.81442984307483,11.738893681054675],[77.83462105203547,11.74028967501794],[77.85198823981383,11.72705733381228],[77.85884135506403,11.718144574111733],[77.84330958081966,11.69406967963719],[77.87615091681526,11.677126478153466],[77.8818555162118,11.66558692376973],[77.90325785270309,11.675765017405073],[77.89913559884864,11.68054295293327],[77.9079050173309,11.690585601961926],[77.89981572772327,11.697524407633821],[77.90407887334692,11.723486781178378],[77.9378182704034,11.723825407202465],[77.94624977052356,11.729062201893534],[77.93508398103653,11.742751027102239],[77.94006203740429,11.747862094394424],[77.94559288735353,11.743566872478665],[77.94772291775799,11.749966678383382],[77.93452817720059,11.759453246307313],[77.95071164864086,11.775771237437745],[77.94554274519098,11.780640473033788],[77.95424720469842,11.786884830601537],[77.9696045818102,11.78043046409883],[77.96586163709286,11.768037891372986],[77.97305324472865,11.764094200179645],[77.97681314963852,11.771962191060553],[77.9988205957968,11.76564723584797],[78.01314707976323,11.776225573241588],[78.01996946095264,11.774112931498927],[78.02170158889018,11.779397427203046],[78.00573376252545,11.78645110826821],[78.01041959513464,11.815086915505324],[78.00259607839205,11.816647395061736],[77.99201364586737,11.832365551732439],[77.9917241952081,11.853152775209502],[77.98182764796243,11.856957773073932],[77.99171241649809,11.868990613445757],[77.98207169956389,11.894884287808619],[78.02567585877632,11.913310705317025],[78.05816081153912,11.938012991329426],[78.03439388823446,11.934674872880553],[78.02682524779246,11.920511334736098],[78.01126057993734,11.921368538566771],[77.97829539411184,11.897068811876041],[77.90504699491512,11.900348374386105],[77.8670540067164,11.915807435155802],[77.85001760288013,11.904962880827139],[77.8477055513412,11.894358968111169],[77.80738327562821,11.909140720774968],[77.76194927692806,11.91011084401031],[77.73833166350508,11.939835514533284],[77.6912959417039,11.941901865628864],[77.67710934968174,11.951929817195602]]]}},{"type":"Feature","properties":{"id":"t:05737","name":"Omalur","taluk":"Omalur","district":"Salem","state":"Tamil Nadu","sdtcode":"05737","dtcode":"608"},"geometry":{"type":"Polygon","coordinates":[[[78.23479413118409,11.97932234917854],[78.1448213723381,11.968309302242194],[78.10055886121013,11.955819839761409],[78.07901837370957,11.94000172837702],[78.05816081153912,11.938012991329426],[78.02567585877632,11.913310705317025],[77.98207169956389,11.894884287808619],[77.99171241649809,11.868990613445757],[77.98182764796243,11.856957773073932],[77.9917241952081,11.853152775209502],[77.99201364586737,11.832365551732439],[78.00259607839205,11.816647395061736],[78.01041959513464,11.815086915505324],[78.00573376252545,11.78645110826821],[78.02180294131213,11.778149984896658],[77.9988205957968,11.76564723584797],[77.97681314963852,11.771962191060553],[77.97305324472865,11.764094200179645],[77.96586163709286,11.768037891372986],[77.9696045818102,11.78043046409883],[77.95424720469842,11.786884830601537],[77.93452817720059,11.759453246307313],[77.94772291775799,11.749966678383382],[77.94559288735353,11.743566872478665],[77.94006203740429,11.747862094394424],[77.93508398103653,11.742751027102239],[77.94624977052356,11.729062201893534],[77.9378182704034,11.723825407202465],[77.91252799302306,11.727345996238737],[77.90117513297137,11.718542238738408],[77.89992119622586,11.696860006787226],[77.9079050173309,11.690585601961926],[77.89913559884864,11.68054295293327],[77.90013961080741,11.671662164481527],[77.91524425949038,11.668278661580572],[77.92071836735468,11.660639071192831],[77.92590634024138,11.670035398433743],[77.94558262140646,11.665439180342938],[77.94043388693134,11.649570668997278],[77.94558996872716,11.639602936757846],[77.94314146848649,11.620266916320219],[77.97215519444754,11.621027458086568],[77.96843048912373,11.629887784527602],[77.98476864955762,11.645349683866984],[77.98138577925059,11.64842902502221],[78.00431184172007,11.650124450404501],[78.01652181852032,11.664204723120195],[78.02594700805831,11.659661213675982],[78.03700114234542,11.69373198568156],[78.04977408884264,11.691521013292729],[78.04829682822252,11.676952760864562],[78.06678296560365,11.674521046087484],[78.07049180757784,11.68020352440478],[78.07790290238361,11.678708756589982],[78.07622686525237,11.69060053982013],[78.08517899208026,11.690037054502548],[78.11815704806884,11.707735915614313],[78.11652865578364,11.712784682959006],[78.13089339899803,11.713006456337741],[78.14311486345413,11.721212279571207],[78.11157076389905,11.712169747700262],[78.11050188010208,11.716201431807663],[78.15992676392781,11.759469479403842],[78.16077366862822,11.782747103226507],[78.12778430824014,11.800842284218374],[78.13267998999466,11.818754773057185],[78.14793614943177,11.82308877014956],[78.13733310775784,11.834768823722609],[78.13943507030127,11.84313060548152],[78.1435881372683,11.850280932316682],[78.16476874888625,11.843087871423123],[78.15377166750116,11.86147610874746],[78.15690869137282,11.88640318686891],[78.16684228244586,11.901466890121501],[78.17316487155391,11.890717625538349],[78.19677920792275,11.879833495041352],[78.19719905802866,11.870707744885305],[78.21143858866884,11.878632676326058],[78.2106596199601,11.888390605323606],[78.25290392836008,11.948226779872442],[78.23479413118409,11.97932234917854]]]}},{"type":"Feature","properties":{"id":"t:05738","name":"Edappadi","taluk":"Edappadi","district":"Salem","state":"Tamil Nadu","sdtcode":"05738","dtcode":"608"},"geometry":{"type":"Polygon","coordinates":[[[77.83549734601871,11.739101058480887],[77.81442984307483,11.738893681054675],[77.80445050170266,11.732047992407521],[77.79708654958469,11.70750254980173],[77.76855647297934,11.679536968926808],[77.76122271054311,11.64828735374789],[77.73585811823425,11.601390815941983],[77.74601922022941,11.571834534039246],[77.74199989264527,11.557122069964086],[77.7531267734024,11.560320271479844],[77.75951571746717,11.57408640198386],[77.74766291980706,11.577341004993674],[77.76418337805653,11.594573020209074],[77.80993371938227,11.588634671917287],[77.8075168640941,11.573157637184394],[77.81415252596011,11.562627518117472],[77.85262112808435,11.565368245333431],[77.83864852823756,11.53466666537093],[77.9014835596427,11.526401494781629],[77.91393375583141,11.538970456531278],[77.9159888568597,11.550487239528882],[77.93064885025682,11.556171159126452],[77.91890208793623,11.56726068314429],[77.92461994916127,11.57619134196326],[77.94088298708122,11.568743851449879],[77.95685035979673,11.588040446463113],[77.95143064312629,11.618918067670931],[77.94138128616257,11.622351083959467],[77.94558262140646,11.665439180342938],[77.92590634024138,11.670035398433743],[77.92071836735468,11.660639071192831],[77.91524425949038,11.668278661580572],[77.8996714672718,11.671936837900155],[77.87915456691836,11.665641234872707],[77.87615091681526,11.677126478153466],[77.84330958081966,11.69406967963719],[77.85884135506403,11.718144574111733],[77.83549734601871,11.739101058480887]]]}},{"type":"Feature","properties":{"id":"t:05739","name":"Sankari","taluk":"Sankari","district":"Salem","state":"Tamil Nadu","sdtcode":"05739","dtcode":"608"},"geometry":{"type":"Polygon","coordinates":[[[77.9988422766362,11.653280913759104],[77.98138577925059,11.64842902502221],[77.98476864955762,11.645349683866984],[77.96843048912373,11.629887784527602],[77.97215519444754,11.621027458086568],[77.96170245349707,11.624203712133808],[77.95143064312629,11.618918067670931],[77.95685035979673,11.588040446463113],[77.94088298708122,11.568743851449879],[77.92461994916127,11.57619134196326],[77.91890208793623,11.56726068314429],[77.93064885025682,11.556171159126452],[77.9159888568597,11.550487239528882],[77.91393375583141,11.538970456531278],[77.9014835596427,11.526401494781629],[77.8393040289004,11.534264413782871],[77.85262112808435,11.565368245333431],[77.81693064412967,11.561516196433356],[77.8075168640941,11.573157637184394],[77.81238197348453,11.587921148545837],[77.76369295540357,11.594315132705406],[77.74766291980706,11.577341004993674],[77.75951571746717,11.57408640198386],[77.75303060695458,11.56018015194934],[77.74253605571586,11.556312686189562],[77.74472215177383,11.565812680061747],[77.72402335245684,11.536729413203517],[77.73139396109109,11.509761576035315],[77.70248288112597,11.4825817661364],[77.6965484064415,11.464498499880717],[77.71190843178671,11.46387532330064],[77.70863698221929,11.449240344630883],[77.71933765549323,11.453386623313929],[77.73138117177639,11.444803615045725],[77.74203949577287,11.445857420791079],[77.76099626412461,11.451056983402141],[77.76547178405782,11.477781257116018],[77.77269670841086,11.48287808083006],[77.784851626569,11.477905667372617],[77.79141299955765,11.465658457284471],[77.78425089169751,11.450880112079254],[77.79582189234456,11.447358047303561],[77.79780468707732,11.451955526506817],[77.80430306570668,11.448644025743416],[77.80573929847112,11.459135428447077],[77.81428565269194,11.457623271138548],[77.81577737708645,11.467468266179921],[77.80817479020817,11.46884506984802],[77.83115129936908,11.469017047351976],[77.8344065855496,11.45710271821823],[77.81997456301202,11.44620227707044],[77.84985092676739,11.43470778934394],[77.84715359498962,11.421282937083182],[77.85199178546429,11.422399911005002],[77.85243684319539,11.415176861677756],[77.86366139777333,11.423720581625506],[77.87474927188418,11.413699987524899],[77.88010070671159,11.423549223772392],[77.91089445159467,11.422295518809273],[77.9143904557286,11.457917648704388],[77.92408556565324,11.451579223795376],[77.9232164995148,11.461035265123527],[77.94109655345517,11.459865896563239],[77.94849607975672,11.474057207242994],[77.97189728004463,11.468314767141697],[77.9769466716291,11.501428032818115],[77.97176645120328,11.515584792139448],[77.97727155543643,11.530363462212053],[78.02484850231482,11.526890152519709],[78.03461521695078,11.528692497475902],[78.04208241154606,11.541554326596435],[78.02538288312789,11.557811846691315],[78.0196643562512,11.552159698302974],[78.00573963840573,11.560534268481707],[78.01472404260011,11.572479758751061],[78.01315846590944,11.589826931192027],[77.99925179162477,11.59444502379075],[78.00066793177125,11.605736586020292],[78.02096833814122,11.607485138411475],[78.02082658488771,11.618658501809128],[78.03014541748932,11.625306191421636],[77.9988422766362,11.653280913759104]]]}},{"type":"Feature","properties":{"id":"t:05740","name":"Salem","taluk":"Salem","district":"Salem","state":"Tamil Nadu","sdtcode":"05740","dtcode":"608"},"geometry":{"type":"Polygon","coordinates":[[[78.31454954271832,11.781428851743843],[78.20997268365223,11.711679771657508],[78.19419287647307,11.7200321779389],[78.18489895954414,11.712919629196486],[78.18847810994414,11.720566746465162],[78.17956676483351,11.722521041028001],[78.17352004385766,11.740312623518122],[78.14719627091263,11.747154226609966],[78.11050188010208,11.716201431807663],[78.11157076389905,11.712169747700262],[78.14311486345413,11.721212279571207],[78.13089339899803,11.713006456337741],[78.11652865578364,11.712784682959006],[78.11815704806884,11.707735915614313],[78.08517899208026,11.690037054502548],[78.07622686525237,11.69060053982013],[78.07790290238361,11.678708756589982],[78.04829682822252,11.676952760864562],[78.04977408884264,11.691521013292729],[78.03634083749246,11.693207455995038],[78.02594700805831,11.659661213675982],[78.01652181852032,11.664204723120195],[78.0058383955948,11.651033641839065],[78.03014541748932,11.625306191421636],[78.02082658488771,11.618658501809128],[78.02293004132943,11.609013590467947],[78.00521954799218,11.608111553869872],[77.99855801284939,11.596622499284052],[78.01315846590944,11.589826931192027],[78.01472404260011,11.572479758751061],[78.00573963840573,11.560534268481707],[78.0196643562512,11.552159698302974],[78.02538288312789,11.557811846691315],[78.04173276657623,11.545685466349166],[78.03558440571757,11.522256296842972],[78.0539566277375,11.513461127928505],[78.05504519362238,11.522280028229728],[78.05870426623491,11.51573142564755],[78.0708337072733,11.528033073042103],[78.07021144427596,11.522785197073977],[78.07885082263772,11.524038873047752],[78.07502218942206,11.532300758791665],[78.08308120221137,11.554120380333273],[78.0902972997184,11.545483596005868],[78.11008920843359,11.555967570445727],[78.11911991988255,11.539167114860462],[78.13216480078933,11.538195423248785],[78.13870128325806,11.544093909585838],[78.1482256989057,11.537543929403903],[78.16054192933606,11.538876312914091],[78.1667679064319,11.548778924904445],[78.17680127158692,11.546011167482613],[78.20141783136881,11.553152274188738],[78.20731131862179,11.56456833831554],[78.24355552321927,11.55277393369622],[78.2638446719021,11.559136517549017],[78.27710361325626,11.565867264950725],[78.26428158550686,11.567060307743482],[78.2718822212443,11.578738370207255],[78.3101173557178,11.587866893562754],[78.31884234622107,11.606066372354974],[78.3123364540827,11.627060342039552],[78.29777097243661,11.639111422949638],[78.27650348654416,11.642286702547896],[78.27145851377257,11.633109282127888],[78.25416138380658,11.62709975371176],[78.25914814754437,11.642284514401057],[78.24057839407833,11.634305526185841],[78.22403136905265,11.63665277626094],[78.22448280212734,11.655659216879172],[78.21881120503772,11.657536874815664],[78.22590399799223,11.680301677564435],[78.23395493672373,11.675286154762734],[78.2552706810116,11.67716743455638],[78.25865253352741,11.688741884401797],[78.24590925568906,11.694586368088624],[78.2488098268083,11.700908605442704],[78.26865092367515,11.704954291314007],[78.2763308806522,11.700724873318915],[78.30925843964371,11.721321053220352],[78.31688724565018,11.744861057343535],[78.30543322451773,11.74612844028757],[78.31381963010895,11.760616411472645],[78.30923592067617,11.764963451627226],[78.31454954271832,11.781428851743843]]]}},{"type":"Feature","properties":{"id":"t:05741","name":"Yercaud","taluk":"Yercaud","district":"Salem","state":"Tamil Nadu","sdtcode":"05741","dtcode":"608"},"geometry":{"type":"Polygon","coordinates":[[[78.26260206560725,11.940506528476295],[78.23377901065851,11.91860756519758],[78.20966328590204,11.88668683355454],[78.209770277049,11.876399509530861],[78.19719905802866,11.870707744885305],[78.19677920792275,11.879833495041352],[78.17316487155391,11.890717625538349],[78.16684228244586,11.901466890121501],[78.15690869137282,11.88640318686891],[78.15377166750116,11.86147610874746],[78.16476874888625,11.843087871423123],[78.1435881372683,11.850280932316682],[78.13943507030127,11.84313060548152],[78.13733310775784,11.834768823722609],[78.14793614943177,11.82308877014956],[78.13267998999466,11.818754773057185],[78.12778430824014,11.800842284218374],[78.16077366862822,11.782747103226507],[78.15992676392781,11.759469479403842],[78.14719627091263,11.747154226609966],[78.17352004385766,11.740312623518122],[78.17956676483351,11.722521041028001],[78.18847810994414,11.720566746465162],[78.18489895954414,11.712919629196486],[78.19419287647307,11.7200321779389],[78.20997268365223,11.711679771657508],[78.2345606042445,11.72335132643047],[78.32568071382926,11.793903752917664],[78.35073556702814,11.833976631378842],[78.34796263752764,11.84854407988797],[78.36751410676712,11.880623513951498],[78.36570548279153,11.891896047618324],[78.35308894735832,11.894218446689145],[78.35701159106507,11.913649842910434],[78.33996726947792,11.897276880880245],[78.33623087527565,11.900535194382984],[78.30910663424217,11.881247832049587],[78.32634965059378,11.899643090492834],[78.32266321080614,11.90526973553681],[78.33120687277605,11.919007318988454],[78.31949526243079,11.932438235225877],[78.29153787259888,11.914599888604576],[78.29260965885257,11.90683050272493],[78.27020111312329,11.89946435239209],[78.28018409357068,11.923645012862373],[78.29362157059595,11.929778321227724],[78.27498534269716,11.931498666162245],[78.27204469773312,11.93916787823268],[78.26260206560725,11.940506528476295]]]}},{"type":"Feature","properties":{"id":"t:05742","name":"Vazhapadi","taluk":"Vazhapadi","district":"Salem","state":"Tamil Nadu","sdtcode":"05742","dtcode":"608"},"geometry":{"type":"Polygon","coordinates":[[[78.4170388257603,11.880121732940767],[78.40310296880529,11.87360325950312],[78.38186355885873,11.827519063689005],[78.35084488660831,11.792329926296668],[78.34497241544139,11.793545166504341],[78.32823922804783,11.776041427848584],[78.31454954271832,11.781428851743843],[78.30923592067617,11.764963451627226],[78.31381963010895,11.760616411472645],[78.30543322451773,11.74612844028757],[78.31688724565018,11.744861057343535],[78.30925843964371,11.721321053220352],[78.2763308806522,11.700724873318915],[78.26865092367515,11.704954291314007],[78.2488098268083,11.700908605442704],[78.24590925568906,11.694586368088624],[78.25865253352741,11.688741884401797],[78.2552706810116,11.67716743455638],[78.23395493672373,11.675286154762734],[78.22716523983767,11.680685445229372],[78.22000223366224,11.667647642357274],[78.22403136905265,11.63665277626094],[78.24057839407833,11.634305526185841],[78.25914814754437,11.642284514401057],[78.25416138380658,11.62709975371176],[78.28554110244441,11.64228526138001],[78.3123364540827,11.627060342039552],[78.31884234622107,11.606066372354974],[78.3101173557178,11.587866893562754],[78.3192147077878,11.578553159868731],[78.3177304780377,11.573404549729633],[78.31027629374269,11.574980327952975],[78.30722112705466,11.564673997934422],[78.3294363149106,11.558553999868733],[78.3232005955855,11.542669499736652],[78.3100183263392,11.541251955763684],[78.32780913624937,11.531316078313406],[78.34517023704338,11.541669484677938],[78.34345996601496,11.546568992625849],[78.37444573477316,11.588598293461303],[78.37578438085336,11.577402219604794],[78.38282113061224,11.575259723124779],[78.38580583614433,11.586537107701025],[78.43425117811968,11.596968656040914],[78.4255023112945,11.614412886084628],[78.41614019606583,11.615291117203613],[78.42589081019698,11.633478177598409],[78.41677636857698,11.639256064851699],[78.42709503956459,11.674768080807764],[78.4193929175562,11.688130328245096],[78.42634201509955,11.695017714728206],[78.42630422746714,11.688897671575736],[78.43384862597287,11.690496404959786],[78.43826365245654,11.70493232858488],[78.42705673629918,11.71620723188517],[78.41615814979511,11.708949773374504],[78.40848108988483,11.71375991380509],[78.43925875672093,11.744825344922303],[78.42960412937454,11.7738854321641],[78.43879668759328,11.791000724419968],[78.4687235645154,11.807422875389802],[78.47533941134286,11.819995116147046],[78.44904231297187,11.830186216481044],[78.43302628929716,11.862290311263466],[78.44143925447808,11.868404024229312],[78.4170388257603,11.880121732940767]]]}},{"type":"Feature","properties":{"id":"t:05743","name":"Attur","taluk":"Attur","district":"Salem","state":"Tamil Nadu","sdtcode":"05743","dtcode":"608"},"geometry":{"type":"Polygon","coordinates":[[[78.62684864103672,11.868872031191513],[78.60841555815627,11.850579184417695],[78.59552895860594,11.822685433363498],[78.53935060335623,11.806654601166823],[78.5218394497738,11.815390026216058],[78.51191222865444,11.811553222618713],[78.4739161789972,11.81767238699727],[78.4687235645154,11.807422875389802],[78.43879668759328,11.791000724419968],[78.42960412937454,11.7738854321641],[78.43925875672093,11.744825344922303],[78.40827914052412,11.712494342848196],[78.41689198714396,11.709049117025446],[78.42705673629918,11.71620723188517],[78.43831857365639,11.704421560057014],[78.43384862597287,11.690496404959786],[78.42630422746714,11.688897671575736],[78.42634201509955,11.695017714728206],[78.4193929175562,11.688130328245096],[78.42709503956459,11.674768080807764],[78.41677636857698,11.639256064851699],[78.42589081019698,11.633478177598409],[78.41614019606583,11.615291117203613],[78.4255023112945,11.614412886084628],[78.43425117811968,11.596968656040914],[78.4515716597915,11.597123025078968],[78.44876235570851,11.56554242912784],[78.46058334671936,11.561408054652476],[78.45427512257103,11.54240758261572],[78.46648450288994,11.537590332515537],[78.45977776092876,11.534414714028616],[78.46157758770278,11.529297544891218],[78.47019447135148,11.529340209440486],[78.47326767710875,11.522739978039558],[78.46499394630531,11.505552846238801],[78.48092446563632,11.505151802085939],[78.47648819938608,11.492287768130744],[78.48351616721474,11.486617250898824],[78.49744219390563,11.495181921133698],[78.48777636546595,11.482317112437963],[78.49252261426957,11.478636005946987],[78.50485614894725,11.483074850559367],[78.51989165070955,11.471785294546203],[78.53384222476384,11.481643871601056],[78.55130622757366,11.483904554644148],[78.5562174016736,11.471412427035046],[78.54899398649022,11.459590614423021],[78.5594644826423,11.460090504038517],[78.59381129983264,11.480757817259278],[78.60205556769141,11.480157534683565],[78.5984278274177,11.462574190291301],[78.6180899708968,11.491128729198016],[78.60529959887971,11.48680228155883],[78.58497890405906,11.491722233820806],[78.57949628555579,11.50102810954547],[78.58409051875208,11.504109898862879],[78.57269320916184,11.50615952527933],[78.57336704174466,11.515651080687658],[78.60461254219759,11.522212067081565],[78.63040419269417,11.51131289410399],[78.62950612534509,11.524164906213153],[78.65455387107343,11.570014501686558],[78.67434696646312,11.562864788066994],[78.68300963275027,11.550112322643791],[78.67415871191892,11.535219164267554],[78.7003307378529,11.505221825415953],[78.74609018540069,11.501427141097652],[78.75281197773613,11.536306142647145],[78.7705926555482,11.545823450870436],[78.78238691628947,11.544778977049306],[78.77780618836512,11.536239094106019],[78.78668712370676,11.528133134313837],[78.81337668344896,11.527118871666262],[78.81020942497979,11.507980327419707],[78.83379887082876,11.506687706679608],[78.8429906178688,11.52307863430483],[78.8344093775739,11.531227053917767],[78.83466475333783,11.540054705102209],[78.81460577099712,11.544778885514635],[78.81611477179116,11.561769973370597],[78.82927263650616,11.5782118328169],[78.8175709866808,11.590924371983663],[78.77528771924528,11.606031690070964],[78.77668802029666,11.613413347509745],[78.78638029244335,11.613543183948835],[78.78978665549172,11.628939366845398],[78.78619713404179,11.641359172221597],[78.77352514470776,11.636663057327741],[78.80643614146038,11.661402098776282],[78.80455371998589,11.68830454786601],[78.78059560195108,11.70339855381146],[78.71789807117487,11.683254620414864],[78.70954361326844,11.690220071502434],[78.69311579198602,11.68940464652656],[78.67781851126847,11.671894305989927],[78.68291201462499,11.667249831598017],[78.67844474931093,11.665044164060117],[78.68004783335961,11.643630062202595],[78.6590157455975,11.648000368545329],[78.6599694321374,11.661684876257805],[78.64582302714777,11.66049896510905],[78.65262041720595,11.715325459494846],[78.63786127854758,11.721299213174406],[78.64312436496508,11.768393444500582],[78.66220012595598,11.779931337948298],[78.66523945893881,11.796708957328832],[78.69219936397086,11.803940703213806],[78.69515674634525,11.851286329041928],[78.62684864103672,11.868872031191513]]]}},{"type":"Feature","properties":{"id":"t:05744","name":"Gangavalli","taluk":"Gangavalli","district":"Salem","state":"Tamil Nadu","sdtcode":"05744","dtcode":"608"},"geometry":{"type":"Polygon","coordinates":[[[78.65515734400995,11.569948860507113],[78.62950612534509,11.524164906213153],[78.63040419269417,11.51131289410399],[78.60461254219759,11.522212067081565],[78.57336704174466,11.515651080687658],[78.57269320916184,11.50615952527933],[78.58409051875208,11.504109898862879],[78.57949628555579,11.50102810954547],[78.58497890405906,11.491722233820806],[78.60529959887971,11.48680228155883],[78.6180899708968,11.491128729198016],[78.5984278274177,11.462574190291301],[78.60086861472334,11.480668187042282],[78.5501304541393,11.459396561113014],[78.5562174016736,11.471412427035046],[78.55130622757366,11.483904554644148],[78.53384222476384,11.481643871601056],[78.51989165070955,11.471785294546203],[78.50485614894725,11.483074850559367],[78.48992478168934,11.480002036960775],[78.49744219390563,11.495181921133698],[78.48351616721474,11.486617250898824],[78.47648819938608,11.492287768130744],[78.48092446563632,11.505151802085939],[78.46499394630531,11.505552846238801],[78.46175972921148,11.494972686926673],[78.45829258525268,11.502413306515152],[78.43989012953352,11.495140806887504],[78.43416232844986,11.499011092883881],[78.43597895371971,11.485925265877519],[78.42586222580464,11.470970222704517],[78.43764716832143,11.464847966042639],[78.44534869474678,11.439723845151518],[78.4579443587227,11.438880047055925],[78.44849892115819,11.43101302185901],[78.44482215532783,11.403188309783749],[78.42696968685318,11.385007550829037],[78.44734121014923,11.400222649406064],[78.4711623809173,11.408099113242585],[78.47400618300212,11.404346545768908],[78.48975645267646,11.414203829918538],[78.486166473984,11.40748382221963],[78.49622806959513,11.408948963487175],[78.50974908185702,11.39685696412747],[78.50474401404696,11.380618817256227],[78.51525602314494,11.384541975977651],[78.52342912017866,11.37073169634995],[78.54236233739861,11.369521990027382],[78.55338210483787,11.358717531511305],[78.55286518278236,11.32011587552778],[78.57523054829254,11.315799600138952],[78.58433798844318,11.331092593378173],[78.5889463215962,11.326604807537123],[78.6044676816715,11.338833360375125],[78.62181366022601,11.336520022095733],[78.64200878763792,11.342820843261086],[78.66312866685446,11.373849531076484],[78.65072632841253,11.40753879175778],[78.65127741429663,11.422482084049854],[78.6882960457208,11.435558010661708],[78.6996140664108,11.455800821521049],[78.70818784619723,11.457064244952587],[78.74129188910777,11.449708358672668],[78.77249214411479,11.415416868345108],[78.78912304034692,11.386561833046219],[78.79283278153476,11.389975597200355],[78.79878072555857,11.384295556821263],[78.80136893358888,11.402272563943825],[78.82272736492068,11.427137794490363],[78.81927935597574,11.439616988740138],[78.78945991935826,11.45382944768914],[78.79617545582606,11.46100022772588],[78.79837840787208,11.481942206774798],[78.80967930038454,11.481999358295123],[78.81337668344896,11.527118871666262],[78.78668712370676,11.528133134313837],[78.77780618836512,11.536239094106019],[78.78238691628947,11.544778977049306],[78.7705926555482,11.545823450870436],[78.75281197773613,11.536306142647145],[78.74609018540069,11.501427141097652],[78.7003307378529,11.505221825415953],[78.67415871191892,11.535219164267554],[78.68300963275027,11.550112322643791],[78.67434696646312,11.562864788066994],[78.65515734400995,11.569948860507113]]]}},{"type":"Feature","properties":{"id":"t:05745","name":"Tiruchengode","taluk":"Tiruchengode","district":"Namakkal","state":"Tamil Nadu","sdtcode":"05745","dtcode":"609"},"geometry":{"type":"Polygon","coordinates":[[[77.97855965151896,11.530747193252854],[77.97176645120328,11.515584792139448],[77.9769466716291,11.501428032818115],[77.97189728004463,11.468314767141697],[77.94849607975672,11.474057207242994],[77.94109655345517,11.459865896563239],[77.9232164995148,11.461035265123527],[77.92408556565324,11.451579223795376],[77.9143904557286,11.457917648704388],[77.91089445159467,11.422295518809273],[77.88010070671159,11.423549223772392],[77.87474927188418,11.413699987524899],[77.86366139777333,11.423720581625506],[77.85243684319539,11.415176861677756],[77.85199178546429,11.422399911005002],[77.84715359498962,11.421282937083182],[77.84985092676739,11.43470778934394],[77.81997456301202,11.44620227707044],[77.8344065855496,11.45710271821823],[77.83115129936908,11.469017047351976],[77.80817479020817,11.46884506984802],[77.81577737708645,11.467468266179921],[77.81428565269194,11.457623271138548],[77.80573929847112,11.459135428447077],[77.80430306570668,11.448644025743416],[77.79780468707732,11.451955526506817],[77.79582189234456,11.447358047303561],[77.78425089169751,11.450880112079254],[77.79141299955765,11.465658457284471],[77.784851626569,11.477905667372617],[77.77269670841086,11.48287808083006],[77.76547178405782,11.477781257116018],[77.76099626412461,11.451056983402141],[77.74203949577287,11.445857420791079],[77.73138117177639,11.444803615045725],[77.71933765549323,11.453386623313929],[77.70863698221929,11.449240344630883],[77.71190843178671,11.46387532330064],[77.6965484064415,11.464498499880717],[77.68640731082603,11.441647275672109],[77.68434969990484,11.417777243316367],[77.71744878052174,11.378345130512077],[77.73883804113579,11.367923767791446],[77.75077922044345,11.354223968754782],[77.75751180244376,11.334379201503221],[77.77236106727798,11.32212645635603],[77.80765017498055,11.267669914406207],[77.83876252534546,11.26154652258944],[77.86263449674114,11.245267382184572],[77.87573930246387,11.258941190268946],[77.87543237597907,11.279037619993622],[77.89076500899633,11.2915988152816],[77.89513037481441,11.307138701284854],[77.9881454212022,11.300655357942363],[77.99674524135209,11.287358518791644],[78.02752965273935,11.288987124596435],[78.03035178656123,11.271992463285294],[78.03889741943486,11.269956662337156],[78.0564078381954,11.292186848384555],[78.0695984518924,11.285730500147054],[78.07720851634708,11.292756244348865],[78.08297604093262,11.280864770938368],[78.11580664655213,11.271963472642168],[78.13275055266024,11.287888108568634],[78.13265934042123,11.309033134084846],[78.10761563531501,11.320391371093331],[78.10486244988614,11.328314832954659],[78.09069545730685,11.330605073292418],[78.09942356406582,11.351131732247655],[78.0942973099307,11.356428768986296],[78.09843236208303,11.36957808097083],[78.09386058856542,11.370296331175007],[78.08965565017897,11.331834385655787],[78.07463097401416,11.339118387334315],[78.07382196833726,11.354866138608621],[78.08967854194734,11.367457122267316],[78.09738909913625,11.402660392041213],[78.11356941659155,11.430857854587874],[78.11446214794788,11.447541449327835],[78.10594271623611,11.465286627586883],[78.09484393028951,11.467107139052155],[78.08702916134115,11.446246083812657],[78.06652333272358,11.450233595920613],[78.06073719235042,11.465360868198095],[78.05222705550693,11.467433492814544],[78.04684507167163,11.49162322037023],[78.04992510372674,11.50180696094834],[78.07814102151092,11.493388769273544],[78.08087561540664,11.502221041448545],[78.06949928507154,11.508623814348034],[78.07699054912655,11.52061231623409],[78.0708337072733,11.528033073042103],[78.05870426623491,11.51573142564755],[78.05504519362238,11.522280028229728],[78.0539566277375,11.513461127928505],[78.04361189931849,11.515148742180026],[78.04627798409742,11.519859448147685],[78.03558440571757,11.522256296842972],[78.03461521695078,11.528692497475902],[78.00405894440804,11.525033291195326],[77.97855965151896,11.530747193252854]]]}},{"type":"Feature","properties":{"id":"t:05746","name":"Rasipuram","taluk":"Rasipuram","district":"Namakkal","state":"Tamil Nadu","sdtcode":"05746","dtcode":"609"},"geometry":{"type":"Polygon","coordinates":[[[78.43958079376716,11.598146450817763],[78.38580583614433,11.586537107701025],[78.38282113061224,11.575259723124779],[78.37578438085336,11.577402219604794],[78.37444573477316,11.588598293461303],[78.34345996601496,11.546568992625849],[78.34517023704338,11.541669484677938],[78.32843250776773,11.531347853809653],[78.3100183263392,11.541251955763684],[78.3232005955855,11.542669499736652],[78.3294363149106,11.558553999868733],[78.30722112705466,11.564673997934422],[78.31027629374269,11.574980327952975],[78.3177304780377,11.573404549729633],[78.3192147077878,11.578553159868731],[78.30319922849216,11.588823375346589],[78.2718822212443,11.578738370207255],[78.26428158550686,11.567060307743482],[78.27710361325626,11.565867264950725],[78.26617760028823,11.55990582426685],[78.24355552321927,11.55277393369622],[78.20731131862179,11.56456833831554],[78.20141783136881,11.553152274188738],[78.17680127158692,11.546011167482613],[78.1667679064319,11.548778924904445],[78.16054192933606,11.538876312914091],[78.1482256989057,11.537543929403903],[78.13870128325806,11.544093909585838],[78.13216480078933,11.538195423248785],[78.11911991988255,11.539167114860462],[78.11008920843359,11.555967570445727],[78.0902972997184,11.545483596005868],[78.08308120221137,11.554120380333273],[78.07502218942206,11.532300758791665],[78.0793548933948,11.52478020807137],[78.06967237425711,11.513735966652098],[78.08078887048956,11.500015595980077],[78.07515321409618,11.492172296682101],[78.04992510372674,11.50180696094834],[78.05222705550693,11.467433492814544],[78.06073719235042,11.465360868198095],[78.06652333272358,11.450233595920613],[78.08702916134115,11.446246083812657],[78.09484393028951,11.467107139052155],[78.10594271623611,11.465286627586883],[78.11446214794788,11.447541449327835],[78.10878201416813,11.420380077168886],[78.12159242849754,11.419273319158982],[78.11723561643753,11.410233044254513],[78.14387292477294,11.415724767387315],[78.14155510784653,11.424918739150916],[78.17324739528745,11.426154134607522],[78.17210419027373,11.411400880399867],[78.18689643185034,11.425672655576859],[78.19617445758188,11.425150899234737],[78.19535113725094,11.41218757970586],[78.20363989417413,11.414517884423876],[78.21001979040742,11.406945096407075],[78.20457429298659,11.397133522434403],[78.2302986947027,11.39780832477154],[78.23278934748977,11.39361286743966],[78.22029867770598,11.386986025417372],[78.22443918802199,11.384467017613883],[78.24280384802385,11.393084772518957],[78.24208439000773,11.403924180969996],[78.2538998680577,11.404836811285573],[78.26275050322481,11.418237898748322],[78.2895309033035,11.416434793884562],[78.2812261249272,11.411071354559725],[78.28100308941183,11.379435339244779],[78.27045184908879,11.35754084715257],[78.28824055514455,11.351381505767323],[78.29204181759181,11.337872192591723],[78.31315954444491,11.327942469457428],[78.32410058083777,11.33419599072509],[78.31156032405025,11.331119745967554],[78.2914533860464,11.345058875544156],[78.33251523485139,11.360246699141857],[78.35348580957613,11.360050384933475],[78.35846085029947,11.354165677358646],[78.35247901643324,11.348293562077242],[78.35402806412264,11.33793820298549],[78.36508982420818,11.33302112369483],[78.38168440784162,11.337650013710698],[78.3853260809854,11.34808231880667],[78.41632234745602,11.346136425578262],[78.42516427525304,11.355568556882416],[78.4595430113821,11.34268349693838],[78.45464834472382,11.349356425741739],[78.46455088912234,11.377183866586012],[78.47904906808901,11.38795516642219],[78.48985719065072,11.414032055980654],[78.47400618300212,11.404346545768908],[78.4711623809173,11.408099113242585],[78.44734121014923,11.400222649406064],[78.42696968685318,11.385007550829037],[78.44482215532783,11.403188309783749],[78.44849892115819,11.43101302185901],[78.4579443587227,11.438880047055925],[78.44534869474678,11.439723845151518],[78.43764716832143,11.464847966042639],[78.42586222580464,11.470970222704517],[78.43597895371971,11.485925265877519],[78.43286919192028,11.495454083999784],[78.457683099892,11.502436081838125],[78.46175972921148,11.494972686926673],[78.4733538659687,11.520109282415413],[78.47019447135148,11.529340209440486],[78.46157758770278,11.529297544891218],[78.45977776092876,11.534414714028616],[78.46648450288994,11.537590332515537],[78.45427512257103,11.54240758261572],[78.46058334671936,11.561408054652476],[78.44876235570851,11.56554242912784],[78.4515716597915,11.597123025078968],[78.43958079376716,11.598146450817763]]]}},{"type":"Feature","properties":{"id":"t:05747","name":"Namakkal","taluk":"Namakkal","district":"Namakkal","state":"Tamil Nadu","sdtcode":"05747","dtcode":"609"},"geometry":{"type":"Polygon","coordinates":[[[78.15901199510097,11.427633960528512],[78.1552085039335,11.422061151555132],[78.14155510784653,11.424918739150916],[78.14387292477294,11.415724767387315],[78.12911550728663,11.409672802709284],[78.11723561643753,11.410233044254513],[78.12159242849754,11.419273319158982],[78.10614295610286,11.420420556862005],[78.08967854194734,11.367457122267316],[78.07382196833726,11.354866138608621],[78.07463097401416,11.339118387334315],[78.08965565017897,11.331834385655787],[78.09386058856542,11.370296331175007],[78.09843236208303,11.36957808097083],[78.0942973099307,11.356428768986296],[78.09942356406582,11.351131732247655],[78.09069545730685,11.330605073292418],[78.10486244988614,11.328314832954659],[78.10761563531501,11.320391371093331],[78.13265934042123,11.309033134084846],[78.1319124577378,11.28666768573199],[78.11473511541999,11.271787179128003],[78.08297604093262,11.280864770938368],[78.07720851634708,11.292756244348865],[78.0695984518924,11.285730500147054],[78.0564078381954,11.292186848384555],[78.03889741943486,11.269956662337156],[78.04152712064813,11.23442935014754],[78.05348648724704,11.235576299489388],[78.0545440585597,11.217581901782712],[78.06154591865125,11.21150855406046],[78.0587094558023,11.182710211079682],[78.04267291191157,11.166953327113985],[78.04877626537787,11.144724947805763],[78.07722947404267,11.141797708899304],[78.07777284070352,11.149604081256472],[78.09079081796582,11.151093141568081],[78.0917992783819,11.177662700655278],[78.10256678002474,11.172791149742661],[78.10973078872007,11.176254074378022],[78.11739433257856,11.168181510240803],[78.11917020218227,11.1773619909741],[78.13423134096446,11.177366669667693],[78.12936953917085,11.16431708998232],[78.12293796555426,11.16370675367751],[78.12150565663096,11.135030925089797],[78.11455308260746,11.13151853599596],[78.13101677182252,11.121999438583222],[78.12084707833999,11.10584425796731],[78.12528206718589,11.078013718808707],[78.11353494464083,11.07196086130057],[78.11352621032135,11.065025731010007],[78.16484477151211,11.01326020431521],[78.19471887869946,11.022123848181797],[78.19876519347139,11.029074980773707],[78.19657759812519,11.04612106833468],[78.18204863928362,11.041929211427302],[78.16243768719929,11.046868022920547],[78.18320706085994,11.06963759960308],[78.19572166894945,11.064685603513075],[78.20309650685203,11.075211342084819],[78.22889938808633,11.054677831166869],[78.23663262234624,11.066676265933209],[78.22983786614849,11.094920519457425],[78.248815199632,11.092385822854839],[78.2563454424855,11.075028076387033],[78.26545388785092,11.070371443957372],[78.27785691889395,11.079488518521309],[78.29082675633849,11.077250597867973],[78.32381606013274,11.057993513836383],[78.32835029664787,11.03319661737423],[78.34457152877113,11.026310123249473],[78.35006468451269,11.04836467718586],[78.36004007689085,11.046715604145788],[78.36329267531202,11.065153636655339],[78.35068976372843,11.06928860853733],[78.33803481363871,11.083588965279427],[78.33814322861542,11.094934545409751],[78.32391881751978,11.097309899613624],[78.34338595022545,11.11222482622013],[78.34599669608791,11.138044213065964],[78.38054559469134,11.137508215898164],[78.37681975928692,11.176304610450776],[78.38735046052929,11.17723507311917],[78.38112404685224,11.187070183821591],[78.4106111831714,11.197556660004034],[78.42186651852256,11.21173490501499],[78.42010514323596,11.220816065685142],[78.43949439110817,11.258967020218785],[78.4380769178618,11.268595209931954],[78.44698056441045,11.274898794995204],[78.45249105314545,11.298067513938287],[78.46497504934499,11.311751009299927],[78.46241808831353,11.32246441948298],[78.4557154507549,11.332252148546502],[78.4472052618091,11.33216380586266],[78.44679613040114,11.344865363163896],[78.43553450504636,11.353686379568606],[78.42516427525304,11.355568556882416],[78.4190936321412,11.346687453488954],[78.4039959409101,11.344166968309585],[78.3853260809854,11.34808231880667],[78.38168440784162,11.337650013710698],[78.36508982420818,11.33302112369483],[78.35402806412264,11.33793820298549],[78.35247901643324,11.348293562077242],[78.35846085029947,11.354165677358646],[78.3423453696481,11.361002972114616],[78.2914533860464,11.345058875544156],[78.31156032405025,11.331119745967554],[78.32410058083777,11.33419599072509],[78.31315954444491,11.327942469457428],[78.29204181759181,11.337872192591723],[78.28824055514455,11.351381505767323],[78.27045184908879,11.35754084715257],[78.28100308941183,11.379435339244779],[78.2812261249272,11.411071354559725],[78.2895309033035,11.416434793884562],[78.26275050322481,11.418237898748322],[78.2538998680577,11.404836811285573],[78.24208439000773,11.403924180969996],[78.24280384802385,11.393084772518957],[78.22443918802199,11.384467017613883],[78.22029867770598,11.386986025417372],[78.23278934748977,11.39361286743966],[78.2302986947027,11.39780832477154],[78.20457429298659,11.397133522434403],[78.21001979040742,11.406945096407075],[78.20363989417413,11.414517884423876],[78.19535113725094,11.41218757970586],[78.19617445758188,11.425150899234737],[78.18689643185034,11.425672655576859],[78.17210419027373,11.411400880399867],[78.17324739528745,11.426154134607522],[78.15901199510097,11.427633960528512]]]}},{"type":"Feature","properties":{"id":"t:05748","name":"Paramathi-Velur","taluk":"Paramathi-Velur","district":"Namakkal","state":"Tamil Nadu","sdtcode":"05748","dtcode":"609"},"geometry":{"type":"Polygon","coordinates":[[[77.90418940565276,11.30721491494291],[77.89412275971306,11.306686697147494],[77.89076500899633,11.2915988152816],[77.8777541445944,11.282879696172818],[77.87573930246387,11.258941190268946],[77.86263449674114,11.245267382184572],[77.87077638899684,11.21482475603531],[77.86140579277361,11.18576446546331],[77.88429029558482,11.156004326493957],[77.88192768326844,11.122541726941018],[77.89233334531151,11.078799862713417],[77.94738764942596,11.065638805858681],[77.99644244711762,11.096876149966636],[78.02742301463032,11.090639383175969],[78.05471203633127,11.074035826431892],[78.07095673065314,11.079097427330755],[78.10168688110228,11.075571617417154],[78.11352621032135,11.065025731010007],[78.11353494464083,11.07196086130057],[78.12528206718589,11.078013718808707],[78.12084707833999,11.10584425796731],[78.13101677182252,11.121999438583222],[78.11455308260746,11.13151853599596],[78.12150565663096,11.135030925089797],[78.12293796555426,11.16370675367751],[78.12936953917085,11.16431708998232],[78.13423134096446,11.177366669667693],[78.11917020218227,11.1773619909741],[78.11739433257856,11.168181510240803],[78.10973078872007,11.176254074378022],[78.10256678002474,11.172791149742661],[78.0917992783819,11.177662700655278],[78.09079081796582,11.151093141568081],[78.07777284070352,11.149604081256472],[78.07722947404267,11.141797708899304],[78.04877626537787,11.144724947805763],[78.04267291191157,11.166953327113985],[78.0587094558023,11.182710211079682],[78.06154591865125,11.21150855406046],[78.0545440585597,11.217581901782712],[78.05348648724704,11.235576299489388],[78.04152712064813,11.23442935014754],[78.04291042467607,11.264624084595745],[78.03035178656123,11.271992463285294],[78.02752965273935,11.288987124596435],[77.99718484541113,11.287254404884692],[77.9881454212022,11.300655357942363],[77.90418940565276,11.30721491494291]]]}},{"type":"Feature","properties":{"id":"t:05749","name":"Sathyamangalam","taluk":"Sathyamangalam","district":"Erode","state":"Tamil Nadu","sdtcode":"05749","dtcode":"610"},"geometry":{"type":"Polygon","coordinates":[[[77.01330703192569,11.813275170356158],[76.98210288092527,11.81161574660393],[76.98359992334628,11.801795346638276],[76.96987598345834,11.776971997642793],[76.95388495630475,11.792168487897115],[76.94407830885946,11.788029442830013],[76.90743847632938,11.794845946081448],[76.8965638694535,11.776581136006724],[76.88830135770964,11.733756756905947],[76.86258423144899,11.711124979411142],[76.83495472400082,11.655530754088979],[76.83457655572407,11.63961582204884],[76.84507736822033,11.6342611020959],[76.84270767717953,11.627164356392038],[76.85206164199361,11.621782047022032],[76.8504804049726,11.616073140758472],[76.85807305289056,11.614143753906212],[76.84668782204761,11.582136865473268],[76.85388097209076,11.577314812398084],[76.8736214459677,11.581161808963119],[76.88949105143762,11.57240702315213],[76.90763152248729,11.580790418942916],[76.91682507424277,11.56404237623707],[76.9201965952345,11.578492417208366],[76.93141815393099,11.574490708534137],[76.93990447733464,11.579343268229728],[76.97330554909216,11.565987117041132],[76.97578578232027,11.553782249105508],[76.98388164849409,11.55591289561687],[76.99327922561687,11.54620939984159],[77.00707029840262,11.545796392792052],[77.00625902627627,11.523941176312745],[77.01502494582049,11.525562973099792],[77.00437742137035,11.513143215264096],[76.99651030040384,11.512958459820398],[76.99102047112376,11.48124383574115],[77.01218263583735,11.452084071194728],[77.01171010043835,11.442226038814216],[77.00741077965823,11.434494991922474],[76.98306895882624,11.44045851479568],[76.97659369384914,11.415766991221192],[76.98059226316371,11.401509201809926],[76.9634003375956,11.384958604908642],[76.97157448565821,11.386267995203792],[76.98126943208949,11.378148249297814],[76.9814619239869,11.38312638608332],[76.98758406571739,11.382287564480533],[77.0135764789002,11.368839142452599],[77.02539796847601,11.37341749961745],[77.02340944788162,11.387786403341408],[77.03247652492992,11.384892209111328],[77.0453947882974,11.402609942479687],[77.07039104439028,11.402575697427395],[77.07043077687531,11.386167528810319],[77.09131529569079,11.393633583844862],[77.09147450321028,11.403415016589197],[77.11023528162487,11.406445359568746],[77.11307703734751,11.381020423615652],[77.13040703127986,11.375402056518142],[77.12927995192379,11.354239454703038],[77.1381062723911,11.340063938258085],[77.1585662420134,11.33276303786176],[77.16764213961946,11.31730333483505],[77.18246258470275,11.313920034294],[77.17447801619937,11.332607076264864],[77.17869375592882,11.342135078074095],[77.19656583821939,11.338750566009018],[77.21808421728247,11.35225535642637],[77.23598002228306,11.350902115226647],[77.2648586793546,11.373059613383928],[77.26568611666451,11.387852931438475],[77.25984092014623,11.382777309706364],[77.2548788816383,11.390696973222566],[77.2434749460745,11.387272302292606],[77.25713217078123,11.413991309450205],[77.24371112304419,11.41570791553928],[77.24853320582748,11.420985408762704],[77.24572530760793,11.43366526958023],[77.25427628545752,11.439254622441373],[77.26716253825815,11.42669715693654],[77.27403284277129,11.439312078433003],[77.27367154126237,11.43401185413751],[77.29020556047931,11.437845333093287],[77.3003117799022,11.456150873351085],[77.29422085013628,11.458741041103856],[77.29664693920726,11.471517462269723],[77.28226056815411,11.484430069873284],[77.28549464870402,11.500209219945377],[77.2932566622907,11.493912293189034],[77.29004647513071,11.500364722365822],[77.30000991811899,11.519636894314784],[77.3019352404365,11.496747225506235],[77.31879375718523,11.49559871564065],[77.32715175086066,11.526500181764602],[77.34375805391528,11.526340377296634],[77.36529670166611,11.566893517495352],[77.3744994108476,11.56496011134781],[77.36873179014232,11.529285730985539],[77.40357247592306,11.529252548712705],[77.43075599318884,11.538512867487881],[77.45059190857317,11.572558262203941],[77.44967160342921,11.595496186687535],[77.45858901845625,11.606707929595345],[77.44498293304201,11.618458123682865],[77.43845425333983,11.635932683592314],[77.43795076199612,11.646797737830985],[77.45399186393861,11.666145098422962],[77.4396651805462,11.673806389810458],[77.43558251903956,11.702835154366694],[77.44315022792858,11.716656343463779],[77.43435104197275,11.715333205270483],[77.43379491564161,11.732296542227886],[77.41893099030196,11.729279520434908],[77.4154968630231,11.741081342639903],[77.42687554874088,11.754467692375304],[77.42218129262926,11.772480475771697],[77.39440991424826,11.787738137327093],[77.36480082174782,11.790508841440106],[77.36037888362637,11.779574809543313],[77.33510264421898,11.771336725675313],[77.29380917829273,11.809105005259582],[77.28793007576238,11.800542435559429],[77.24983086627284,11.81312017365265],[77.24955045176699,11.804288142115249],[77.23855598807265,11.794760407485793],[77.1891899070671,11.79263003278934],[77.18197009322971,11.786429195122889],[77.14704842791936,11.782024010638846],[77.13803168527306,11.772750836506798],[77.11070002054556,11.773582283515912],[77.10849894508019,11.752709791165579],[77.11765843361839,11.721181702614754],[77.10496213856776,11.732908099185934],[77.08017032825374,11.736092274084529],[77.0827174868688,11.739873602511864],[77.05638000293757,11.769886522884818],[77.0697101887786,11.782186961395917],[77.06289640805974,11.790507397527783],[77.04642241067678,11.78772760422305],[77.03505482633926,11.769890134695425],[77.02881810000275,11.774785977329858],[77.03870316228752,11.793957799588268],[77.02983411614863,11.804786254963819],[77.01684263828888,11.810825184290023],[77.01396477568174,11.80632234657399],[77.01330703192569,11.813275170356158]]]}},{"type":"Feature","properties":{"id":"t:05750","name":"Bhavani","taluk":"Bhavani","district":"Erode","state":"Tamil Nadu","sdtcode":"05750","dtcode":"610"},"geometry":{"type":"Polygon","coordinates":[[[77.65349179644586,11.95477134500346],[77.60341101310529,11.937758306604362],[77.56102863723942,11.942018050972317],[77.53794264500492,11.932488103387339],[77.4941398071977,11.943399323708942],[77.49054933083862,11.90859302513925],[77.48302790584793,11.899678061053505],[77.48615772073944,11.88751382212378],[77.47348154884948,11.8992837269353],[77.46158563834392,11.90008748631079],[77.46043247909853,11.881307549915896],[77.46581336339591,11.87430009422264],[77.45989473499307,11.863553493423789],[77.46635490288348,11.846416516813955],[77.44975810849614,11.796114253234283],[77.44045687838252,11.788938762560125],[77.42602191655732,11.752243999059903],[77.4154968630231,11.741081342639903],[77.4193929255806,11.728899383289694],[77.43502132082031,11.731571477970716],[77.43435104197275,11.715333205270483],[77.44315022792858,11.716656343463779],[77.43558251903956,11.702835154366694],[77.4396651805462,11.673806389810458],[77.45399186393861,11.666145098422962],[77.43758776806116,11.645118263618427],[77.44498293304201,11.618458123682865],[77.45858901845625,11.606707929595345],[77.44967160342921,11.595496186687535],[77.4518042919486,11.580678593771559],[77.44467025913602,11.561445725094455],[77.49294941458044,11.551362476663558],[77.49114792322817,11.539318438745529],[77.50024086816343,11.524714756109228],[77.51322883001714,11.513508389729738],[77.52580382914824,11.521222207266932],[77.53012678909506,11.501426118215925],[77.55040749451253,11.477287293652772],[77.56298292034336,11.473977230714777],[77.56728822120834,11.463021585380146],[77.59023827498413,11.462276447407982],[77.58491981102263,11.441292384473206],[77.54010071003279,11.448708597316699],[77.52670184798832,11.463642956392766],[77.5289953017059,11.47042833827204],[77.50848339149385,11.460910405471726],[77.50656255176963,11.430227529104096],[77.51654129306718,11.419726934074204],[77.52112046780437,11.389231806538698],[77.54922021725264,11.377104418423574],[77.58326329877409,11.396548030173914],[77.58828281059557,11.408599276006127],[77.6477042762604,11.399489118938336],[77.64137844423423,11.41912913451775],[77.64780508789654,11.46088960506211],[77.67814349472839,11.453663074537754],[77.67610256103042,11.443109083953646],[77.6852461134555,11.43227744348134],[77.7005253056965,11.47966230328212],[77.73240220770809,11.511730763275752],[77.72402335245684,11.536729413203517],[77.7461588786117,11.570716681018968],[77.73585811823425,11.601390815941983],[77.76122271054311,11.64828735374789],[77.77647965151452,11.695771076939735],[77.77051248354361,11.69712936670983],[77.74558365050434,11.654677459293248],[77.73417475624021,11.65793628750575],[77.71492406811068,11.649354345429627],[77.71625666852901,11.642257468306493],[77.70543190647328,11.634496983462093],[77.69545012348019,11.6397138329461],[77.6895948685257,11.66375704317998],[77.69818430594754,11.693539272626635],[77.68985772545929,11.694818628499313],[77.69509728589784,11.70684262120513],[77.69092507493382,11.718575723917308],[77.72214643316346,11.795149749235717],[77.70979680067589,11.79766207456095],[77.71061724280467,11.81035381484554],[77.69177580106742,11.817784855897385],[77.66599575321102,11.824365848152636],[77.6613418512186,11.8140293732597],[77.65215635735123,11.812769171631837],[77.64666943861266,11.81883076934934],[77.66249401692728,11.852683695077312],[77.66175852128842,11.878433775051214],[77.68531921565838,11.877277470446957],[77.68590381139748,11.885205314716593],[77.67915118079665,11.90012227134337],[77.67564961788776,11.95207918942064],[77.6573426225406,11.94993469502042],[77.65349179644586,11.95477134500346]]]}},{"type":"Feature","properties":{"id":"t:05751","name":"Gobichettipalayam","taluk":"Gobichettipalayam","district":"Erode","state":"Tamil Nadu","sdtcode":"05751","dtcode":"610"},"geometry":{"type":"Polygon","coordinates":[[[77.3744994108476,11.56496011134781],[77.36529670166611,11.566893517495352],[77.34375805391528,11.526340377296634],[77.32715175086066,11.526500181764602],[77.31879375718523,11.49559871564065],[77.3019352404365,11.496747225506235],[77.30000991811899,11.519636894314784],[77.29004647513071,11.500364722365822],[77.2932566622907,11.493912293189034],[77.28549464870402,11.500209219945377],[77.28393334529918,11.477577549166885],[77.29664693920726,11.471517462269723],[77.29422085013628,11.458741041103856],[77.3003117799022,11.456150873351085],[77.29020556047931,11.437845333093287],[77.27367154126237,11.43401185413751],[77.27403284277129,11.439312078433003],[77.26767316671679,11.426752876468502],[77.25427628545752,11.439254622441373],[77.24635404476348,11.436024517050285],[77.24853320582748,11.420985408762704],[77.24371112304419,11.41570791553928],[77.25713217078123,11.413991309450205],[77.2434749460745,11.387272302292606],[77.2548788816383,11.390696973222566],[77.25513850284024,11.38461424484642],[77.26568611666451,11.387852931438475],[77.26865503879705,11.38074374660528],[77.26324977152792,11.370293288410007],[77.25006159136706,11.36536132698641],[77.25254678778707,11.359741994074147],[77.22157083492,11.340624102725116],[77.23450692355766,11.331181919371666],[77.2363964938252,11.314022597017043],[77.22641787559685,11.317633144372158],[77.21806490979209,11.305942610183429],[77.20428055370974,11.31001900322556],[77.20339402881372,11.300052422380663],[77.24149521010528,11.305215704713738],[77.23829136235625,11.32246090496306],[77.2489414191572,11.329641107693568],[77.25384629067709,11.310849285742579],[77.28170713946376,11.334484261873541],[77.28767208500265,11.333265261846433],[77.28890167021748,11.34382250171827],[77.29293589636063,11.330083084575636],[77.28627808922624,11.292447788860692],[77.31433635986458,11.282044472452927],[77.29568053162461,11.272596211021822],[77.33635392105295,11.25715996039304],[77.34868190683711,11.28599445756],[77.34522639336629,11.300109871212864],[77.3332256135345,11.306940676049297],[77.33373575869949,11.315149703737646],[77.36604125771295,11.317208483351807],[77.36322220511252,11.341834608019852],[77.379121726278,11.339308689641127],[77.38626325463333,11.322342107117857],[77.41861939167936,11.310162569199713],[77.43522010451795,11.345049813379301],[77.44073542169761,11.341970113937364],[77.43780953425704,11.333574416770158],[77.45289231704768,11.336884361896272],[77.46429620230583,11.33173999788855],[77.47795879175142,11.344258355609917],[77.48038050333199,11.360450309057722],[77.5052114963621,11.363962863045343],[77.49639434679551,11.403451934986894],[77.50066380038905,11.413753924735467],[77.51626879271898,11.413502710773574],[77.50656255176963,11.430227529104096],[77.5132375975743,11.466616625631481],[77.5289953017059,11.47042833827204],[77.52670184798832,11.463642956392766],[77.54010071003279,11.448708597316699],[77.58491981102263,11.441292384473206],[77.59023827498413,11.462276447407982],[77.56728822120834,11.463021585380146],[77.56298292034336,11.473977230714777],[77.55040749451253,11.477287293652772],[77.53012678909506,11.501426118215925],[77.52580382914824,11.521222207266932],[77.51322883001714,11.513508389729738],[77.50024086816343,11.524714756109228],[77.49114792322817,11.539318438745529],[77.49294941458044,11.551362476663558],[77.44467025913602,11.561445725094455],[77.428910619135,11.537719098667672],[77.40357247592306,11.529252548712705],[77.36873179014232,11.529285730985539],[77.3744994108476,11.56496011134781]]]}},{"type":"Feature","properties":{"id":"t:05752","name":"Perundurai","taluk":"Perundurai","district":"Erode","state":"Tamil Nadu","sdtcode":"05752","dtcode":"610"},"geometry":{"type":"Polygon","coordinates":[[[77.50208412219321,11.413686744051148],[77.49607595241777,11.397211271607352],[77.50550896897686,11.364622919166766],[77.48038050333199,11.360450309057722],[77.47081346442076,11.334385205004336],[77.43780953425704,11.333574416770158],[77.44073542169761,11.341970113937364],[77.43522010451795,11.345049813379301],[77.41861939167936,11.310162569199713],[77.38626325463333,11.322342107117857],[77.379121726278,11.339308689641127],[77.36322220511252,11.341834608019852],[77.36328684249047,11.302520467254576],[77.37714745745559,11.294798679083486],[77.39039444582657,11.257473613959588],[77.38224128600224,11.23975083994727],[77.3732073657711,11.237532280418895],[77.37360138302438,11.223740070272212],[77.38016695473866,11.22250984068766],[77.38395757574304,11.206791225015285],[77.40541080269351,11.199744683417116],[77.40066874363235,11.156948454166146],[77.39062587519993,11.158152547801716],[77.3962771982119,11.135342044773976],[77.37641708221383,11.135401949346619],[77.37728211401837,11.12635681867101],[77.39255023721843,11.118870962928469],[77.42680073973897,11.12948068256982],[77.45943063297794,11.115687334073597],[77.48468606470838,11.117514747964238],[77.50244484518711,11.106720544872797],[77.53141188121127,11.104014762040944],[77.58417863443788,11.121502242195072],[77.59928809629415,11.1118310101379],[77.62044181594575,11.127250633709705],[77.65519880299654,11.115262227166857],[77.6597970363908,11.12891161980791],[77.65063453041155,11.130674079335032],[77.65166277981501,11.151736665309205],[77.64419994654044,11.163367032077266],[77.64914186458263,11.173972497765725],[77.63931761914094,11.190075202467224],[77.64741575535747,11.20237426776254],[77.65502137315148,11.202909615518706],[77.65618670726394,11.21591474411834],[77.68571967922215,11.21762736048433],[77.68319982220518,11.235904608938338],[77.67226280397662,11.235726516171033],[77.66066717511774,11.25618039948031],[77.6748834959859,11.267931581953722],[77.67867628911668,11.257500032570151],[77.69160396592999,11.284918123282235],[77.67475464882808,11.288062768633537],[77.67813944422477,11.3052101419242],[77.66993505437812,11.315263852776814],[77.65965290529674,11.308736857457731],[77.66046896095195,11.2890597832212],[77.65517481438516,11.282614777418123],[77.64311760508215,11.291098637745424],[77.63204130935699,11.282574442032317],[77.62490248852393,11.286899565448312],[77.61794923717069,11.276323674095499],[77.60858628201727,11.281089284355192],[77.61707790188782,11.294836486281605],[77.6177783856885,11.318641628641217],[77.62860154694637,11.33400159899871],[77.61611484951275,11.35909479660255],[77.62878325636542,11.399523593317069],[77.61634916786811,11.407286520895441],[77.6082081469782,11.402906102262039],[77.58828281059557,11.408599276006127],[77.58326329877409,11.396548030173914],[77.54922021725264,11.377104418423574],[77.52112046780437,11.389231806538698],[77.51767567303155,11.412626358057322],[77.50208412219321,11.413686744051148]],[[77.63334930851298,11.270837487792397],[77.63476561125452,11.277150433338262],[77.64082891962211,11.262689623182524],[77.63390366516299,11.25861001112988],[77.63518986580029,11.2522056006561],[77.62357699108455,11.267188520452367],[77.62597617381616,11.272697488184306],[77.63334930851298,11.270837487792397]]]}},{"type":"Feature","properties":{"id":"t:05753","name":"Erode","taluk":"Erode","district":"Erode","state":"Tamil Nadu","sdtcode":"05753","dtcode":"610"},"geometry":{"type":"MultiPolygon","coordinates":[[[[77.63604497211925,11.271155640637513],[77.63269650010103,11.276637557840393],[77.63334930851298,11.270837487792397],[77.62597617381616,11.272697488184306],[77.62357699108455,11.267188520452367],[77.63518986580029,11.2522056006561],[77.63390366516299,11.25861001112988],[77.64082891962211,11.262689623182524],[77.63604497211925,11.271155640637513]]],[[[77.65144336540853,11.459682498129736],[77.64704434510661,11.459881679611472],[77.64221350824086,11.440775665867632],[77.64161185439279,11.41432429685739],[77.6477042762604,11.399489118938336],[77.62878325636542,11.399523593317069],[77.61701214341241,11.363349691543618],[77.62860154694637,11.33400159899871],[77.6177783856885,11.318641628641217],[77.61707790188782,11.294836486281605],[77.60858628201727,11.281089284355192],[77.61794923717069,11.276323674095499],[77.62490248852393,11.286899565448312],[77.63204130935699,11.282574442032317],[77.64311760508215,11.291098637745424],[77.65517481438516,11.282614777418123],[77.66046896095195,11.2890597832212],[77.65965290529674,11.308736857457731],[77.66993505437812,11.315263852776814],[77.67813944422477,11.3052101419242],[77.67475464882808,11.288062768633537],[77.69160396592999,11.284918123282235],[77.67867628911668,11.257500032570151],[77.6748834959859,11.267931581953722],[77.66066717511774,11.25618039948031],[77.67226280397662,11.235726516171033],[77.68319982220518,11.235904608938338],[77.68571967922215,11.21762736048433],[77.65618670726394,11.21591474411834],[77.65502137315148,11.202909615518706],[77.64741575535747,11.20237426776254],[77.63931761914094,11.190075202467224],[77.64914186458263,11.173972497765725],[77.64419994654044,11.163367032077266],[77.65166277981501,11.151736665309205],[77.65063453041155,11.130674079335032],[77.6597970363908,11.12891161980791],[77.65662606967611,11.108273941918851],[77.70264628198122,11.094063952188602],[77.71331410476354,11.07824966208441],[77.73009025947545,11.076730286073076],[77.7381477936378,11.085437836077874],[77.77510013927542,11.05839618527893],[77.81778257310745,11.070377277501285],[77.82801143861776,11.06329610100465],[77.83045743166049,11.047878173649424],[77.85159332065203,11.046176786500913],[77.85423461372571,11.031739600922469],[77.8690779820184,11.023509222401643],[77.89972054043913,11.034049752880644],[77.90722126195745,11.046113551195354],[77.920495843879,11.04769409735836],[77.93307449106847,11.07022966244453],[77.89529410085981,11.076797262370436],[77.88761092162584,11.087456113783238],[77.88164854886189,11.12550240976808],[77.88429029558482,11.156004326493957],[77.86140579277361,11.18576446546331],[77.87077638899684,11.21482475603531],[77.86471794141329,11.242519317005936],[77.84080032392306,11.26067445863571],[77.80765017498055,11.267669914406207],[77.77236106727798,11.32212645635603],[77.75751180244376,11.334379201503221],[77.75077922044345,11.354223968754782],[77.73883804113579,11.367923767791446],[77.71744878052174,11.378345130512077],[77.68519706633928,11.416538581544236],[77.6852461134555,11.43227744348134],[77.67575450787528,11.444171351902554],[77.67867036472734,11.453188380193911],[77.65144336540853,11.459682498129736]]]]}},{"type":"Feature","properties":{"id":"t:05754","name":"Panthalur","taluk":"Panthalur","district":"The Nilgiris","state":"Tamil Nadu","sdtcode":"05754","dtcode":"611"},"geometry":{"type":"Polygon","coordinates":[[[76.27982400286989,11.599780701576673],[76.23381472126516,11.570656020262719],[76.25148013085325,11.536925643582109],[76.25023547100963,11.527031072934557],[76.23974677948152,11.52673150309296],[76.2514166055896,11.502397608592112],[76.24722594592458,11.467987698647654],[76.2646734403944,11.481328161728834],[76.27346353360292,11.477119326792229],[76.284414711077,11.483003599821076],[76.29456754228335,11.474150162926582],[76.29483743392393,11.4658322001459],[76.30513237411665,11.467872026209776],[76.32601222528592,11.454063100160791],[76.38063795755137,11.49409776977366],[76.40984358162339,11.524863354750533],[76.42008156233891,11.546580875334735],[76.43524631460257,11.554768581907535],[76.41584899896078,11.566501107355577],[76.41513021288452,11.57281114291783],[76.42693540432616,11.578536311598743],[76.4004705303045,11.57813263220179],[76.37251100517715,11.586355250968873],[76.36253560561246,11.582915136222054],[76.35731373300186,11.591837493960933],[76.34037905079512,11.587279254212012],[76.33585751825471,11.595816958281443],[76.30236480486347,11.571306998869511],[76.29598738169217,11.59022639258881],[76.28607589187008,11.590277170241382],[76.27982400286989,11.599780701576673]]]}},{"type":"Feature","properties":{"id":"t:05755","name":"Gudalur","taluk":"Gudalur","district":"The Nilgiris","state":"Tamil Nadu","sdtcode":"05755","dtcode":"611"},"geometry":{"type":"Polygon","coordinates":[[[76.5131624965595,11.704172647372662],[76.48162707742505,11.69263838037533],[76.4825740068374,11.686228730675564],[76.45816085348362,11.66445016849655],[76.43133512800897,11.666481186125402],[76.44403746692484,11.64727319720974],[76.43246081767126,11.63136966897424],[76.38807684084213,11.629747244125733],[76.37796194010035,11.601989999727678],[76.35731373300186,11.591837493960933],[76.36253560561246,11.582915136222054],[76.37251100517715,11.586355250968873],[76.4004705303045,11.57813263220179],[76.42693540432616,11.578536311598743],[76.41513021288452,11.57281114291783],[76.41584899896078,11.566501107355577],[76.43544364841937,11.556016051959338],[76.42008156233891,11.546580875334735],[76.40984358162339,11.524863354750533],[76.38522094473863,11.498617739272035],[76.35439754467141,11.478800865158211],[76.34528425379331,11.464914374812277],[76.39790351802334,11.43636016756541],[76.41868184609073,11.441866009961204],[76.41559944517824,11.423255076386527],[76.46035580872693,11.388889462120371],[76.47653798210163,11.38492714671481],[76.48942835188122,11.39481678704313],[76.49160615379418,11.410527705299145],[76.51467511037764,11.40622368061386],[76.51254715687809,11.411570068854559],[76.52348771985876,11.424935485670368],[76.51337459328967,11.427874241938005],[76.53187077742889,11.429702536502242],[76.53742600945155,11.43780877664509],[76.52826637718292,11.451822510048281],[76.54683430257737,11.46526190976501],[76.54152509575485,11.474314012342571],[76.53292970250267,11.483821453088009],[76.50958617854758,11.48162506052369],[76.51737458643395,11.49925182328392],[76.53457858625784,11.51477030029968],[76.53055303245043,11.532749557933334],[76.54062952212898,11.541300242667665],[76.54763915713934,11.536773214678504],[76.56310784719288,11.540998838849209],[76.56535821321788,11.562880785358969],[76.55655612660198,11.56614218172349],[76.55843844387189,11.57317124894751],[76.59607317854547,11.5849932968987],[76.61348855554894,11.598274573135303],[76.61630754347067,11.608738233663253],[76.59755576617522,11.610761713146614],[76.59223639311861,11.618775069429606],[76.57703365379649,11.614560010756108],[76.5599027013783,11.622588502035946],[76.55050785423563,11.674312796791886],[76.53717610083446,11.69091972209814],[76.5131624965595,11.704172647372662]]]}},{"type":"Feature","properties":{"id":"t:05756","name":"Udhagamandalam","taluk":"Udhagamandalam","district":"The Nilgiris","state":"Tamil Nadu","sdtcode":"05756","dtcode":"611"},"geometry":{"type":"Polygon","coordinates":[[[76.7568670850972,11.618552578397878],[76.74702105461152,11.613899324443498],[76.6290415345256,11.61373369638001],[76.61630754347067,11.608738233663253],[76.61348855554894,11.598274573135303],[76.58724446406791,11.579780597390634],[76.55843844387189,11.57317124894751],[76.55655612660198,11.56614218172349],[76.56535821321788,11.562880785358969],[76.56326358362212,11.541242965889312],[76.55671763560522,11.543293466565885],[76.55340989410034,11.536756710681347],[76.54062952212898,11.541300242667665],[76.53055303245043,11.532749557933334],[76.53457858625784,11.51477030029968],[76.51737458643395,11.49925182328392],[76.50958617854758,11.48162506052369],[76.53292970250267,11.483821453088009],[76.54152509575485,11.474314012342571],[76.54683430257737,11.46526190976501],[76.52826637718292,11.451822510048281],[76.53742600945155,11.43780877664509],[76.53187077742889,11.429702536502242],[76.51337459328967,11.427874241938005],[76.52348771985876,11.424935485670368],[76.51254715687809,11.411570068854559],[76.51467511037764,11.40622368061386],[76.49160615379418,11.410527705299145],[76.48942835188122,11.39481678704313],[76.47521069252326,11.383648869540345],[76.51772581693027,11.371646331025694],[76.50815900619108,11.354208716200233],[76.54783047134538,11.35896837110648],[76.54994046572578,11.331075533056229],[76.58210400217826,11.325170166851574],[76.5984909016062,11.334994471631028],[76.61721533328607,11.332726796448712],[76.62401702268123,11.346056702775334],[76.71557344489779,11.394589866435123],[76.72203131130443,11.389267716700779],[76.73539274863585,11.396328113510613],[76.7412852980477,11.38733549291538],[76.76453780379988,11.40605198638256],[76.79760281850457,11.403775866533033],[76.81028232494089,11.411838467694796],[76.81265752085775,11.44423419440194],[76.83661870663926,11.466160958837754],[76.83730494405785,11.47447795410136],[76.87158174745325,11.516449172174417],[76.86445918792349,11.521990428771964],[76.86307851056947,11.544179177850936],[76.83951957779578,11.569579408459918],[76.83037392870283,11.572005246390784],[76.84221771895557,11.58549929521231],[76.84668782204761,11.582136865473268],[76.84688360537223,11.594584842800884],[76.822787429753,11.608190248817156],[76.81751751524098,11.604835805076581],[76.7568670850972,11.618552578397878]]]}},{"type":"Feature","properties":{"id":"t:05757","name":"Kotagiri","taluk":"Kotagiri","district":"The Nilgiris","state":"Tamil Nadu","sdtcode":"05757","dtcode":"611"},"geometry":{"type":"Polygon","coordinates":[[[76.84331789646383,11.585616915099228],[76.83037392870283,11.572005246390784],[76.83951957779578,11.569579408459918],[76.86307851056947,11.544179177850936],[76.86445918792349,11.521990428771964],[76.87158174745325,11.516449172174417],[76.83730494405785,11.47447795410136],[76.83661870663926,11.466160958837754],[76.81265752085775,11.44423419440194],[76.81028232494089,11.411838467694796],[76.79760281850457,11.403775866533033],[76.75831293971667,11.402614218597954],[76.74803466327245,11.376981084121091],[76.77400813278258,11.366220167367551],[76.76682571850543,11.401419796586831],[76.77237466232107,11.38631131364149],[76.79968028848177,11.37905171015199],[76.81222521740705,11.390332421268583],[76.83086249363976,11.384148068753891],[76.84733978783981,11.39385493975077],[76.87307308647051,11.369864070633112],[76.87576865934695,11.355058877972597],[76.88649634945303,11.349877322349245],[76.89118017163267,11.366020186524207],[76.90197833367448,11.360704670866133],[76.90215499007004,11.350627967544344],[76.93289380746508,11.36281328209157],[76.93261542943998,11.356225238988038],[76.93756169802312,11.363579130330363],[76.95008506558491,11.365880626724788],[76.93689125747876,11.366897781082477],[76.93285131086391,11.375742150321729],[76.95947970342013,11.380873457838845],[76.98059226316371,11.401509201809926],[76.97659369384914,11.415766991221192],[76.98306895882624,11.44045851479568],[77.00741077965823,11.434494991922474],[77.01138977378443,11.441068410973719],[77.01218263583735,11.452084071194728],[76.99123392969989,11.487630546797273],[76.99651030040384,11.512958459820398],[77.00437742137035,11.513143215264096],[77.01502494582049,11.525562973099792],[77.00625902627627,11.523941176312745],[77.0061248296509,11.546504990926454],[76.97578578232027,11.553782249105508],[76.97330554909216,11.565987117041132],[76.93990447733464,11.579343268229728],[76.93141815393099,11.574490708534137],[76.9201965952345,11.578492417208366],[76.91682507424277,11.56404237623707],[76.90763152248729,11.580790418942916],[76.88949105143762,11.57240702315213],[76.87362056921201,11.581161994648774],[76.85388097209076,11.577314812398084],[76.84331789646383,11.585616915099228]]]}},{"type":"Feature","properties":{"id":"t:05758","name":"Coonoor","taluk":"Coonoor","district":"The Nilgiris","state":"Tamil Nadu","sdtcode":"05758","dtcode":"611"},"geometry":{"type":"Polygon","coordinates":[[[76.76723388781768,11.400213116998707],[76.77400813278258,11.366220167367551],[76.74825920975415,11.376759664008969],[76.74976449511618,11.391405310728603],[76.73997057859509,11.38740833260448],[76.73539274863585,11.396328113510613],[76.72203131130443,11.389267716700779],[76.71557344489779,11.394589866435123],[76.67479669171958,11.374416796108445],[76.67203346582076,11.368699345366764],[76.6783991650793,11.35914294375128],[76.69090769965915,11.35321921224868],[76.68572935401731,11.341969781005538],[76.69599479353612,11.325948496868227],[76.68816100635486,11.318062554282113],[76.698424751651,11.298981071256703],[76.69180848890355,11.285164546198853],[76.70145983021266,11.276153813487369],[76.67593386903773,11.273935013837587],[76.68931205725427,11.261552111774364],[76.70019141262475,11.258729136671576],[76.70597612916818,11.263446697368801],[76.73767350736186,11.246064146649978],[76.76783305602736,11.264278991147624],[76.7691089287338,11.289639250049186],[76.78866275515259,11.278264679226208],[76.79851160904322,11.29256889302641],[76.80900162289147,11.296419279215995],[76.84217440398923,11.287686935660266],[76.85489137556279,11.293244513336601],[76.86177092913009,11.307159764867471],[76.85014527138789,11.339848043674465],[76.8745024273601,11.352922880998477],[76.87307308647051,11.369864070633112],[76.84733978783981,11.39385493975077],[76.83086249363976,11.384148068753891],[76.81222521740705,11.390332421268583],[76.79968028848177,11.37905171015199],[76.77237466232107,11.38631131364149],[76.76723388781768,11.400213116998707]]]}},{"type":"Feature","properties":{"id":"t:05759","name":"Kundah","taluk":"Kundah","district":"The Nilgiris","state":"Tamil Nadu","sdtcode":"05759","dtcode":"611"},"geometry":{"type":"Polygon","coordinates":[[[76.67397080310523,11.366791563959698],[76.62401702268123,11.346056702775334],[76.61721533328607,11.332726796448712],[76.5984909016062,11.334994471631028],[76.58210400217826,11.325170166851574],[76.54994046572578,11.331075533056229],[76.53727212175518,11.31412604760793],[76.54572606718102,11.300396525879169],[76.52679273407843,11.288647323998859],[76.52166340321345,11.270664462945895],[76.45306208869451,11.2394545086324],[76.44893268245373,11.205554602497617],[76.43859358916649,11.19904787721422],[76.45161286808766,11.19947487685367],[76.45841393225535,11.187765637059615],[76.47344132672221,11.195016119935286],[76.47233793234695,11.208834379580267],[76.49903985111082,11.211410398538582],[76.53384183477418,11.185680250525456],[76.60084907804169,11.197600322414283],[76.62891880669147,11.194251381096308],[76.6763529106599,11.220249954184222],[76.68424724608795,11.233866182680115],[76.70700608447235,11.238310447068368],[76.69928966847117,11.260044733560099],[76.67593386903773,11.273935013837587],[76.70145983021266,11.276153813487369],[76.69180848890355,11.285164546198853],[76.698424751651,11.298981071256703],[76.68816100635486,11.318062554282113],[76.69612714861512,11.324077180552631],[76.68572935401731,11.341969781005538],[76.69090769965915,11.35321921224868],[76.67397080310523,11.366791563959698]]]}},{"type":"Feature","properties":{"id":"t:05760","name":"Palani","taluk":"Palani","district":"Dindigul","state":"Tamil Nadu","sdtcode":"05760","dtcode":"612"},"geometry":{"type":"Polygon","coordinates":[[[77.48343197974083,10.649061428077967],[77.45810006185384,10.642437504499766],[77.44508282659994,10.629738481809298],[77.41768827531097,10.625647667225923],[77.38493834648878,10.591449201960764],[77.36838663585058,10.541920379403116],[77.37798712442978,10.525846671750953],[77.40530947183116,10.52366605019316],[77.40243872388106,10.498310677703042],[77.37822624787354,10.492186498312591],[77.38545981851122,10.449419051836863],[77.35637399556207,10.445901452369617],[77.33557116055539,10.45611109828353],[77.32353413190525,10.448189417626665],[77.32701600913302,10.434700970289828],[77.3213764684243,10.43408071879134],[77.31699843995395,10.403174329049293],[77.31624962409602,10.355063880745792],[77.43742905551342,10.372830084710674],[77.4396278582411,10.363282633393093],[77.47170210934081,10.367352493372048],[77.47036694063912,10.345248216453456],[77.48289125053368,10.36382767680608],[77.49849006335273,10.359315533174211],[77.50291608701211,10.371088399972454],[77.51587253955896,10.365963143135414],[77.54987569905084,10.388979026289675],[77.56176169574893,10.386942704338692],[77.57366707629419,10.3976234025199],[77.59164769573232,10.39460952462814],[77.60379194100658,10.417782413770835],[77.61407528844055,10.419469956882612],[77.60883439220717,10.486762146255153],[77.6037393805793,10.49281974879613],[77.60816043475853,10.506602246165754],[77.5990098485248,10.52413136474477],[77.60477800282933,10.539681741161875],[77.59365819271184,10.548807192269283],[77.60009098444394,10.595028047334297],[77.59269743014242,10.603552544021959],[77.59521831393373,10.615811936019115],[77.56595183349278,10.617529584537417],[77.55883834515073,10.61342812059725],[77.55900541652221,10.601878810632334],[77.54278306958967,10.609848570316327],[77.50820917087194,10.607070712703827],[77.50723341901367,10.613471067140948],[77.51607961470667,10.61303588787458],[77.50459456756094,10.642643938154606],[77.48343197974083,10.649061428077967]]]}},{"type":"Feature","properties":{"id":"t:05761","name":"Oddanchatram","taluk":"Oddanchatram","district":"Dindigul","state":"Tamil Nadu","sdtcode":"05761","dtcode":"612"},"geometry":{"type":"Polygon","coordinates":[[[77.69589719433586,10.735277894614228],[77.6646425238805,10.716356538998209],[77.65563862085456,10.673437446194507],[77.63673182847704,10.668823230947226],[77.59615815474017,10.675990673688267],[77.58595197079248,10.683551784751174],[77.58001586386914,10.67916629356902],[77.57140945906824,10.65796015753399],[77.54914058968752,10.639051382155426],[77.54278306958967,10.609848570316327],[77.55900541652221,10.601878810632334],[77.55883834515073,10.61342812059725],[77.56595183349278,10.617529584537417],[77.59521831393373,10.615811936019115],[77.59269743014242,10.603552544021959],[77.60009098444394,10.595028047334297],[77.59365819271184,10.548807192269283],[77.60477800282933,10.539681741161875],[77.5990098485248,10.52413136474477],[77.60816043475853,10.506602246165754],[77.6037393805793,10.49281974879613],[77.60883439220717,10.486762146255153],[77.61407528844055,10.419469956882612],[77.66989333392138,10.431288716108531],[77.67645249705441,10.425108972154586],[77.67083006745524,10.405326875005827],[77.6841762540881,10.404299983456772],[77.67980642004973,10.397382213308003],[77.68942979410909,10.39206179379188],[77.68414475915424,10.379694268979001],[77.69391928913318,10.371088352255965],[77.70684772232796,10.37295700546664],[77.71379130870707,10.367343320206],[77.73188988323018,10.396977620820707],[77.72309412794043,10.409451357936092],[77.76042318838067,10.45184997645995],[77.78653862673995,10.470308130399046],[77.7845823278165,10.487464887143078],[77.79677900505897,10.497513383375063],[77.81379047256124,10.503927877373606],[77.81625979395358,10.49215128662962],[77.84324138790983,10.479190354886482],[77.84795054168211,10.518358904758589],[77.85854729514904,10.528729418839314],[77.8892118119886,10.520765175510657],[77.89730234127131,10.533480505791488],[77.92615330777424,10.52829730423119],[77.91558055729173,10.545041946988428],[77.91925628197465,10.565916329330292],[77.91313478523456,10.568701547715925],[77.88519814379072,10.574218047332852],[77.88022720567326,10.553176028837854],[77.86601508622569,10.553709127656818],[77.86208662233417,10.547009819440435],[77.85727068312913,10.563101844746063],[77.85055483135267,10.565216800614447],[77.87230491287696,10.610158967662722],[77.87224064470662,10.631327525435934],[77.84593327679526,10.639087142041921],[77.83062143169201,10.632910399095358],[77.8253887200092,10.636566454421567],[77.81289763520373,10.6483167985543],[77.81764417326488,10.679494174823622],[77.78873132092372,10.685318256162148],[77.76648980524342,10.679362308744183],[77.75349207600762,10.66810637021041],[77.75447212810113,10.651467617915566],[77.74335739346498,10.637025095335185],[77.72048948972358,10.631314347339439],[77.72300110290116,10.640846932223617],[77.71404941175618,10.641608855026298],[77.69841700823369,10.662509933877285],[77.70864635074942,10.686401707532825],[77.70429170901915,10.725457924262392],[77.69589719433586,10.735277894614228]]]}},{"type":"Feature","properties":{"id":"t:05762","name":"Vedasandur","taluk":"Vedasandur","district":"Dindigul","state":"Tamil Nadu","sdtcode":"05762","dtcode":"612"},"geometry":{"type":"Polygon","coordinates":[[[78.17596872735466,10.835203635842092],[78.15224554571611,10.826518396015594],[78.14906602075172,10.803944522100226],[78.10500474392548,10.805110381228463],[78.09635593594818,10.788945165318493],[78.09799929775927,10.767008547293061],[78.06988732762989,10.77579630277711],[78.05686088554266,10.763647598913227],[78.05563330446924,10.774016769677598],[78.03405957840485,10.774625623711056],[78.02774845718974,10.781535073567582],[78.0245744173385,10.771652752074873],[77.99846623197679,10.77455323314044],[77.99486793218989,10.76181653809443],[77.9832191024049,10.759542438524232],[77.93915248689095,10.76848607177836],[77.93124712015121,10.736700119654666],[77.95787096902872,10.74389533966908],[77.99725130636911,10.742929160865392],[77.99860373889396,10.729957773488216],[78.01053175249282,10.731180939668372],[78.00865198553997,10.722193938216039],[78.01510693871016,10.719714755854541],[78.00548460130668,10.675543530358404],[77.96978909037966,10.672575845852629],[77.9777216778691,10.63991065829542],[77.91391195192283,10.648322051489037],[77.90915577673528,10.657128056954019],[77.89585212982273,10.645593246519784],[77.88550187766303,10.650371555201941],[77.87635774941786,10.645512278196312],[77.87230491287696,10.610158967662722],[77.85055483135267,10.565216800614447],[77.85727068312913,10.563101844746063],[77.86208662233417,10.547009819440435],[77.86601508622569,10.553709127656818],[77.88022720567326,10.553176028837854],[77.88519814379072,10.574218047332852],[77.91893658593806,10.566653179910684],[77.91558055729173,10.545041946988428],[77.92615330777424,10.52829730423119],[77.89730234127131,10.533480505791488],[77.89170133200011,10.521479303161124],[77.91161586524315,10.509155516367734],[77.90976065643353,10.502352599104988],[77.93423079890891,10.510761678725448],[77.97706351190484,10.493312255149249],[77.98175427985822,10.486005245214507],[77.97840331681176,10.46559101336915],[77.98921901217129,10.459711988069872],[77.98581796175952,10.421101505389977],[77.99005734155399,10.412398125938736],[77.99713004548384,10.42028182006706],[78.01970358657796,10.406004508731098],[78.03162096322555,10.407283060471817],[78.03582707391348,10.420632951855826],[78.0486897755823,10.423977037942961],[78.05698813100432,10.419191960163246],[78.05482840768646,10.398497250521759],[78.06736293681567,10.394711886489892],[78.07227367792764,10.38173036156884],[78.09206285666266,10.37389942857664],[78.09465096497998,10.380680341668015],[78.12273976216831,10.381780595617137],[78.12523265625201,10.402981174728627],[78.14327811159576,10.403695111420664],[78.143410903256,10.412035174818229],[78.15435267087749,10.422381588154877],[78.16922433161004,10.41382761029564],[78.17783324810051,10.394990080855527],[78.1707958407748,10.386804673637434],[78.1799466354177,10.363921304049386],[78.17852412711417,10.375746842963515],[78.18967513482318,10.405936448731904],[78.20330595175547,10.409120432286585],[78.21539198080946,10.422515778476173],[78.23806374998495,10.420994587154413],[78.24801421141905,10.433349648926496],[78.22348717594174,10.448415106767916],[78.22328706183916,10.465723525184265],[78.20646871774991,10.474077047328727],[78.19165838500179,10.500989830312298],[78.17329755451799,10.503807072765822],[78.17654732683927,10.517507724643377],[78.18482495004284,10.52147976243107],[78.19004037993622,10.538533986051942],[78.19980901606858,10.546953325961429],[78.18868779379943,10.559210170176963],[78.16997482192764,10.554281443032679],[78.16089841946837,10.562572726423165],[78.13910221933565,10.562709734832724],[78.13264720148678,10.57516784589619],[78.13610178250633,10.596856235480482],[78.16532714346349,10.613818978952807],[78.16300099735777,10.648928363148784],[78.14547144807494,10.649666545546628],[78.14500696517413,10.676783766316662],[78.15460374640612,10.720128074952306],[78.15157497311944,10.740587030194506],[78.16818720325831,10.775962384465936],[78.16982716404777,10.79906065145906],[78.18599780485083,10.819399214898404],[78.18075826237859,10.821266987732077],[78.1865766486772,10.833108989938866],[78.17702748264685,10.822799944727917],[78.17596872735466,10.835203635842092]]]}},{"type":"Feature","properties":{"id":"t:05763","name":"Natham","taluk":"Natham","district":"Dindigul","state":"Tamil Nadu","sdtcode":"05763","dtcode":"612"},"geometry":{"type":"Polygon","coordinates":[[[78.2365693836452,10.469674633362116],[78.22328706183916,10.465723525184265],[78.22348717594174,10.448415106767916],[78.24801421141905,10.433349648926496],[78.23806374998495,10.420994587154413],[78.21539198080946,10.422515778476173],[78.20330595175547,10.409120432286585],[78.1883687930589,10.40374427903049],[78.17852412711417,10.375746842963515],[78.18145543768408,10.323526990341009],[78.1897036599267,10.320112686517517],[78.18710204543912,10.298478591718492],[78.17748802643511,10.292431882908916],[78.17348001403028,10.259216588236033],[78.15708723962038,10.226374070928202],[78.11996317113471,10.18945231037005],[78.14760089906603,10.177499991426679],[78.16488485344178,10.136466687532517],[78.15622747643499,10.107346838809972],[78.17461519619023,10.098407948093879],[78.17008456371602,10.092540994848905],[78.20390642970884,10.07943490783894],[78.20278138503689,10.066999408279319],[78.2125129261379,10.075350908564012],[78.25813446881484,10.087017366069727],[78.26286692488563,10.094242726388067],[78.26120806623757,10.10251449780056],[78.27347072653428,10.11558274603245],[78.27042324403517,10.129527307756202],[78.28075664919002,10.129666177579065],[78.28418193345323,10.148666609458662],[78.28129302516135,10.166986978418636],[78.26178550240388,10.159128574482095],[78.26960849003879,10.151405910925861],[78.25976600520355,10.154263899695186],[78.25959458239284,10.161532614139212],[78.27214305247696,10.172024393222616],[78.26927423590473,10.18220338424496],[78.29134865955227,10.204030137635712],[78.30377286747978,10.21099468143211],[78.31339287375513,10.208921992737432],[78.31007849998852,10.215308597384041],[78.3201182593517,10.214180478012702],[78.32861324520962,10.228434766988576],[78.32185537563407,10.249679539432469],[78.32967359411313,10.248591477899662],[78.33189984037273,10.255012865795578],[78.3276734879465,10.255740039164522],[78.32591621885908,10.28522629673238],[78.33981906272739,10.288831014239552],[78.3386402538857,10.29838244635319],[78.32933313172212,10.29786581465565],[78.33772858065332,10.32557699308925],[78.33077429174593,10.337672527355965],[78.29229254187916,10.361283337761575],[78.27926813537437,10.372720590057568],[78.27713260817866,10.383270426321378],[78.28756275380478,10.393426327751007],[78.28775661922626,10.402195885244947],[78.30674484927417,10.412235950100316],[78.31502275634539,10.439540615963],[78.2365693836452,10.469674633362116]]]}},{"type":"Feature","properties":{"id":"t:05764","name":"Dindigul","taluk":"Dindigul","district":"Dindigul","state":"Tamil Nadu","sdtcode":"05764","dtcode":"612"},"geometry":{"type":"Polygon","coordinates":[[[77.85996793316018,10.528783755376892],[77.84795054168211,10.518358904758589],[77.84324138790983,10.479190354886482],[77.81625979395358,10.49215128662962],[77.81379047256124,10.503927877373606],[77.79677900505897,10.497513383375063],[77.7845823278165,10.487464887143078],[77.78653862673995,10.470308130399046],[77.76042318838067,10.45184997645995],[77.72309412794043,10.409451357936092],[77.73188988323018,10.396977620820707],[77.719649345744,10.371067659197157],[77.71858923848731,10.349414974975822],[77.73557440511473,10.332926860313908],[77.73082697412816,10.309289999200242],[77.74574497625129,10.311725718069768],[77.77427170303893,10.291544905879217],[77.79466788239458,10.308095628958334],[77.82325294937006,10.29807801249901],[77.82935720025334,10.305157265565075],[77.80969774004197,10.324359129512102],[77.83022549833221,10.327626559152488],[77.83036388380175,10.318729188209343],[77.84006766965544,10.318544258498921],[77.84517704354806,10.319453502486668],[77.83924521350382,10.32826297012904],[77.86616295431133,10.324344488968014],[77.85985241969611,10.333274047894484],[77.88354910642366,10.337356110954957],[77.9025045650317,10.379072597704146],[77.92244578093363,10.394647995374097],[77.91306222741073,10.369131169697468],[77.91493124422456,10.35651447150746],[77.92111040472106,10.356230626259176],[77.92168451532419,10.34871109025779],[77.94518724410385,10.347181145465711],[77.9549897458241,10.328919662942853],[77.95212818224947,10.306422616009582],[77.9434093694604,10.305381924836194],[77.94066824481254,10.291952889548645],[77.97693130504786,10.275509239522611],[77.95727104803082,10.259179505518437],[77.94851807770141,10.266370803677907],[77.93774262506994,10.26263932442827],[77.93945039878186,10.25501423770896],[77.91673383331806,10.238941888719008],[77.9209653232094,10.212266455433628],[77.93307069927965,10.204837672658174],[77.930508654682,10.19268268504131],[77.93739011267772,10.194164245351555],[77.93720765586039,10.146026304828867],[77.94516284226745,10.159355557437115],[77.95012287932894,10.141281870789188],[77.97291812912677,10.131249903195709],[77.98400162664555,10.136693698937433],[77.99707256588206,10.160828346185816],[78.01367106706844,10.16344844625724],[78.01996056583467,10.184610686044563],[78.06311765688643,10.18341539762831],[78.07068224951973,10.188190416699857],[78.09146305154744,10.182081914662147],[78.10357241434093,10.19241679360895],[78.11996317113471,10.18945231037005],[78.15708723962038,10.226374070928202],[78.17348001403028,10.259216588236033],[78.17748802643511,10.292431882908916],[78.18710204543912,10.298478591718492],[78.18428673072857,10.304346565888084],[78.190705969578,10.310556423666224],[78.18905106082225,10.321030503941456],[78.18145543768408,10.323526990341009],[78.1799466354177,10.363921304049386],[78.1707958407748,10.386804673637434],[78.17783324810051,10.394990080855527],[78.16922433161004,10.41382761029564],[78.15296443060706,10.421748888395527],[78.14327811159576,10.403695111420664],[78.12523265625201,10.402981174728627],[78.12273976216831,10.381780595617137],[78.09465096497998,10.380680341668015],[78.09518562427077,10.375432224287215],[78.08646067329336,10.374093118679019],[78.07227367792764,10.38173036156884],[78.06736293681567,10.394711886489892],[78.05482840768646,10.398497250521759],[78.05698813100432,10.419191960163246],[78.0486897755823,10.423977037942961],[78.03582707391348,10.420632951855826],[78.03162096322555,10.407283060471817],[78.01970358657796,10.406004508731098],[77.99713004548384,10.42028182006706],[77.99005734155399,10.412398125938736],[77.98581796175952,10.421101505389977],[77.98921901217129,10.459711988069872],[77.97840331681176,10.46559101336915],[77.98175427985822,10.486005245214507],[77.97706351190484,10.493312255149249],[77.93423079890891,10.510761678725448],[77.90976065643353,10.502352599104988],[77.91161586524315,10.509155516367734],[77.89550649223737,10.523522324408132],[77.85996793316018,10.528783755376892]]]}},{"type":"Feature","properties":{"id":"t:05765","name":"Attur","taluk":"Attur","district":"Dindigul","state":"Tamil Nadu","sdtcode":"05765","dtcode":"612"},"geometry":{"type":"Polygon","coordinates":[[[77.92203057601603,10.392812084630695],[77.90337079518882,10.380322384974711],[77.88354910642366,10.337356110954957],[77.85985241969611,10.333274047894484],[77.86616295431133,10.324344488968014],[77.83924521350382,10.32826297012904],[77.84517704354806,10.319453502486668],[77.84006766965544,10.318544258498921],[77.83036388380175,10.318729188209343],[77.83022549833221,10.327626559152488],[77.80969774004197,10.324359129512102],[77.82935720025334,10.305157265565075],[77.82325294937006,10.29807801249901],[77.79466788239458,10.308095628958334],[77.77427170303893,10.291544905879217],[77.74574497625129,10.311725718069768],[77.73484531176886,10.311313968457625],[77.70208842190158,10.289852436925196],[77.6994643046161,10.280726926537236],[77.67272860560426,10.278010660568553],[77.67229942290088,10.267967087345752],[77.65728156944063,10.269565916614086],[77.68905254211394,10.247557615097389],[77.70804160040856,10.242685146193272],[77.70817051583835,10.229214348664181],[77.72222566816478,10.226358268629891],[77.74536758232232,10.201344025170856],[77.7628975627965,10.214883431083981],[77.78896325335369,10.200521362894293],[77.80753538376199,10.201452694284088],[77.81495991377116,10.22438629829668],[77.80773947111307,10.22847122475079],[77.81013117986147,10.248583020836811],[77.83097146293743,10.23840687944961],[77.84297823004059,10.24315940964109],[77.85112562807069,10.231253484223425],[77.86975460027693,10.266537504575426],[77.86635810432367,10.299230478911122],[77.88191602852595,10.278948325625962],[77.89886459060213,10.27421044078833],[77.89485378892833,10.253446098823648],[77.92422138733096,10.24108133774997],[77.93945039878186,10.25501423770896],[77.93774262506994,10.26263932442827],[77.94851807770141,10.266370803677907],[77.95727104803082,10.259179505518437],[77.97693130504786,10.275509239522611],[77.94066824481254,10.291952889548645],[77.9434093694604,10.305381924836194],[77.95212818224947,10.306422616009582],[77.9549897458241,10.328919662942853],[77.94518724410385,10.347181145465711],[77.92168451532419,10.34871109025779],[77.92111040472106,10.356230626259176],[77.91493124422456,10.35651447150746],[77.91306222741073,10.369131169697468],[77.92203057601603,10.392812084630695]]]}},{"type":"Feature","properties":{"id":"t:05766","name":"Kodaikanal","taluk":"Kodaikanal","district":"Dindigul","state":"Tamil Nadu","sdtcode":"05766","dtcode":"612"},"geometry":{"type":"Polygon","coordinates":[[[77.66995914719404,10.43111342263732],[77.60379194100658,10.417782413770835],[77.59164769573232,10.39460952462814],[77.57366707629419,10.3976234025199],[77.56176169574893,10.386942704338692],[77.54987569905084,10.388979026289675],[77.51587253955896,10.365963143135414],[77.50291608701211,10.371088399972454],[77.49849006335273,10.359315533174211],[77.48289125053368,10.36382767680608],[77.47036694063912,10.345248216453456],[77.47170210934081,10.367352493372048],[77.4396278582411,10.363282633393093],[77.43742905551342,10.372830084710674],[77.33733088653514,10.35471824603968],[77.33086550212788,10.342052253646337],[77.33525856300619,10.3325605003311],[77.32704765588217,10.32162442471919],[77.34827296407539,10.290581209504017],[77.34974478359982,10.264403734408921],[77.32963427748766,10.271642967159556],[77.31080738845803,10.246259450395934],[77.29611052909996,10.250604627250592],[77.28816993492639,10.232322311327675],[77.2952790897955,10.218546066864459],[77.2829423265727,10.208602231988953],[77.28348859209694,10.1976901952891],[77.2745943967234,10.184935362049218],[77.27485322650958,10.131305088444217],[77.26707392484526,10.11952642310507],[77.28352516969869,10.118234281395551],[77.28674815246158,10.127253863748193],[77.30282784602868,10.136045738642443],[77.32617443952708,10.128166818577595],[77.33118625907478,10.142678172330795],[77.34293510009697,10.136314963017593],[77.36003381916618,10.150957676800761],[77.37259912906859,10.139218678521729],[77.3842196071249,10.145475044086712],[77.39523430087945,10.162742760697213],[77.4087622652033,10.158646294963859],[77.41281681662807,10.144094652195458],[77.42807241821137,10.136796825191867],[77.46595132036904,10.129041495919521],[77.46871089731113,10.142479778609593],[77.48135011161202,10.147263064496403],[77.48139744743762,10.152461944600788],[77.48890142355216,10.148472153523764],[77.4999497340613,10.161057117607253],[77.51173962899027,10.160989274485555],[77.52754059688424,10.174031525785676],[77.52308675779042,10.176231516353711],[77.53673793054706,10.179712300276114],[77.53799498983652,10.187804137202292],[77.54616411541842,10.182937874459325],[77.54439117522084,10.19261115117447],[77.55123144725742,10.191921174958791],[77.54812095872093,10.204084923959028],[77.56675430572261,10.195463729820816],[77.56968199248864,10.181360903412104],[77.58898136840828,10.196850447551245],[77.59182475996302,10.191403672144563],[77.59825397190875,10.194401426628295],[77.6029399536383,10.200052735709438],[77.59571569224195,10.205883022867418],[77.62214159734658,10.218835737283083],[77.63198027332503,10.206391090023162],[77.64520011370978,10.204559989452179],[77.66344245730595,10.189112746373429],[77.68142300487887,10.201573184843278],[77.69637169974028,10.199283208362415],[77.70649181250735,10.213113455287365],[77.70262887802089,10.223271312816212],[77.70870326441256,10.224517474517905],[77.70804160040856,10.242685146193272],[77.68905254211394,10.247557615097389],[77.65728156944063,10.269565916614086],[77.67229942290088,10.267967087345752],[77.67272860560426,10.278010660568553],[77.6994643046161,10.280726926537236],[77.71402336510451,10.299501542261426],[77.72813949686908,10.302631262023667],[77.73557440511473,10.332926860313908],[77.7187000627456,10.349043383277742],[77.719649345744,10.371067659197157],[77.69391928913318,10.371088352255965],[77.68414475915424,10.379694268979001],[77.68942979410909,10.39206179379188],[77.67980642004973,10.397382213308003],[77.6841762540881,10.404299983456772],[77.67083006745524,10.405326875005827],[77.67645249705441,10.425108972154586],[77.66995914719404,10.43111342263732]]]}},{"type":"Feature","properties":{"id":"t:05767","name":"Nilakkottai","taluk":"Nilakkottai","district":"Dindigul","state":"Tamil Nadu","sdtcode":"05767","dtcode":"612"},"geometry":{"type":"Polygon","coordinates":[[[77.86696520735221,10.297971335118826],[77.86975460027693,10.266537504575426],[77.85112562807069,10.231253484223425],[77.84297823004059,10.24315940964109],[77.83097146293743,10.23840687944961],[77.8082284169357,10.246778967790279],[77.80773947111307,10.22847122475079],[77.81495991377116,10.22438629829668],[77.80753538376199,10.201452694284088],[77.78896325335369,10.200521362894293],[77.7628975627965,10.214883431083981],[77.74536758232232,10.201344025170856],[77.71551385072225,10.230677076889291],[77.70262887802089,10.223271312816212],[77.70996267099986,10.20639033676979],[77.70120765610483,10.195254128038458],[77.71217541288578,10.17010447358437],[77.72921404095067,10.15915622085385],[77.72385801483387,10.14626061880817],[77.72964789489355,10.132191532639954],[77.70779850281794,10.128992652584596],[77.6920439634511,10.145454911050823],[77.67631250449884,10.144720657446967],[77.67541098761906,10.126702318682819],[77.66856263703313,10.122458489328649],[77.70246825655316,10.102829579207999],[77.69686737484271,10.086760205583799],[77.7088309311841,10.080334452245022],[77.71031159911406,10.020410571371693],[77.72146707504332,10.02043021241647],[77.7553300326722,10.04871429634634],[77.75991008147017,10.046699868844106],[77.76348270920289,10.05600422801362],[77.78047915417866,10.051028239349696],[77.80548865233719,10.067692677367825],[77.82279931093133,10.065630278562198],[77.83544676547834,10.074144234875334],[77.8605665569908,10.075222535078424],[77.87477100572416,10.061684312015203],[77.8909414075754,10.078206425530636],[77.90141863390556,10.071235378278834],[77.91342441825182,10.072884348807502],[77.92301511429609,10.091032835095614],[77.94640125612489,10.083714881602559],[77.94663084035867,10.090698921683037],[77.9314540336022,10.089960282591713],[77.92924342611336,10.101044745272866],[77.93348357396738,10.11370583563577],[77.96213917306572,10.137396036532781],[77.94958465103151,10.141869640900117],[77.94516284226745,10.159355557437115],[77.93669223219473,10.146740620558903],[77.93739011267772,10.194164245351555],[77.930508654682,10.19268268504131],[77.93307069927965,10.204837672658174],[77.91686413754331,10.222672930186237],[77.91908464716153,10.242476570049588],[77.89485378892833,10.253446098823648],[77.89886459060213,10.27421044078833],[77.88191602852595,10.278948325625962],[77.86696520735221,10.297971335118826]]]}},{"type":"Feature","properties":{"id":"t:05768","name":"Aravakurichi","taluk":"Aravakurichi","district":"Karur","state":"Tamil Nadu","sdtcode":"05768","dtcode":"613"},"geometry":{"type":"Polygon","coordinates":[[[77.81306430053671,11.071176400510538],[77.80439903811838,11.06302894421137],[77.79383623378266,11.067510192589125],[77.77898379609884,11.062497254486459],[77.782313522972,11.039043197032482],[77.79185545936093,11.033165357182153],[77.7896496704353,11.018862916049306],[77.78124665050291,10.998514545594618],[77.75915653149075,10.979752359042058],[77.75082544056143,10.980784072490248],[77.75290859238282,10.965863807853442],[77.7684434415604,10.966805546213212],[77.76994110292063,10.961842916660743],[77.76078342448771,10.901657532208215],[77.77161647529854,10.893570359086574],[77.77488488137378,10.871327503191933],[77.78396649855327,10.873201834548068],[77.7888559684576,10.8861627876385],[77.79635247058901,10.866027324529933],[77.8206642212152,10.857797090476948],[77.83613735523448,10.835429031659881],[77.84543321521932,10.8369942046392],[77.85636086491778,10.849425868056782],[77.86680525423104,10.844178487762838],[77.8733717530067,10.833990078175656],[77.87137878395504,10.795473040001394],[77.88131811795769,10.788923303845456],[77.89134895794842,10.792625171407623],[77.89293476020771,10.780574117789765],[77.89196978364129,10.773884182339017],[77.87106374837815,10.77180951169842],[77.85487026790895,10.78395908198261],[77.83584211133993,10.786868016488363],[77.82778938765593,10.797624963974672],[77.79848995162045,10.805831948372063],[77.79357917008431,10.790375907646274],[77.77772410205064,10.789711137419127],[77.771034140619,10.767234195508246],[77.79695858906405,10.752510678403707],[77.81274663020109,10.758526424201154],[77.82702454585338,10.749754462384498],[77.8217567783149,10.733638789207943],[77.82456197440206,10.71515592378101],[77.80810743812144,10.694079071376564],[77.80797329539499,10.680852710784427],[77.81764417326488,10.679494174823622],[77.81289763520373,10.6483167985543],[77.83062143169201,10.632910399095358],[77.84593327679526,10.639087142041921],[77.87224064470662,10.631327525435934],[77.87635774941786,10.645512278196312],[77.88550187766303,10.650371555201941],[77.89585212982273,10.645593246519784],[77.90894099224579,10.657119036292514],[77.91391195192283,10.648322051489037],[77.9777216778691,10.63991065829542],[77.96978909037966,10.672575845852629],[78.00548460130668,10.675543530358404],[78.01510693871016,10.719714755854541],[78.00865198553997,10.722193938216039],[78.01053175249282,10.731180939668372],[77.99860373889396,10.729957773488216],[77.99811065632947,10.742851990622972],[77.95787096902872,10.74389533966908],[77.93124712015121,10.736700119654666],[77.93915248689095,10.76848607177836],[77.9832191024049,10.759542438524232],[77.99486793218989,10.76181653809443],[77.99846623197679,10.77455323314044],[78.0245744173385,10.771652752074873],[78.02774845718974,10.781535073567582],[78.03335090915529,10.774828816874923],[78.04841836129731,10.777527197756415],[78.0574896873769,10.772701813518687],[78.05850794931102,10.778085668127826],[78.05226156518685,10.783992137703132],[78.05506030687874,10.799917653931068],[78.04302184541568,10.80107622065305],[78.04019944389589,10.822148774317483],[78.01392131974032,10.836423976095684],[78.02997897404022,10.854555698852602],[78.00646087508606,10.854330220401902],[78.0064812479784,10.872017849618095],[77.98940108001814,10.882108414101564],[77.99364045082947,10.889459612674441],[77.98983019894116,10.908384499959741],[77.99884995363863,10.933471440724086],[78.0123271802169,10.940071875573722],[78.02647571780699,10.938097128018129],[78.02759282316845,10.948823936301263],[78.00981289455132,10.971278318421659],[78.01723117138779,11.028745715015587],[78.0069852154292,11.032122848944974],[77.99498051085791,11.023541663388883],[77.97392140177205,11.028602437379137],[77.96700544038458,11.020965469118813],[77.93722721937064,11.013677037456908],[77.93606334681716,11.027771155549255],[77.92796926918908,11.027971469865511],[77.92141576364571,11.0487516708646],[77.90722126195745,11.046113551195354],[77.90062661267577,11.034668985053226],[77.88102446408121,11.02438172429363],[77.8690779820184,11.023509222401643],[77.85423461372571,11.031739600922469],[77.85159332065203,11.046176786500913],[77.83045743166049,11.047878173649424],[77.82801143861776,11.06329610100465],[77.81306430053671,11.071176400510538]]]}},{"type":"Feature","properties":{"id":"t:05769","name":"Karur","taluk":"Karur","district":"Karur","state":"Tamil Nadu","sdtcode":"05769","dtcode":"613"},"geometry":{"type":"Polygon","coordinates":[[[77.99644244711762,11.096876149966636],[77.95187251902463,11.066817533424205],[77.93307449106847,11.07022966244453],[77.92141576364571,11.0487516708646],[77.9249278817592,11.036008746099062],[77.92796926918908,11.027971469865511],[77.93606334681716,11.027771155549255],[77.93722721937064,11.013677037456908],[77.96700544038458,11.020965469118813],[77.97392140177205,11.028602437379137],[77.99498051085791,11.023541663388883],[78.0069852154292,11.032122848944974],[78.01723117138779,11.028745715015587],[78.00981289455132,10.971278318421659],[78.02759282316845,10.948823936301263],[78.02647571780699,10.938097128018129],[78.0123271802169,10.940071875573722],[77.99884995363863,10.933471440724086],[77.98983019894116,10.908384499959741],[77.99364045082947,10.889459612674441],[77.98940108001814,10.882108414101564],[78.0064812479784,10.872017849618095],[78.00646087508606,10.854330220401902],[78.02997897404022,10.854555698852602],[78.01392131974032,10.836423976095684],[78.04019944389589,10.822148774317483],[78.04302184541568,10.80107622065305],[78.05506030687874,10.799917653931068],[78.05686088554266,10.763647598913227],[78.06988732762989,10.77579630277711],[78.09799929775927,10.767008547293061],[78.09635593594818,10.788945165318493],[78.10500474392548,10.805110381228463],[78.14913003200391,10.803976160265897],[78.15851044411826,10.83285976567566],[78.17596872735466,10.835203635842092],[78.17979378437715,10.822894433256934],[78.18578574135833,10.83381881152076],[78.18075826237859,10.821266987732077],[78.18599780485083,10.819399214898404],[78.221610705806,10.903254359502522],[78.17894269532417,10.897930352087624],[78.17249955230501,10.933758523974584],[78.16148976964013,10.933637828172763],[78.1668062842575,10.94440887639386],[78.1631428161883,10.948373519871126],[78.18294725640169,10.96077864599207],[78.19338112554465,10.958498460423668],[78.19767927761659,10.969992388803],[78.17201467315567,10.993375486720769],[78.15951565173468,11.022947505681733],[78.1031743052615,11.074396501688534],[78.07095673065314,11.079097427330755],[78.05471203633127,11.074035826431892],[78.02742301463032,11.090639383175969],[77.99644244711762,11.096876149966636]]]}},{"type":"Feature","properties":{"id":"t:05770","name":"Krishnarayapuram","taluk":"Krishnarayapuram","district":"Karur","state":"Tamil Nadu","sdtcode":"05770","dtcode":"613"},"geometry":{"type":"Polygon","coordinates":[[[78.25486068362771,10.968762312514123],[78.21812441785018,10.958930734191938],[78.18294725640169,10.96077864599207],[78.16320687505119,10.948527200432089],[78.1668062842575,10.94440887639386],[78.16148976964013,10.933637828172763],[78.17249955230501,10.933758523974584],[78.17894269532417,10.897930352087624],[78.221610705806,10.903254359502522],[78.19751671758446,10.844059296105105],[78.21812065031588,10.841997359195418],[78.21446145373585,10.806980128683723],[78.23350429147159,10.806716659551821],[78.2300520002577,10.81907612674929],[78.23675198149803,10.823286732080488],[78.23732068963307,10.852857865068444],[78.25272719740434,10.851272291840539],[78.24937427692888,10.864587456140503],[78.25585180925371,10.881983918148736],[78.26605661249083,10.876988500503696],[78.28049937169268,10.889360805948431],[78.2733621121316,10.83081703102827],[78.27967910293876,10.823401440923961],[78.27458695064846,10.819024165297062],[78.28412182627923,10.813783785860355],[78.29131277455163,10.81794906238861],[78.29315780994064,10.809252647555025],[78.31431359032747,10.807427141001131],[78.30681144497946,10.784408385854732],[78.31020370447786,10.763543687723393],[78.28587017689253,10.746657721801409],[78.28622032402062,10.737450058194762],[78.29228216274437,10.735349897444188],[78.29104923310176,10.705717370292625],[78.3163005424634,10.701729433628403],[78.32043552185216,10.7091615738615],[78.33432567881374,10.70971085412593],[78.34181293009438,10.705322665798471],[78.34492839619585,10.721582446136523],[78.35902017732799,10.723925196260204],[78.3577431170487,10.752964233609434],[78.33858877413171,10.757247500295753],[78.335217865791,10.77048686294155],[78.343613522233,10.791990781064216],[78.3400728673379,10.808606768471117],[78.37180815982643,10.81071562680021],[78.37075253246806,10.781817662912987],[78.40128311409202,10.787150922032389],[78.3985928915814,10.822490363537705],[78.43064701053736,10.832734095138632],[78.42122141046924,10.85249796590194],[78.42392063140406,10.86046222893852],[78.40147193996474,10.85898201404386],[78.3893819457471,10.877687332696896],[78.38092144082303,10.872439506802724],[78.37140922789023,10.879228777981535],[78.37048500609161,10.90082636010382],[78.38121017462672,10.911991418690272],[78.3826328949327,10.926121585196018],[78.37278515135978,10.929665371368428],[78.36908450830916,10.940974822416319],[78.35721913423508,10.940558329428125],[78.36125697699553,10.963037557042833],[78.25486068362771,10.968762312514123]]]}},{"type":"Feature","properties":{"id":"t:05771","name":"Kulithalai","taluk":"Kulithalai","district":"Karur","state":"Tamil Nadu","sdtcode":"05771","dtcode":"613"},"geometry":{"type":"Polygon","coordinates":[[[78.37840681918756,10.963811053747797],[78.36125697699553,10.963037557042833],[78.36210378288129,10.95220720902513],[78.35514647563454,10.948432365438075],[78.35721913423508,10.940558329428125],[78.36908450830916,10.940974822416319],[78.37278515135978,10.929665371368428],[78.3826328949327,10.926121585196018],[78.38121017462672,10.911991418690272],[78.37048500609161,10.90082636010382],[78.37140922789023,10.879228777981535],[78.38092144082303,10.872439506802724],[78.3893819457471,10.877687332696896],[78.40147193996474,10.85898201404386],[78.42392063140406,10.86046222893852],[78.42122141046924,10.85249796590194],[78.43064701053736,10.832734095138632],[78.3985928915814,10.822490363537705],[78.40128311409202,10.787150922032389],[78.37075253246806,10.781817662912987],[78.37180815982643,10.81071562680021],[78.3400728673379,10.808606768471117],[78.343613522233,10.791990781064216],[78.33550993683595,10.77426131534703],[78.33837388094608,10.757550328499365],[78.3577431170487,10.752964233609434],[78.35898808321782,10.725620294873794],[78.3777562233262,10.726045876973087],[78.37425953108277,10.718551229337498],[78.38432895640992,10.716765731892325],[78.407306486057,10.67397107601981],[78.42492858606859,10.671889690796641],[78.43812155335165,10.690027382222574],[78.46780111599115,10.688569403724472],[78.47054799345008,10.703725086503471],[78.51343086747316,10.694965611733496],[78.52024450266497,10.71068052671834],[78.55170612609713,10.722700325504375],[78.5653203484512,10.734528447584713],[78.56885129615135,10.747533951673024],[78.56217367487675,10.764620037177824],[78.57163477187326,10.775090856986838],[78.5650729389472,10.78256605701723],[78.55740189774934,10.780909953894884],[78.55727653425816,10.789340188466937],[78.54488950939692,10.796171661040507],[78.55457339217716,10.813486688753093],[78.57840420905477,10.81127663231475],[78.58774755308721,10.828644802987842],[78.57311388841275,10.838772324206742],[78.57904273515199,10.850412950923117],[78.55810087058371,10.86386100638565],[78.55054280421092,10.877623238294104],[78.5045605627946,10.885590677840757],[78.49048842242782,10.895196826762133],[78.48446175274744,10.885738146140218],[78.4711810056881,10.886352627918603],[78.47156435904063,10.898222592118904],[78.47810563581808,10.901601674756359],[78.46383056872357,10.9139822656633],[78.46877249664722,10.921330719389077],[78.40289853650113,10.960740941811036],[78.37840681918756,10.963811053747797]]]}},{"type":"Feature","properties":{"id":"t:05772","name":"Kadavur","taluk":"Kadavur","district":"Karur","state":"Tamil Nadu","sdtcode":"05772","dtcode":"613"},"geometry":{"type":"Polygon","coordinates":[[[78.28002864729727,10.888325524589636],[78.26605661249083,10.876988500503696],[78.25585180925371,10.881983918148736],[78.24937427692888,10.864587456140503],[78.25272719740434,10.851272291840539],[78.23732068963307,10.852857865068444],[78.23675198149803,10.823286732080488],[78.2300520002577,10.81907612674929],[78.23350429147159,10.806716659551821],[78.21446145373585,10.806980128683723],[78.21812065031588,10.841997359195418],[78.19751671758446,10.844059296105105],[78.16982716404777,10.79906065145906],[78.16818720325831,10.775962384465936],[78.15157497311944,10.740587030194506],[78.15460374640612,10.720128074952306],[78.14500696517413,10.676783766316662],[78.14547144807494,10.649666545546628],[78.16300099735777,10.648928363148784],[78.16532714346349,10.613818978952807],[78.13610178250633,10.596856235480482],[78.13264720148678,10.57516784589619],[78.13910221933565,10.562709734832724],[78.16089841946837,10.562572726423165],[78.16997482192764,10.554281443032679],[78.18868779379943,10.559210170176963],[78.19995058786242,10.546767962207847],[78.23067772176886,10.550104679910975],[78.24304114159939,10.554403826303881],[78.26258730988039,10.57904240789752],[78.2557254378528,10.601487589126922],[78.26572203137,10.628242461550196],[78.28338822159405,10.745947282244837],[78.3099523899973,10.763014762488167],[78.30681144497946,10.784408385854732],[78.3142773801367,10.805646157422393],[78.29275999550865,10.809383623075705],[78.29131277455163,10.81794906238861],[78.28412182627923,10.813783785860355],[78.27458695064846,10.819024165297062],[78.27967910293876,10.823401440923961],[78.2733621121316,10.83081703102827],[78.28002864729727,10.888325524589636]]]}},{"type":"Feature","properties":{"id":"t:05773","name":"Thottiyam","taluk":"Thottiyam","district":"Tiruchirappalli","state":"Tamil Nadu","sdtcode":"05773","dtcode":"614"},"geometry":{"type":"Polygon","coordinates":[[[78.23094075387394,11.094847847365466],[78.23663262234624,11.066676265933209],[78.22886281946776,11.05464625410604],[78.20171918380727,11.075550652470753],[78.19572166894945,11.064685603513075],[78.18170130478069,11.06857112934738],[78.16243768719929,11.046868022920547],[78.18204863928362,11.041929211427302],[78.19657759812519,11.04612106833468],[78.19471887869946,11.022123848181797],[78.16484477151211,11.01326020431521],[78.17825344585444,10.984777147950103],[78.19767927761659,10.969992388803],[78.19499243366978,10.963298567649451],[78.21812441785018,10.958930734191938],[78.25027231014197,10.968882447219434],[78.34148616431652,10.961173413382276],[78.37840681918756,10.963811053747797],[78.41701430175303,10.952933149248038],[78.42818836382551,10.972996720534478],[78.41319350184669,10.98014969467175],[78.40032582710445,11.050842422420303],[78.37050018941655,11.056909133004362],[78.36329267531202,11.065153636655339],[78.36004007689085,11.046715604145788],[78.35006468451269,11.04836467718586],[78.34906404572783,11.032647973804622],[78.33954760891652,11.026372816144306],[78.32835029664787,11.03319661737423],[78.32381606013274,11.057993513836383],[78.29082675633849,11.077250597867973],[78.27785691889395,11.079488518521309],[78.26545388785092,11.070371443957372],[78.2563454424855,11.075028076387033],[78.248815199632,11.092385822854839],[78.23094075387394,11.094847847365466]]]}},{"type":"Feature","properties":{"id":"t:05774","name":"Musiri","taluk":"Musiri","district":"Tiruchirappalli","state":"Tamil Nadu","sdtcode":"05774","dtcode":"614"},"geometry":{"type":"Polygon","coordinates":[[[78.42894921620992,11.208464162100453],[78.38112404685224,11.187070183821591],[78.38735046052929,11.17723507311917],[78.37681975928692,11.176304610450776],[78.38054559469134,11.137508215898164],[78.34599669608791,11.138044213065964],[78.34338595022545,11.11222482622013],[78.32391881751978,11.097309899613624],[78.33814322861542,11.094934545409751],[78.33803481363871,11.083588965279427],[78.37050018941655,11.056909133004362],[78.40265475259766,11.048591252839888],[78.40074042925245,11.02911389476081],[78.40888812731986,11.017433117240135],[78.41319350184669,10.98014969467175],[78.42818836382551,10.972996720534478],[78.41701430175303,10.952933149248038],[78.45395888415,10.925778043631045],[78.5782226918752,10.888332991931017],[78.58355069594505,10.920056711711297],[78.5931238658581,10.91919915773514],[78.59208669977716,10.949448262575563],[78.61407073763574,10.950973470986064],[78.6151222498118,10.9663602872283],[78.64223496276523,10.952786192327242],[78.6408674924425,10.958183367061908],[78.6516267448561,10.960271107555261],[78.64925367255657,10.974288406388835],[78.66549383397951,10.97452196715441],[78.66500058612498,11.0159951551782],[78.65929544055278,11.018585835235049],[78.66067336996035,11.02501339520004],[78.64895966833713,11.018378748815405],[78.64332348014109,11.029928122954312],[78.65112500432892,11.03260361129896],[78.65630667553391,11.053436685953955],[78.67249587912403,11.051161166392534],[78.69567326146394,11.034165647292209],[78.71014052940168,11.03131894820926],[78.71005735618614,11.037798730474643],[78.72057538130159,11.039370936503298],[78.71758792153483,11.055694152958976],[78.7009713731944,11.068639779915452],[78.68818394046488,11.125912934316117],[78.67178988146415,11.13157944176106],[78.63672414165359,11.120205124778138],[78.63713116830881,11.111454094937821],[78.66461266933077,11.094271013371754],[78.65448390039765,11.085028295717395],[78.62949676939142,11.084907295166783],[78.59239803968495,11.066620956321554],[78.5819270916803,11.071962330037376],[78.57625100121763,11.054499972992314],[78.56787749902715,11.0522925412382],[78.56094801889297,11.059437442617426],[78.55032514511254,11.049350352214395],[78.54428608586775,11.06200970674779],[78.54133765610345,11.051196620475237],[78.51391292411586,11.055205823347972],[78.51500727335454,11.065471530179742],[78.49328194939945,11.067474017560642],[78.48769000233283,11.09179450743445],[78.48980810939854,11.113449816758523],[78.48169246591543,11.123586808642328],[78.48524720998748,11.180842184058191],[78.47030545461159,11.182411005658444],[78.47307738518549,11.189416416971925],[78.46334523323006,11.19172450284595],[78.4549571729421,11.187979630402173],[78.45337975286277,11.178130643184351],[78.43224414684053,11.179952187576461],[78.42894921620992,11.208464162100453]]]}},{"type":"Feature","properties":{"id":"t:05775","name":"Thuraiyur","taluk":"Thuraiyur","district":"Tiruchirappalli","state":"Tamil Nadu","sdtcode":"05775","dtcode":"614"},"geometry":{"type":"Polygon","coordinates":[[[78.49604936414242,11.408953564438406],[78.486166473984,11.40748382221963],[78.47904906808901,11.38795516642219],[78.46455088912234,11.377183866586012],[78.45464834472382,11.349356425741739],[78.4595430113821,11.34268349693838],[78.44679613040114,11.344865363163896],[78.4472052618091,11.33216380586266],[78.4557154507549,11.332252148546502],[78.46536945377217,11.313360031576979],[78.45249105314545,11.298067513938287],[78.44698056441045,11.274898794995204],[78.4380769178618,11.268595209931954],[78.43949439110817,11.258967020218785],[78.42010514323596,11.220816065685142],[78.42186651852256,11.21173490501499],[78.4141282348324,11.20594110543046],[78.42468994681676,11.203060322392602],[78.42977265961007,11.207868906828867],[78.43224414684053,11.179952187576461],[78.45337975286277,11.178130643184351],[78.4549571729421,11.187979630402173],[78.46334523323006,11.19172450284595],[78.47307738518549,11.189416416971925],[78.47030545461159,11.182411005658444],[78.48524720998748,11.180842184058191],[78.48169246591543,11.123586808642328],[78.48980810939854,11.113449816758523],[78.49328194939945,11.067474017560642],[78.51500727335454,11.065471530179742],[78.5143339447266,11.055115579901003],[78.54133765610345,11.051196620475237],[78.54428608586775,11.06200970674779],[78.55032514511254,11.049350352214395],[78.56094801889297,11.059437442617426],[78.56787749902715,11.0522925412382],[78.57625100121763,11.054499972992314],[78.5819270916803,11.071962330037376],[78.59239803968495,11.066620956321554],[78.62949676939142,11.084907295166783],[78.66224142150958,11.089357866777853],[78.66461266933077,11.094271013371754],[78.63505806863546,11.118008366272823],[78.6488764645789,11.127156576529346],[78.68693952765801,11.128530343371713],[78.6809072920161,11.130402778025905],[78.67376347026187,11.165082460372222],[78.65198290351009,11.163674613794361],[78.6511410159005,11.168330419694207],[78.6631582852077,11.174775021408383],[78.67584686193344,11.195376083111356],[78.69875016917847,11.191199561160108],[78.71254567065856,11.21280223494349],[78.70878188502662,11.22773773282164],[78.70265595869388,11.228810571407465],[78.71338253039744,11.240076383323869],[78.7100105153323,11.249018097072867],[78.72601356913093,11.261059395278865],[78.72863690218713,11.272530550304637],[78.75115093169033,11.284856120432874],[78.73881144118234,11.294128512680095],[78.73307020399695,11.323425276158048],[78.67837941663693,11.32752557932547],[78.66579617636141,11.31733007297294],[78.65994769560247,11.319414501104907],[78.66113997917341,11.331501098338897],[78.63967209620907,11.328623336144322],[78.63418970947116,11.334006905797732],[78.65517320735955,11.344713898305054],[78.65959033500268,11.35801156111108],[78.67204099382371,11.360039533629376],[78.68904941424056,11.381755536691808],[78.66312866685446,11.373849531076484],[78.64119801317825,11.342147384212556],[78.6044676816715,11.338833360375125],[78.5889463215962,11.326604807537123],[78.58433798844318,11.331092593378173],[78.57663649256055,11.316509507407789],[78.56120636897882,11.316424998609952],[78.55286518278236,11.32011587552778],[78.55338210483787,11.358717531511305],[78.54236233739861,11.369521990027382],[78.52342912017866,11.37073169634995],[78.51525602314494,11.384541975977651],[78.50474401404696,11.380618817256227],[78.50974908185702,11.39685696412747],[78.49604936414242,11.408953564438406]]]}},{"type":"Feature","properties":{"id":"t:05776","name":"Manachanallur","taluk":"Manachanallur","district":"Tiruchirappalli","state":"Tamil Nadu","sdtcode":"05776","dtcode":"614"},"geometry":{"type":"Polygon","coordinates":[[[78.7606516156448,11.121533460339212],[78.73522375139726,11.105618155921386],[78.74463207776074,11.079357135163752],[78.72017001383466,11.074045255020513],[78.72057538130159,11.039370936503298],[78.71005735618614,11.037798730474643],[78.71106030903121,11.031635114076753],[78.65630667553391,11.053436685953955],[78.65112500432892,11.03260361129896],[78.64332348014109,11.029928122954312],[78.64895966833713,11.018378748815405],[78.66067336996035,11.02501339520004],[78.65929544055278,11.018585835235049],[78.66500058612498,11.0159951551782],[78.66549383397951,10.97452196715441],[78.64925367255657,10.974288406388835],[78.6516267448561,10.960271107555261],[78.6408674924425,10.958183367061908],[78.64223496276523,10.952786192327242],[78.6151222498118,10.9663602872283],[78.61407073763574,10.950973470986064],[78.59208669977716,10.949448262575563],[78.5931238658581,10.91919915773514],[78.58355069594505,10.920056711711297],[78.5782226918752,10.888332991931017],[78.63662418521362,10.876060263060653],[78.6389659745817,10.883717460021765],[78.68424027438387,10.876724460497954],[78.70907329401322,10.862254319156824],[78.71106164752098,10.875330802122448],[78.73408106021988,10.882709862398034],[78.7259097786813,10.886251867083525],[78.72429847504776,10.895699616902306],[78.7307174012835,10.902396517996348],[78.72570917679354,10.915723707875564],[78.74593425673197,10.903760737631039],[78.75756515344891,10.908699351614077],[78.7560988648517,10.915442912167155],[78.76457041995205,10.913009816915048],[78.75836286101446,10.927092380427032],[78.7738723220055,10.929539036906194],[78.77623430280624,10.951435693730469],[78.79237312348532,10.965629622025123],[78.79548832817704,10.999482199447613],[78.80202258462053,11.013533058528086],[78.81290715830448,11.01372096457779],[78.80639276361195,11.029607900211156],[78.81588250967953,11.0515780859619],[78.8074252341989,11.05608732345349],[78.8108722603869,11.111803636828483],[78.77670597402594,11.112883282489713],[78.7606516156448,11.121533460339212]]]}},{"type":"Feature","properties":{"id":"t:05777","name":"Lalgudi","taluk":"Lalgudi","district":"Tiruchirappalli","state":"Tamil Nadu","sdtcode":"05777","dtcode":"614"},"geometry":{"type":"Polygon","coordinates":[[[78.88920399041784,11.101649948755545],[78.87313998233392,11.09678635483764],[78.87242162385574,11.084301650770463],[78.84739735919061,11.090253092775768],[78.83996685807973,11.076501875564178],[78.80718648535257,11.07899998966975],[78.8074252341989,11.05608732345349],[78.81588250967953,11.0515780859619],[78.80639276361195,11.029607900211156],[78.81338257190568,11.015682826686975],[78.80202258462053,11.013533058528086],[78.79548832817704,10.999482199447613],[78.79237312348532,10.965629622025123],[78.77623430280624,10.951435693730469],[78.7738723220055,10.929539036906194],[78.75836286101446,10.927092380427032],[78.76457041995205,10.913009816915048],[78.7560988648517,10.915442912167155],[78.75756515344891,10.908699351614077],[78.74593425673197,10.903760737631039],[78.72570917679354,10.915723707875564],[78.7307174012835,10.902396517996348],[78.72429847504776,10.895699616902306],[78.7259097786813,10.886251867083525],[78.73408106021988,10.882709862398034],[78.71106164752098,10.875330802122448],[78.70907329401322,10.862254319156824],[78.82466399343436,10.837727247774147],[78.92329948594116,10.86617614434341],[78.94055616926151,10.87853149055606],[78.9396434683564,10.887748400423538],[78.963490842083,10.894211225845508],[78.96315988117277,10.888438999929578],[79.00440825346838,10.893910570798946],[79.00187594220831,10.922220126589277],[78.98873532784172,10.928082218052282],[78.98114933015181,10.921390414439387],[78.97403479257753,10.942741611373071],[78.94551294364187,10.955093782480384],[78.94170643413506,10.973125648617762],[78.98324628099425,10.965597245219849],[78.97776433802407,10.97423714755344],[78.98499338564424,10.977100527748624],[78.98652562944798,11.000989164233125],[79.01225055937347,11.010156960667175],[79.00637907635337,11.058918290265762],[78.9982643464569,11.076277625942813],[78.98466924294702,11.078917925741802],[78.98409627589923,11.088880549135801],[78.97388801145337,11.094344269178242],[78.93812242384935,11.094782778416764],[78.92635063985483,11.089491735998706],[78.88920399041784,11.101649948755545]]]}},{"type":"Feature","properties":{"id":"t:05778","name":"Srirangam","taluk":"Srirangam","district":"Tiruchirappalli","state":"Tamil Nadu","sdtcode":"05778","dtcode":"614"},"geometry":{"type":"Polygon","coordinates":[[[78.46995242389147,10.920909993224203],[78.46383056872357,10.9139822656633],[78.47810563581808,10.901601674756359],[78.47156435904063,10.898222592118904],[78.4711810056881,10.886352627918603],[78.48446175274744,10.885738146140218],[78.49048842242782,10.895196826762133],[78.5045605627946,10.885590677840757],[78.55054280421092,10.877623238294104],[78.55810087058371,10.86386100638565],[78.57785342859785,10.852772315233533],[78.57311388841275,10.838772324206742],[78.58774755308721,10.828644802987842],[78.57640668195134,10.808125686582514],[78.55457339217716,10.813486688753093],[78.54488950939692,10.796171661040507],[78.55727653425816,10.789340188466937],[78.55740189774934,10.780909953894884],[78.5650729389472,10.78256605701723],[78.57163477187326,10.775090856986838],[78.56217367487675,10.764620037177824],[78.56885129615135,10.747533951673024],[78.5653203484512,10.734528447584713],[78.55170612609713,10.722700325504375],[78.52024450266497,10.71068052671834],[78.5131754234373,10.693618476510489],[78.52469072135021,10.686430804264027],[78.52220653283993,10.680377312385188],[78.53004273918424,10.671384555200207],[78.5338114826182,10.676615693376718],[78.54434150922583,10.675307861437247],[78.55077809364508,10.686456555424924],[78.56363940741682,10.684335005361856],[78.56837936262357,10.681352585341802],[78.56549051182388,10.660712396263541],[78.57939172614826,10.66413227096387],[78.59298341246678,10.659098556579913],[78.60911394349245,10.68117257660688],[78.62124345010785,10.675870845254915],[78.62599637429238,10.702612908112233],[78.63511934990753,10.707431492738976],[78.65840187286491,10.704749688153864],[78.65124243839104,10.68147535646727],[78.65633733862782,10.67202757271524],[78.65242876972495,10.658683999647746],[78.65879416445456,10.654117980333407],[78.66662735874772,10.65790515353901],[78.66648303541417,10.672550894192954],[78.68287576221338,10.671133683349082],[78.6820513944468,10.686647423964308],[78.69307604602626,10.691396188303615],[78.69737518804168,10.70420121890986],[78.68783217457269,10.728716564411023],[78.69314675062564,10.763811708713659],[78.67748097918194,10.767918916592722],[78.67387645227349,10.783378717395738],[78.65768851800287,10.790368918785438],[78.6637059565954,10.797216489640642],[78.66459173858468,10.82405759467589],[78.64618413641725,10.836919214867047],[78.66471339742358,10.845921962947829],[78.68058819156258,10.836476972110365],[78.68560317407841,10.842334322924202],[78.7131897600223,10.836001112277119],[78.75479430534493,10.838982931939729],[78.77600642087992,10.829457416275236],[78.80324588342496,10.838469857553573],[78.82466399343436,10.837727247774147],[78.72328633064073,10.863009711337403],[78.71696555882451,10.859987543586296],[78.68424027438387,10.876724460497954],[78.6389659745817,10.883717460021765],[78.63821107353606,10.875897493856119],[78.60031713627548,10.88255904303764],[78.46995242389147,10.920909993224203]]]}},{"type":"Feature","properties":{"id":"t:05779","name":"Tiruchirappalli","taluk":"Tiruchirappalli","district":"Tiruchirappalli","state":"Tamil Nadu","sdtcode":"05779","dtcode":"614"},"geometry":{"type":"Polygon","coordinates":[[[78.66511578248377,10.845804390065908],[78.64618413641725,10.836919214867047],[78.66459173858468,10.82405759467589],[78.6637059565954,10.797216489640642],[78.65705774256993,10.791797374144101],[78.67387645227349,10.783378717395738],[78.67748097918194,10.767918916592722],[78.69314675062564,10.763811708713659],[78.68936009747986,10.73464686097626],[78.70904716381824,10.7331417272467],[78.71969315753914,10.748344975841206],[78.71389586637837,10.760922840546367],[78.71775350529622,10.773935571809005],[78.73843528243688,10.773151514546633],[78.74520553708527,10.784006688431484],[78.73638815216009,10.813522500376436],[78.72552887054296,10.82673871264904],[78.71524073508853,10.826176712566351],[78.7172470333424,10.838050799302627],[78.68560317407841,10.842334322924202],[78.68058819156258,10.836476972110365],[78.66511578248377,10.845804390065908]]]}},{"type":"Feature","properties":{"id":"t:05780","name":"Thiruverumbur","taluk":"Thiruverumbur","district":"Tiruchirappalli","state":"Tamil Nadu","sdtcode":"05780","dtcode":"614"},"geometry":{"type":"Polygon","coordinates":[[[78.7420174718375,10.839737839444462],[78.7172470333424,10.838050799302627],[78.71529310597127,10.833214701676964],[78.71524073508853,10.826176712566351],[78.73203835324753,10.821994894441056],[78.74526980345902,10.784671140350703],[78.73843528243688,10.773151514546633],[78.71775350529622,10.773935571809005],[78.71389586637837,10.760922840546367],[78.71969315753914,10.748344975841206],[78.70818189665512,10.72813349686548],[78.70981208107929,10.72213468981086],[78.74274863490174,10.7074878497322],[78.74648388734529,10.686892134762644],[78.73559314582862,10.675048383181215],[78.74404493709439,10.643453177781138],[78.75769437789917,10.644112769038632],[78.75856782422298,10.653460829690236],[78.76525015805954,10.655164907347226],[78.7905887486325,10.649848176164648],[78.80195485973292,10.671681351629585],[78.79963715060435,10.679933261619782],[78.81257786017584,10.672490544978384],[78.8203328669033,10.694647600014795],[78.8720282623726,10.688200561220505],[78.87338503286198,10.705660874389427],[78.86443054795646,10.732901998131188],[78.8683527676584,10.760780550330471],[78.87488534155733,10.7619107810416],[78.87527843354587,10.775751811047941],[78.88089245760892,10.77752377642171],[78.88020227209466,10.788602918454714],[78.86724118424097,10.784665536801718],[78.86728637399136,10.80213630208042],[78.86192333742203,10.80242986054249],[78.86870311241583,10.825650661011945],[78.79698524124063,10.823922130075921],[78.7420174718375,10.839737839444462]]]}},{"type":"Feature","properties":{"id":"t:05781","name":"Manapparai","taluk":"Manapparai","district":"Tiruchirappalli","state":"Tamil Nadu","sdtcode":"05781","dtcode":"614"},"geometry":{"type":"Polygon","coordinates":[[[78.28592046907374,10.746630614852949],[78.2630445927842,10.615155235287922],[78.2557254378528,10.601487589126922],[78.26254166198923,10.578938423887791],[78.24304114159939,10.554403826303881],[78.20868141112685,10.550196822087857],[78.19004037993622,10.538533986051942],[78.17329755451799,10.503807072765822],[78.19165838500179,10.500989830312298],[78.20254398276516,10.486594810945494],[78.19983434945793,10.481582358313904],[78.21751457765494,10.4667693256612],[78.24630130742854,10.468025835062761],[78.31502275634539,10.439540615963],[78.30674484927417,10.412235950100316],[78.28775661922626,10.402195885244947],[78.28756275380478,10.393426327751007],[78.27907174568695,10.387669371379015],[78.27926813537437,10.372720590057568],[78.31776602976339,10.348803953194814],[78.3239175023862,10.337300766221032],[78.33077429174593,10.337672527355965],[78.33772858065332,10.32557699308925],[78.33317616403347,10.300447516068465],[78.36318446784618,10.293787472257838],[78.3669910716761,10.30116487771272],[78.37472363938609,10.300351408424756],[78.37177478022708,10.308700502506465],[78.39644834170699,10.323988163932645],[78.40466717466681,10.345323886038488],[78.39209021810669,10.354383323879542],[78.41473134484957,10.363223917647161],[78.43655925461346,10.362809496180962],[78.44886622071829,10.374984952436364],[78.43852191899902,10.38375154070184],[78.44015083410373,10.400675530477233],[78.4474265770507,10.40907325170303],[78.49028493515134,10.395907157767459],[78.49194864470196,10.388041148746023],[78.5076669981325,10.389050368981083],[78.5054924714771,10.375975860143715],[78.51382891726377,10.371605332779275],[78.53020821245285,10.39060769205908],[78.52704814769245,10.402908252783158],[78.51647244714252,10.40792344542225],[78.5230710615879,10.436661537891403],[78.55223416210934,10.433752663167432],[78.55323371932262,10.426678626209037],[78.56240893646311,10.426855031829879],[78.5650206767606,10.443050370070843],[78.58499753421972,10.441000190280828],[78.5893313628832,10.474550929888034],[78.57069514666249,10.489140461807157],[78.58176133184912,10.521969032055825],[78.56931885668031,10.5196525019905],[78.56450585586454,10.51210260432736],[78.54992057355298,10.514160541853894],[78.54379552217931,10.530102120251241],[78.5364134672117,10.530683155039837],[78.5327686643375,10.514011115672806],[78.54086976319783,10.505094883790486],[78.52728256935406,10.486352959364282],[78.49599454535051,10.485140735100819],[78.4978846815567,10.506744140895018],[78.48909586215922,10.517559897495815],[78.48609777981423,10.538919415638315],[78.4637921684401,10.540910545394269],[78.46606425842361,10.578414950808304],[78.45833477193507,10.581337089434625],[78.45957529593508,10.590223695729016],[78.45234323446712,10.592200819575533],[78.44555724133497,10.607453808214803],[78.45947594495962,10.611523373511753],[78.48242719978293,10.638489281109564],[78.52694878234392,10.629159577883055],[78.52904118411777,10.644859216922812],[78.52045741237043,10.650294248404544],[78.51689603603666,10.667316365019751],[78.52641770912774,10.674276357766306],[78.52469072135021,10.686430804264027],[78.51343086747316,10.694965611733496],[78.47054799345008,10.703725086503471],[78.46780111599115,10.688569403724472],[78.43812155335165,10.690027382222574],[78.42492858606859,10.671889690796641],[78.407306486057,10.67397107601981],[78.38432895640992,10.716765731892325],[78.37425953108277,10.718551229337498],[78.3777562233262,10.726045876973087],[78.34492839619585,10.721582446136523],[78.34181293009438,10.705322665798471],[78.32043552185216,10.7091615738615],[78.3163005424634,10.701729433628403],[78.29246509656717,10.701877375261816],[78.29228216274437,10.735349897444188],[78.28622032402062,10.737450058194762],[78.28592046907374,10.746630614852949]]]}},{"type":"Feature","properties":{"id":"t:05782","name":"Veppanthattai","taluk":"Veppanthattai","district":"Perambalur","state":"Tamil Nadu","sdtcode":"05782","dtcode":"615"},"geometry":{"type":"Polygon","coordinates":[[[78.85788650436795,11.523165986245216],[78.8429906178688,11.52307863430483],[78.83379887082876,11.506687706679608],[78.81020942497979,11.507980327419707],[78.80967930038454,11.481999358295123],[78.79837840787208,11.481942206774798],[78.79617545582606,11.46100022772588],[78.78945991935826,11.45382944768914],[78.81927935597574,11.439616988740138],[78.82272736492068,11.427137794490363],[78.80136893358888,11.402272563943825],[78.79878072555857,11.384295556821263],[78.79283278153476,11.389975597200355],[78.78912304034692,11.386561833046219],[78.77249214411479,11.415416868345108],[78.74129188910777,11.449708358672668],[78.70313816535526,11.457047483605594],[78.68849474138354,11.443214943248526],[78.6882960457208,11.435558010661708],[78.65127741429663,11.422482084049854],[78.65072632841253,11.40753879175778],[78.66312866685446,11.373849531076484],[78.69001568348266,11.380236595281746],[78.67204099382371,11.360039533629376],[78.65959033500268,11.35801156111108],[78.65517320735955,11.344713898305054],[78.63418970947116,11.334006905797732],[78.63967209620907,11.328623336144322],[78.66113997917341,11.331501098338897],[78.65994769560247,11.319414501104907],[78.66579617636141,11.31733007297294],[78.67837941663693,11.32752557932547],[78.73307020399695,11.323425276158048],[78.73881144118234,11.294128512680095],[78.74873365599062,11.289518704920761],[78.75115093169033,11.284856120432874],[78.7454834704443,11.281655033143227],[78.75420223472433,11.2754590322512],[78.76320287956074,11.281664261172354],[78.79228774939733,11.279707967866576],[78.81175673353083,11.292468761906363],[78.81138899289789,11.298557249402258],[78.79919592059467,11.305194226972207],[78.82688282589793,11.322155289545096],[78.85008117850985,11.322031925332753],[78.85728150070219,11.316459272506263],[78.85343560456172,11.299630640517528],[78.87818010150806,11.300992313110305],[78.87794182876884,11.279209939432002],[78.89220246802155,11.283738803571511],[78.90188464669772,11.2959334584052],[78.91590280999402,11.293545444903387],[78.93003868313524,11.30968010665923],[78.94172199744733,11.309320784021454],[78.95212611887966,11.321170084060244],[78.94900519281789,11.3318970054716],[78.96503222804137,11.33394038451466],[78.96566177188403,11.34050788165135],[78.99046464495079,11.340273575637413],[78.99806330439462,11.361298001204817],[78.99031525691565,11.36779184540675],[78.99100682763209,11.378892872970788],[78.9798376137672,11.377066276005857],[78.98129187571939,11.395240960937167],[78.97243325452943,11.399999010679615],[78.99692846718777,11.407611035407598],[79.00902464271287,11.398213613297846],[78.99692854084964,11.407611407007703],[78.98375042990476,11.40297429992915],[78.96067927424549,11.406163743506216],[78.90791778514648,11.476776524250546],[78.87183374118099,11.51718214832799],[78.85788650436795,11.523165986245216]]]}},{"type":"Feature","properties":{"id":"t:05783","name":"Perambalur","taluk":"Perambalur","district":"Perambalur","state":"Tamil Nadu","sdtcode":"05783","dtcode":"615"},"geometry":{"type":"Polygon","coordinates":[[[78.83078511198374,11.322042952485676],[78.79919592059467,11.305194226972207],[78.81138899289789,11.298557249402258],[78.81175673353083,11.292468761906363],[78.79228774939733,11.279707967866576],[78.76320287956074,11.281664261172354],[78.75420223472433,11.2754590322512],[78.7454834704443,11.281655033143227],[78.72863690218713,11.272530550304637],[78.72601356913093,11.261059395278865],[78.7100105153323,11.249018097072867],[78.71338253039744,11.240076383323869],[78.70265595869388,11.228810571407465],[78.70878188502662,11.22773773282164],[78.71271538487359,11.213855374177758],[78.70619400577972,11.207596755963205],[78.70990483931892,11.200001969540194],[78.70525547561527,11.19078212922112],[78.74248617143024,11.195778653704506],[78.73728619076311,11.18578206315068],[78.75797694925998,11.182350815557891],[78.76300853533722,11.1457713803419],[78.75624043934046,11.14138866808598],[78.7589167361675,11.133484029120705],[78.78020586786505,11.145013649952807],[78.78929576661314,11.16269477573381],[78.78506411412675,11.168913180046996],[78.81341356378296,11.170254198874046],[78.81747975467886,11.164455729691124],[78.83196184302217,11.174700999733602],[78.85734567904105,11.175504002540233],[78.90141102703217,11.167905640878223],[78.91367780790107,11.156717140781822],[78.92130440495026,11.15967686155898],[78.92176358240097,11.168811996917256],[78.93706360926835,11.175237071055843],[78.93403424219531,11.181005330894969],[78.94444690570768,11.21138302315921],[78.93235769751593,11.223201016269593],[78.93172373845361,11.236101547377752],[78.9410897874049,11.24720115184257],[78.94066035586813,11.272260709628304],[78.92330478959462,11.27294632755121],[78.91590280999402,11.293545444903387],[78.90914810069161,11.296235662712837],[78.87794182876884,11.279209939432002],[78.87818010150806,11.300992313110305],[78.85343560456172,11.299630640517528],[78.85728150070219,11.316459272506263],[78.83078511198374,11.322042952485676]]]}},{"type":"Feature","properties":{"id":"t:05784","name":"Kunnam","taluk":"Kunnam","district":"Perambalur","state":"Tamil Nadu","sdtcode":"05784","dtcode":"615"},"geometry":{"type":"Polygon","coordinates":[[[78.99692846718777,11.407611035407598],[78.97243325452943,11.399999010679615],[78.98129187571939,11.395240960937167],[78.9798376137672,11.377066276005857],[78.99100682763209,11.378892872970788],[78.99031525691565,11.36779184540675],[78.99806330439462,11.361298001204817],[78.99176612682938,11.341877710374483],[78.96566177188403,11.34050788165135],[78.96503222804137,11.33394038451466],[78.94900519281789,11.3318970054716],[78.95212611887966,11.321170084060244],[78.94172199744733,11.309320784021454],[78.93003868313524,11.30968010665923],[78.91590280999402,11.293545444903387],[78.92330478959462,11.27294632755121],[78.94066035586813,11.272260709628304],[78.94278557938752,11.254107511960903],[78.9320401197068,11.238424830168272],[78.93235769751593,11.223201016269593],[78.94444690570768,11.21138302315921],[78.93403424219531,11.181005330894969],[78.93706360926835,11.175237071055843],[78.92176358240097,11.168811996917256],[78.91998133116552,11.158619330228445],[78.91367780790107,11.156717140781822],[78.89805108173115,11.168990703727372],[78.85734567904105,11.175504002540233],[78.83196184302217,11.174700999733602],[78.81747975467886,11.164455729691124],[78.81341356378296,11.170254198874046],[78.78506411412675,11.168913180046996],[78.78929576661314,11.16269477573381],[78.78020586786505,11.145013649952807],[78.76030833523878,11.133122972049021],[78.75797694925998,11.182350815557891],[78.73728619076311,11.18578206315068],[78.74248617143024,11.195778653704506],[78.70525547561527,11.19078212922112],[78.70621535873403,11.201982758367098],[78.69847540956735,11.190892258027976],[78.67584686193344,11.195376083111356],[78.6631582852077,11.174775021408383],[78.6511410159005,11.168330419694207],[78.65198290351009,11.163674613794361],[78.67147485666705,11.16643431320618],[78.67575416208432,11.16162425322504],[78.7009713731944,11.068639779915452],[78.71045426062479,11.056514299073148],[78.71758792153483,11.055694152958976],[78.72017001383466,11.074045255020513],[78.74268564144077,11.075542861031995],[78.7454253072246,11.083135682799433],[78.73880468225813,11.086745239631655],[78.73522375139726,11.105618155921386],[78.75960803469442,11.121618930535908],[78.77670597402594,11.112883282489713],[78.8108722603869,11.111803636828483],[78.80718648535257,11.07899998966975],[78.83996685807973,11.076501875564178],[78.84739735919061,11.090253092775768],[78.87242162385574,11.084301650770463],[78.87313998233392,11.09678635483764],[78.88639850597147,11.101803714077656],[78.92635063985483,11.089491735998706],[78.93812242384935,11.094782778416764],[78.97388801145337,11.094344269178242],[78.98409627589923,11.088880549135801],[78.98466924294702,11.078917925741802],[78.9982643464569,11.076277625942813],[79.00637907635337,11.058918290265762],[79.02434596144911,11.06773036443815],[79.03221165499264,11.08394674430103],[79.05555066760833,11.086326482718864],[79.06933956287783,11.10895742712401],[79.06533121001148,11.126928757237689],[79.05500003806844,11.12993227567354],[79.05603188342793,11.140595555322678],[79.0604991891662,11.141333364695145],[79.05945302466105,11.152335163769358],[79.07068568922938,11.154520763618333],[79.06929883775442,11.177175471517884],[79.07834409562277,11.180820342778112],[79.0757377398271,11.189326772897951],[79.06716782998292,11.188918342777766],[79.06585982453875,11.204422129143987],[79.0730653479766,11.208175225276449],[79.09338031963055,11.199911073023571],[79.09884377886547,11.230725395591888],[79.1111009028451,11.230663054174848],[79.10937853330645,11.24444478074184],[79.12210779203643,11.248789217649804],[79.12189963801205,11.264169549334026],[79.10891262927086,11.270289160473839],[79.11095855850012,11.289016066831888],[79.13003730010112,11.297636450547708],[79.13920105294198,11.290069596925258],[79.14084610448413,11.309365863548386],[79.1248988333697,11.310817005459773],[79.129982822669,11.331030909682616],[79.15739654580281,11.33847869757711],[79.15954131217119,11.34883852625939],[79.15068836653718,11.36348432239245],[79.16808349461583,11.37847877498191],[79.12099968869246,11.396183290227752],[79.1137484508881,11.37497474692495],[79.12483433343397,11.372588524447002],[79.11833449234733,11.354756641559998],[79.10664498055813,11.350769283966251],[79.10027723314077,11.358615557295023],[79.10610709631545,11.378897716589359],[79.09234793438355,11.398242194869416],[79.10466886839275,11.401764724528174],[79.08307558510631,11.396853599345992],[79.05293813769175,11.402890659467536],[79.03237979356267,11.393627541083182],[79.0106629937213,11.397488752438687],[78.99692846718777,11.407611035407598]]]}},{"type":"Feature","properties":{"id":"t:05785","name":"Sendurai","taluk":"Sendurai","district":"Ariyalur","state":"Tamil Nadu","sdtcode":"05785","dtcode":"616"},"geometry":{"type":"Polygon","coordinates":[[[79.2261214137076,11.392100336824493],[79.18055261471429,11.374428667563665],[79.16812047286619,11.378520838785375],[79.15307524055271,11.36689234983625],[79.15739654580281,11.33847869757711],[79.1307110715985,11.33244569677407],[79.1248988333697,11.310817005459773],[79.14084610448413,11.309365863548386],[79.13920105294198,11.290069596925258],[79.12335553130482,11.2960860466993],[79.11402673997999,11.293794026595682],[79.10952094412674,11.282931934960127],[79.10891262927086,11.270289160473839],[79.11971988585663,11.266877001573627],[79.12333295125185,11.258302431734664],[79.13549528949424,11.26494245751905],[79.14793317966186,11.250090542826909],[79.15537865658682,11.250397338046634],[79.15557889196197,11.237736425959708],[79.19012382630004,11.228537508925966],[79.17753533896494,11.218292633093116],[79.17482620961255,11.199172956121616],[79.14903651564664,11.188196342221152],[79.15034969359023,11.18062957431992],[79.16613368063038,11.175755314840462],[79.18829679943751,11.17624650947688],[79.18128665238744,11.153753548057354],[79.18685633920131,11.148699031391542],[79.21442246242137,11.16745556972279],[79.21623703054921,11.158392226541988],[79.22900715274316,11.154794737586055],[79.2309965042792,11.162473739604913],[79.22683038928267,11.161091936761144],[79.2218923223181,11.17842374404165],[79.23913222151567,11.165757035204246],[79.26481060792966,11.169667522076574],[79.27178992210426,11.199995642473848],[79.287890932693,11.201641805649134],[79.2873078119876,11.207160697392013],[79.29741084598447,11.211923324921672],[79.28929550074204,11.22012500863672],[79.28984762687523,11.241817211216308],[79.27436022132103,11.246721000319123],[79.26382947426457,11.264971533446802],[79.26250239668859,11.285984955696387],[79.247111168362,11.291443047095761],[79.24627622742454,11.299136573720936],[79.24625468402738,11.313361324679562],[79.26003401134079,11.32011969748939],[79.25865561480927,11.330818176536113],[79.26501879519172,11.327728965942033],[79.26361151692547,11.34237348254891],[79.28230430634783,11.34243444861066],[79.28753310586758,11.349152958517072],[79.28676067779244,11.35844599915352],[79.27655195610406,11.366831881308949],[79.28445017225411,11.378487273343193],[79.25854493338312,11.388530424984754],[79.24983365925593,11.373425571883132],[79.24049720799664,11.369892004225441],[79.23776520124889,11.388673903924465],[79.2261214137076,11.392100336824493]]]}},{"type":"Feature","properties":{"id":"t:05786","name":"Udayarpalayam","taluk":"Udayarpalayam","district":"Ariyalur","state":"Tamil Nadu","sdtcode":"05786","dtcode":"616"},"geometry":{"type":"Polygon","coordinates":[[[79.32251994485011,11.41965264010869],[79.29252121079011,11.412381579068072],[79.29611756123288,11.380294667346906],[79.28035844674626,11.38116217234064],[79.283553714686,11.374084433910108],[79.27655195610406,11.366831881308949],[79.28676067779244,11.35844599915352],[79.28753310586758,11.349152958517072],[79.28230430634783,11.34243444861066],[79.26361151692547,11.34237348254891],[79.26501879519172,11.327728965942033],[79.25865561480927,11.330818176536113],[79.26003401134079,11.32011969748939],[79.24625468402738,11.313361324679562],[79.247111168362,11.291443047095761],[79.26250239668859,11.285984955696387],[79.26589228463463,11.25929959801625],[79.27436022132103,11.246721000319123],[79.28984762687523,11.241817211216308],[79.28929550074204,11.22012500863672],[79.29741084598447,11.211923324921672],[79.2873078119876,11.207160697392013],[79.287890932693,11.201641805649134],[79.27178992210426,11.199995642473848],[79.26481060792966,11.169667522076574],[79.23913222151567,11.165757035204246],[79.2218923223181,11.17842374404165],[79.23128289617495,11.156818962690004],[79.2211616434458,11.155705736033298],[79.22058524034205,11.142769350945992],[79.2102453601306,11.127444433185163],[79.21363945668377,11.105068797360463],[79.2033690045657,11.10400018823287],[79.2007676317249,11.096899705933119],[79.20992309581064,11.088783706250075],[79.20703750679374,11.063146064092447],[79.18696331417864,11.067950986622728],[79.18035828037223,11.058911844639697],[79.18054477960838,11.052985868634389],[79.19805508068961,11.045935429498652],[79.20667702814157,11.033299498950882],[79.21768120352249,11.033115668335581],[79.21084157378131,11.004075481345001],[79.22203575003131,11.001080358130354],[79.23844136226495,10.99835341852352],[79.25882758649061,11.009023417561595],[79.27301210070955,11.005195601406221],[79.27325148825803,10.997141621470139],[79.29094405930705,11.014481280921638],[79.31175184942082,11.01766431423019],[79.35795637985252,11.049307819037505],[79.3988428873955,11.066999892676284],[79.42267097249633,11.097576316365581],[79.43104144646597,11.121518253647281],[79.4585892251896,11.150612938084663],[79.4557481099658,11.155942927885535],[79.46380889153787,11.170595034303481],[79.48172412530141,11.177690565687087],[79.50174802483701,11.20340494362283],[79.51013921575375,11.228196726755884],[79.49510205120988,11.248466555486614],[79.49481642467877,11.258566459266412],[79.50391277872048,11.257829975138565],[79.50517379059721,11.264638095291803],[79.49501362734152,11.303645639865156],[79.49823287760441,11.313945319331694],[79.47348267725432,11.314121464505222],[79.44858198483966,11.335291771859504],[79.43745604461867,11.333852267836518],[79.43072985862315,11.345605383708573],[79.43725491901306,11.357343180050293],[79.42836382552217,11.357448758644926],[79.4257361095857,11.366715347693804],[79.4246310461406,11.360414168037458],[79.40847071620034,11.36491821664773],[79.40529971085813,11.354196882655227],[79.39513523748569,11.353569317424315],[79.38902995892977,11.368816181127658],[79.3940022552999,11.401758267182823],[79.38501380599179,11.40926191781832],[79.37974052010254,11.410563696423225],[79.37758708499167,11.402951891723495],[79.38536172889125,11.401970656793797],[79.3839688443308,11.397175238283738],[79.37520021007778,11.39779907759742],[79.3776512929749,11.411327609223298],[79.36991751792918,11.417049881471812],[79.32251994485011,11.41965264010869]]]}},{"type":"Feature","properties":{"id":"t:05787","name":"Ariyalur","taluk":"Ariyalur","district":"Ariyalur","state":"Tamil Nadu","sdtcode":"05787","dtcode":"616"},"geometry":{"type":"Polygon","coordinates":[[[79.13549528949424,11.26494245751905],[79.11991692233104,11.258912549840208],[79.12210779203643,11.248789217649804],[79.10937853330645,11.24444478074184],[79.1111009028451,11.230663054174848],[79.09884377886547,11.230725395591888],[79.09338031963055,11.199911073023571],[79.0730653479766,11.208175225276449],[79.06585982453875,11.204422129143987],[79.06716782998292,11.188918342777766],[79.0757377398271,11.189326772897951],[79.07834409562277,11.180820342778112],[79.06929883775442,11.177175471517884],[79.07240136991244,11.159307977300552],[79.05945302466105,11.152335163769358],[79.05500003806844,11.12993227567354],[79.06533121001148,11.126928757237689],[79.06933956287783,11.10895742712401],[79.05428791569494,11.085037940814415],[79.03221165499264,11.08394674430103],[79.02434596144911,11.06773036443815],[79.00637907635337,11.058918290265762],[79.01225055937347,11.010156960667175],[78.98652562944798,11.000989164233125],[78.98499338564424,10.977100527748624],[78.97776433802407,10.97423714755344],[78.98324628099425,10.965597245219849],[78.942242014199,10.974685004174319],[78.94551294364187,10.955093782480384],[78.97403479257753,10.942741611373071],[78.98114933015181,10.921390414439387],[78.98873532784172,10.928082218052282],[79.00187594220831,10.922220126589277],[79.00441271629872,10.893943916063488],[79.04792714010249,10.887840114360195],[79.06317720806368,10.898145266896197],[79.07153394319937,10.917023555506601],[79.08456795538949,10.926947545203543],[79.1098442415093,10.925019584222584],[79.14121328726324,10.940383873903675],[79.17855275558438,10.939751152265863],[79.2028300845655,10.949071897575326],[79.20487208276708,10.94028059214181],[79.21163717030596,10.940749514388974],[79.27481937721222,10.99393744502625],[79.27301210070955,11.005195601406221],[79.25882758649061,11.009023417561595],[79.23635954174682,10.99797449416841],[79.21084157378131,11.004075481345001],[79.21768120352249,11.033115668335581],[79.20667702814157,11.033299498950882],[79.19805508068961,11.045935429498652],[79.18054477960838,11.052985868634389],[79.18696331417864,11.067950986622728],[79.20703750679374,11.063146064092447],[79.20992309581064,11.088783706250075],[79.2007676317249,11.096899705933119],[79.2033690045657,11.10400018823287],[79.21363945668377,11.105068797360463],[79.2102453601306,11.127444433185163],[79.22058524034205,11.142769350945992],[79.2211616434458,11.155705736033298],[79.21442246242137,11.16745556972279],[79.18271407717056,11.149884071610792],[79.18829679943751,11.17624650947688],[79.14968602634313,11.181316717715335],[79.14970491791357,11.189037059980922],[79.17482620961255,11.199172956121616],[79.17753533896494,11.218292633093116],[79.19012382630004,11.228537508925966],[79.15557889196197,11.237736425959708],[79.15537865658682,11.250397338046634],[79.14793317966186,11.250090542826909],[79.13549528949424,11.26494245751905]]]}},{"type":"Feature","properties":{"id":"t:05788","name":"Panruti","taluk":"Panruti","district":"Cuddalore","state":"Tamil Nadu","sdtcode":"05788","dtcode":"617"},"geometry":{"type":"Polygon","coordinates":[[[79.45948528660067,11.87201231827629],[79.4511843063014,11.862810964851112],[79.4514420437362,11.84912875651801],[79.47216858841904,11.846930836291243],[79.4715772139928,11.8354003305985],[79.48043821302332,11.837232431619396],[79.47695503683167,11.823014160749507],[79.48263097368242,11.811902275045442],[79.46824767127426,11.799287527944797],[79.46636465242011,11.807333601020085],[79.4416308876465,11.808388777401445],[79.43058158988889,11.778586103512195],[79.43568983909076,11.767864174985577],[79.44696912442572,11.76393832176377],[79.45371872051753,11.7697222149119],[79.46356266511512,11.767857278460658],[79.46272990528718,11.743278979891283],[79.42838975269791,11.731214141077789],[79.43580037409154,11.72398956223415],[79.43445674056488,11.703387814286366],[79.44421636030674,11.66606013223285],[79.43332048222325,11.6639920910084],[79.43351136883125,11.655743213203355],[79.44533976375665,11.646759482392765],[79.44652455986972,11.635427584489005],[79.46057505622805,11.625118360002759],[79.46929176156942,11.62709098304898],[79.47017947763153,11.621689377836958],[79.45796930679519,11.620210407153827],[79.46154403478906,11.615228359600778],[79.43611803185073,11.600978454400188],[79.45116715476769,11.593033392402116],[79.45056948943947,11.586434378853744],[79.47088000814458,11.591581452798684],[79.46920167132622,11.576516793774855],[79.48136592477682,11.570469442239732],[79.49119548914331,11.573467113440284],[79.4933475893577,11.567513382070192],[79.51433668464864,11.567065332069467],[79.52711957549607,11.559937602684895],[79.54865839662178,11.564147973568746],[79.55380702240073,11.578997612377098],[79.56506464216767,11.585124909226057],[79.58290302505866,11.580427516309939],[79.5884627244032,11.588225303793996],[79.60831772000415,11.5904377610409],[79.60736829597028,11.596164502884728],[79.61141669752858,11.591848161237579],[79.61593212421998,11.598800140829788],[79.60960015310712,11.610081763082883],[79.62711403666972,11.610294885168782],[79.62613285000401,11.641622933971615],[79.63628010087582,11.642793584933816],[79.6462571937648,11.635190532822934],[79.65986181941669,11.63868783937329],[79.6665478111931,11.643500799365194],[79.67599883627868,11.673186771344396],[79.69325568488901,11.674986830222014],[79.64962245888891,11.686781408798211],[79.64560619905146,11.701869371955064],[79.62179864314984,11.71208042835427],[79.610974897987,11.708414201592637],[79.6048599885929,11.724473268836064],[79.59400306595171,11.727690355795787],[79.59690990910823,11.73776570213798],[79.60544156689099,11.737694180463157],[79.61150939647939,11.748203543581223],[79.62361010220847,11.740926882177861],[79.6584521929543,11.740496024112609],[79.6619556423253,11.732617307917373],[79.66693788214734,11.739536805366525],[79.68002418886343,11.739213801415367],[79.68608462711369,11.7443428191299],[79.68607610749153,11.793341868108453],[79.66813139371533,11.810647243574083],[79.64729148344023,11.799421818014356],[79.63668895200938,11.8005025869681],[79.61677661604556,11.824797153226722],[79.59075872125139,11.841523058771656],[79.56496205546054,11.839977150578362],[79.52910092214461,11.85714255156053],[79.45948528660067,11.87201231827629]]]}},{"type":"Feature","properties":{"id":"t:05789","name":"Cuddalore","taluk":"Cuddalore","district":"Cuddalore","state":"Tamil Nadu","sdtcode":"05789","dtcode":"617"},"geometry":{"type":"MultiPolygon","coordinates":[[[[79.7099389798517,11.889253504710553],[79.6846185586037,11.885896760154226],[79.7030296040136,11.831956163700516],[79.68518991946374,11.831996284672652],[79.69074417142443,11.822164035075765],[79.68580556816562,11.81253080552572],[79.68962616415442,11.802140881003016],[79.68130881026246,11.796320253556791],[79.68607610749153,11.793341868108453],[79.68608462711369,11.7443428191299],[79.66693788214734,11.739536805366525],[79.6619556423253,11.732617307917373],[79.6584521929543,11.740496024112609],[79.62361010220847,11.740926882177861],[79.61150939647939,11.748203543581223],[79.60544156689099,11.737694180463157],[79.59690990910823,11.73776570213798],[79.59400306595171,11.727690355795787],[79.6048599885929,11.724473268836064],[79.610974897987,11.708414201592637],[79.62179864314984,11.71208042835427],[79.64560619905146,11.701869371955064],[79.64962245888891,11.686781408798211],[79.70145961749321,11.674718237006834],[79.6897335918826,11.634095295210521],[79.72124803355854,11.622569970542783],[79.71925576249784,11.615153294548431],[79.73501465959215,11.605452581349873],[79.72710881135541,11.600307054885352],[79.7385095013061,11.597256462921674],[79.73014473253681,11.59043435457035],[79.72240821223956,11.595932816503716],[79.71446875173989,11.584599546364585],[79.75607252361304,11.576447896206917],[79.76525355105682,11.647226785042253],[79.79576112682633,11.785499854197658],[79.77187396671582,11.78222784416918],[79.77060040357793,11.78955871030806],[79.76180504175026,11.790910322640647],[79.7550359225724,11.775278384454964],[79.71229475598875,11.791554512491723],[79.72275657621182,11.796532293929364],[79.72445909837258,11.810489308528934],[79.73565812013521,11.809368831004537],[79.72938288931063,11.837001482757605],[79.73814227540785,11.83696212303898],[79.73666777171731,11.844253314175088],[79.76436613054045,11.833779306534922],[79.77006469595322,11.822639922927676],[79.77831576316036,11.831759667391447],[79.79747448087278,11.8246017191884],[79.80063874615541,11.830686439861658],[79.79364956308913,11.83373450835684],[79.79822296435401,11.838744799520326],[79.80699829015762,11.833580813060266],[79.80814177185245,11.845301345480152],[79.80060904785215,11.855315522281783],[79.78222144667453,11.855920032143002],[79.77581722047013,11.838457303918851],[79.76812668133904,11.838843118596326],[79.76210712541737,11.848436501305429],[79.7708161196204,11.86137145222923],[79.77003087348443,11.874650669083659],[79.76392634951334,11.877012167473039],[79.75736421116007,11.876109960490831],[79.75182386152673,11.84839139606006],[79.74304308564429,11.84836841527581],[79.73930550027599,11.864741089747321],[79.72105894358116,11.862546411761787],[79.71883938258387,11.853331010924688],[79.70820273403685,11.86913134216949],[79.7099389798517,11.889253504710553]],[[79.69934259738898,11.874277324844886],[79.69941609035902,11.874345137164338],[79.69968223332991,11.874313402804827],[79.69977850577891,11.87396981454623],[79.69967257194902,11.872428622775208],[79.69950697650958,11.871158572863353],[79.69943787989455,11.870245509766024],[79.69934588162967,11.869165332926425],[79.69943265888611,11.867664626202185],[79.69928979621322,11.865332449045024],[79.6991470134904,11.86338890317411],[79.69905951309016,11.86222279397116],[79.69900878253111,11.861332350092699],[79.69854378040407,11.861182515661147],[79.69693441623322,11.860663943398128],[79.69593399933221,11.860397506872612],[79.69641697045986,11.865021273264613],[79.69659186975075,11.86704608969767],[79.69706114426529,11.871755722064872],[79.69712644190497,11.8731927465258],[79.69716993024618,11.874127588073678],[79.69869996239767,11.87369889093768],[79.6989662185563,11.873825387334511],[79.69934259738898,11.874277324844886]],[[79.6925612701064,11.822476034298996],[79.70034787597231,11.821662258286088],[79.70259985986314,11.813470708321622],[79.69195776033897,11.814165203650468],[79.6925612701064,11.822476034298996]]],[[[79.78185216273596,11.90233491479951],[79.76913500251622,11.900707608201385],[79.78061296824256,11.862794278091219],[79.79231047144458,11.876891207269937],[79.7966880866899,11.89433486428852],[79.79643862812875,11.899930441585935],[79.78760470072763,11.896881303862287],[79.78185216273596,11.90233491479951]]]]}},{"type":"Feature","properties":{"id":"t:05790","name":"Kurinjipadi","taluk":"Kurinjipadi","district":"Cuddalore","state":"Tamil Nadu","sdtcode":"05790","dtcode":"617"},"geometry":{"type":"Polygon","coordinates":[[[79.69801571384914,11.674872785486464],[79.67599883627868,11.673186771344396],[79.6665478111931,11.643500799365194],[79.65986181941669,11.63868783937329],[79.6462571937648,11.635190532822934],[79.63628010087582,11.642793584933816],[79.62613285000401,11.641622933971615],[79.62711403666972,11.610294885168782],[79.60960015310712,11.610081763082883],[79.61593212421998,11.598800140829788],[79.61141669752858,11.591848161237579],[79.60736829597028,11.596164502884728],[79.60831772000415,11.5904377610409],[79.5884627244032,11.588225303793996],[79.58290302505866,11.580427516309939],[79.56506464216767,11.585124909226057],[79.55380702240073,11.578997612377098],[79.54865839662178,11.564147973568746],[79.52279226321168,11.56011231791288],[79.52181007133119,11.550972507348465],[79.53239868246838,11.550790851058853],[79.53759158441106,11.537987330049148],[79.52792471662059,11.511804177430708],[79.5182064831622,11.504708654212529],[79.5204018552238,11.494439838216667],[79.54367492790439,11.49046545691634],[79.55120306241193,11.495882540241995],[79.55093882207278,11.504077467129031],[79.57546711429315,11.505321457313594],[79.57400870751422,11.510514689455752],[79.59769964771891,11.504551831149753],[79.60013169531516,11.520941655338026],[79.61177818229385,11.516092614587627],[79.61327197910174,11.522515650221763],[79.62868584227853,11.526914135251504],[79.63365827249768,11.507156987207225],[79.6465184570871,11.506681918086958],[79.66157015906722,11.513505833515383],[79.67370103471511,11.53574729898809],[79.66814687797584,11.54364456529183],[79.68549578324156,11.541865382426018],[79.70391021170683,11.54856440493068],[79.71408936355098,11.57366127461865],[79.71497965777793,11.562148549019819],[79.73061457748153,11.571698763350364],[79.73201564659253,11.567277663223793],[79.7572189697483,11.56677730313061],[79.75734053965401,11.57676699030682],[79.71446875173989,11.584599546364585],[79.72240821223956,11.595932816503716],[79.73014473253681,11.59043435457035],[79.7385095013061,11.597256462921674],[79.72710881135541,11.600307054885352],[79.73501465959215,11.605452581349873],[79.71925576249784,11.615153294548431],[79.72124803355854,11.622569970542783],[79.6897335918826,11.634095295210521],[79.69801571384914,11.674872785486464]]]}},{"type":"Feature","properties":{"id":"t:05791","name":"Chidambaram","taluk":"Chidambaram","district":"Cuddalore","state":"Tamil Nadu","sdtcode":"05791","dtcode":"617"},"geometry":{"type":"Polygon","coordinates":[[[79.71643863947865,11.565999135338172],[79.71408936355098,11.57366127461865],[79.70391021170683,11.54856440493068],[79.68549578324156,11.541865382426018],[79.66814687797584,11.54364456529183],[79.67370103471511,11.53574729898809],[79.66157015906722,11.513505833515383],[79.6465184570871,11.506681918086958],[79.63365827249768,11.507156987207225],[79.62868584227853,11.526914135251504],[79.61327197910174,11.522515650221763],[79.61177818229385,11.516092614587627],[79.60013169531516,11.520941655338026],[79.59769964771891,11.504551831149753],[79.57400870751422,11.510514689455752],[79.57546711429315,11.505321457313594],[79.55093882207278,11.504077467129031],[79.55060302103979,11.494897050913629],[79.53811635145395,11.489211717657135],[79.5204018552238,11.494439838216667],[79.51403962885216,11.506899257828485],[79.48287272649503,11.506081239160267],[79.48184731936115,11.491969828916515],[79.45541388996769,11.493315923393407],[79.45573204000365,11.483936774779446],[79.47897061468241,11.482962430098235],[79.47998782199437,11.470043841858375],[79.49876756474298,11.460843006187464],[79.49838702311723,11.449787105934936],[79.46904780069782,11.450891482891288],[79.46601180944785,11.428310186332807],[79.47028006468882,11.422044048253587],[79.4949905810629,11.436183152344864],[79.51599981837916,11.4298377478744],[79.53554957902296,11.432954459451329],[79.53106288674256,11.422168136099256],[79.5366339336058,11.394204283448335],[79.53189491085028,11.386279137879614],[79.53951557003542,11.363816804400694],[79.5648103857046,11.365211054027014],[79.5692792581047,11.35194555147761],[79.62497017759976,11.358817577795108],[79.62611992145045,11.36847249728856],[79.63962441189761,11.370411411958242],[79.63501484625603,11.33004716960294],[79.6425593067455,11.343901056368423],[79.65173796982346,11.337120314237817],[79.67142523109624,11.342817977237665],[79.68463005614102,11.339796363991114],[79.69075238741601,11.352749725178972],[79.7004737119773,11.339960279495545],[79.69026684441168,11.332142805776204],[79.6968415645688,11.32174515314475],[79.72443590566857,11.345897409474244],[79.75923503448595,11.352675234931631],[79.75684922946556,11.372946724793135],[79.76432177712161,11.382026079003731],[79.7914949538802,11.372479992382395],[79.80329327859978,11.381152760824206],[79.8126329925402,11.426451154733032],[79.77835680808401,11.506888662141467],[79.76864865641802,11.514847873651505],[79.7572189697483,11.56677730313061],[79.73201564659253,11.567277663223793],[79.73061457748153,11.571698763350364],[79.71808301189444,11.562115896046446],[79.71643863947865,11.565999135338172]]]}},{"type":"Feature","properties":{"id":"t:05792","name":"Kattumannarkoil","taluk":"Kattumannarkoil","district":"Cuddalore","state":"Tamil Nadu","sdtcode":"05792","dtcode":"617"},"geometry":{"type":"Polygon","coordinates":[[[79.33197902782376,11.462780185772408],[79.32158489386076,11.445791988367073],[79.329545015612,11.439478879126087],[79.34390019087026,11.441528527564367],[79.34368088336332,11.435801577471787],[79.3632686104043,11.437046307852464],[79.36987137686295,11.4313694439122],[79.36498711718724,11.43035673698786],[79.36511590146299,11.418374070088252],[79.3776512929749,11.411327609223298],[79.37322565289617,11.398585531026281],[79.3839688443308,11.397175238283738],[79.38536172889125,11.401970656793797],[79.37764664778659,11.401744715827167],[79.37974052010254,11.410563696423225],[79.3940022552999,11.401758267182823],[79.38902995892977,11.368816181127658],[79.39513523748569,11.353569317424315],[79.40529971085813,11.354196882655227],[79.40847071620034,11.36491821664773],[79.4246310461406,11.360414168037458],[79.4257361095857,11.366715347693804],[79.42836382552217,11.357448758644926],[79.43725491901306,11.357343180050293],[79.43072985862315,11.345605383708573],[79.43745604461867,11.333852267836518],[79.44858198483966,11.335291771859504],[79.47348267725432,11.314121464505222],[79.49823287760441,11.313945319331694],[79.49501362734152,11.303645639865156],[79.50517379059721,11.264638095291803],[79.50391277872048,11.257829975138565],[79.49481642467877,11.258566459266412],[79.49510205120988,11.248466555486614],[79.51013921575375,11.228196726755884],[79.50174802483701,11.20340494362283],[79.48172412530141,11.177690565687087],[79.46380889153787,11.170595034303481],[79.4557481099658,11.155942927885535],[79.4585892251896,11.150612938084663],[79.4995442472393,11.175573947202738],[79.52664669065241,11.18378400895819],[79.56186849657391,11.208338286216444],[79.59827438893937,11.218284032175557],[79.60849290855255,11.229363742772938],[79.61629329996478,11.255587341277122],[79.63354315339404,11.246364593675185],[79.64688177261893,11.249315738376877],[79.64234515646662,11.283693413445679],[79.64637595823189,11.294988905142352],[79.6968415645688,11.32174515314475],[79.69026684441168,11.332142805776204],[79.7004737119773,11.339960279495545],[79.69075238741601,11.352749725178972],[79.68463005614102,11.339796363991114],[79.67142523109624,11.342817977237665],[79.65173796982346,11.337120314237817],[79.6425593067455,11.343901056368423],[79.63941183995865,11.330756698009308],[79.63414461769756,11.330756845103995],[79.63962441189761,11.370411411958242],[79.62611992145045,11.36847249728856],[79.62497017759976,11.358817577795108],[79.5692792581047,11.35194555147761],[79.5648103857046,11.365211054027014],[79.53951557003542,11.363816804400694],[79.53189491085028,11.386279137879614],[79.5366339336058,11.394204283448335],[79.53106288674256,11.422168136099256],[79.53554957902296,11.432954459451329],[79.51599981837916,11.4298377478744],[79.4949905810629,11.436183152344864],[79.45521358901551,11.415652523160825],[79.42776809426678,11.432436830172877],[79.41014130235445,11.430405143262654],[79.3668007411857,11.455284907704279],[79.34932442786322,11.451043865815597],[79.33197902782376,11.462780185772408]]]}},{"type":"Feature","properties":{"id":"t:05793","name":"Virudhachalam","taluk":"Virudhachalam","district":"Cuddalore","state":"Tamil Nadu","sdtcode":"05793","dtcode":"617"},"geometry":{"type":"Polygon","coordinates":[[[79.39037211742271,11.679785430473816],[79.36149045368988,11.672742989938067],[79.35978064978542,11.659937786976888],[79.33225317568217,11.66101477565542],[79.32634475214094,11.647896796612018],[79.31154864241873,11.643952265299014],[79.308671738314,11.63271030977369],[79.29628619746956,11.636418056367823],[79.29140428329508,11.647327842705637],[79.27082642775804,11.64378166472238],[79.25042235670261,11.652600826490506],[79.23554666972096,11.629381477824154],[79.21576057220737,11.63921907623047],[79.20994026351403,11.633769702030953],[79.21232951357354,11.62014579494153],[79.18363005243484,11.586031095426192],[79.15642774061665,11.598297776258644],[79.14768426368313,11.589534115612748],[79.13569595695907,11.589005803353789],[79.11641350440108,11.599234408039711],[79.11288273816061,11.613341125007421],[79.09816076460211,11.614230437727743],[79.09856810836266,11.621209286063323],[79.08403173572508,11.63437403992635],[79.06742529882143,11.630271423001666],[79.0655128763114,11.61138191420867],[79.07691576533789,11.608048509549878],[79.07912529395004,11.582144698564012],[79.06452674352172,11.549837267803632],[79.05758219864022,11.550355465694473],[79.06056030874151,11.536755392192303],[79.07147863213068,11.535085337742872],[79.07337295987597,11.528269576564103],[79.09876494990267,11.53060109569053],[79.1032762299707,11.516381560828503],[79.11442287456241,11.512323313423737],[79.1295266779307,11.492605535326886],[79.12438934846642,11.477178606221441],[79.14737043095043,11.46678649861146],[79.18109400148825,11.49762268197074],[79.194675804542,11.489474809369304],[79.21183636992359,11.497760218254516],[79.22591378519768,11.49384604353649],[79.22762360617014,11.469279063587072],[79.28307987762814,11.478583775772227],[79.29048346880636,11.469758504299955],[79.28703002505395,11.449593485235784],[79.29889479905344,11.443851991167564],[79.312674152418,11.418547679954711],[79.36511590146299,11.418374070088252],[79.36498711718724,11.43035673698786],[79.36987137686295,11.4313694439122],[79.3632686104043,11.437046307852464],[79.34368088336332,11.435801577471787],[79.34390019087026,11.441528527564367],[79.329545015612,11.439478879126087],[79.32158489386076,11.445791988367073],[79.33108545115276,11.462987953342173],[79.34932442786322,11.451043865815597],[79.3668007411857,11.455284907704279],[79.41014130235445,11.430405143262654],[79.42776809426678,11.432436830172877],[79.45521358901551,11.415652523160825],[79.46980877076152,11.424087336920602],[79.46461215518347,11.436003772922698],[79.46904780069782,11.450891482891288],[79.49838702311723,11.449787105934936],[79.49876756474298,11.460843006187464],[79.47998782199437,11.470043841858375],[79.47897061468241,11.482962430098235],[79.45573204000365,11.483936774779446],[79.45541388996769,11.493315923393407],[79.48184731936115,11.491969828916515],[79.48287272649503,11.506081239160267],[79.52174890234852,11.505555208867296],[79.53753620327379,11.539198682630827],[79.53239868246838,11.550790851058853],[79.52181007133119,11.550972507348465],[79.52405590625386,11.564203357014893],[79.47851496311917,11.571464894389106],[79.46920167132622,11.576516793774855],[79.47088000814458,11.591581452798684],[79.45056948943947,11.586434378853744],[79.45116715476769,11.593033392402116],[79.44193900529737,11.594667250695922],[79.43539421341221,11.60379449941364],[79.44509071662391,11.60362519153309],[79.46154403478906,11.615228359600778],[79.45796930679519,11.620210407153827],[79.4699449841047,11.619840747067302],[79.47037803315708,11.62598784035402],[79.46057505622805,11.625118360002759],[79.44652455986972,11.635427584489005],[79.43159249012923,11.66781642126279],[79.39037211742271,11.679785430473816]]]}},{"type":"Feature","properties":{"id":"t:05794","name":"Tittakudi","taluk":"Tittakudi","district":"Cuddalore","state":"Tamil Nadu","sdtcode":"05794","dtcode":"617"},"geometry":{"type":"Polygon","coordinates":[[[79.01889680339353,11.60576316136873],[79.01208061518972,11.6027138803451],[79.01880999379772,11.592930854261326],[79.00434924313736,11.574686769903918],[78.9809705681052,11.567074710987072],[78.97419778110604,11.574616494611151],[78.92374301024809,11.567134465166385],[78.91742555141863,11.531657723021661],[78.90488703287124,11.505406732063385],[78.87757658814735,11.507581994398244],[78.96067927424549,11.406163743506216],[78.98375042990476,11.40297429992915],[78.99692854084964,11.407611407007703],[79.0106629937213,11.397488752438687],[79.03237979356267,11.393627541083182],[79.05293813769175,11.402890659467536],[79.08307558510631,11.396853599345992],[79.10466886839275,11.401764724528174],[79.09234793438355,11.398242194869416],[79.10610709631545,11.378897716589359],[79.10027723314077,11.358615557295023],[79.10664498055813,11.350769283966251],[79.11833449234733,11.354756641559998],[79.12483433343397,11.372588524447002],[79.1137484508881,11.37497474692495],[79.12099968869246,11.396183290227752],[79.17479431223344,11.37413583349282],[79.22596984815627,11.392104252928474],[79.23776520124889,11.388673903924465],[79.24149121990966,11.369674694930971],[79.25854493338312,11.388530424984754],[79.27286213685433,11.38582878955257],[79.27355125606836,11.380395916953153],[79.29595271229338,11.380046017338229],[79.29252121079011,11.412381579068072],[79.312674152418,11.418547679954711],[79.29889479905344,11.443851991167564],[79.28703002505395,11.449593485235784],[79.29048346880636,11.469758504299955],[79.28307987762814,11.478583775772227],[79.22762360617014,11.469279063587072],[79.22525869237002,11.494515278926185],[79.21092887834882,11.497724298966826],[79.194675804542,11.489474809369304],[79.18199680116227,11.497771648798386],[79.14737043095043,11.46678649861146],[79.1247422767786,11.476812506071159],[79.1295266779307,11.492605535326886],[79.11442287456241,11.512323313423737],[79.1032762299707,11.516381560828503],[79.09876494990267,11.53060109569053],[79.07101234361618,11.528734646324933],[79.07147863213068,11.535085337742872],[79.06122971173167,11.535697919718443],[79.05779930976631,11.543376612163328],[79.06983534577806,11.570178524042282],[79.07747684138626,11.571413874824358],[79.07868271646745,11.596839203478249],[79.06809198171293,11.598825982062872],[79.04913373922581,11.585781142147603],[79.04312321047446,11.58728455097712],[79.04974994218823,11.595675589361669],[79.01889680339353,11.60576316136873]]]}},{"type":"Feature","properties":{"id":"t:05795","name":"Sirkali","taluk":"Sirkali","district":"Nagapattinam","state":"Tamil Nadu","sdtcode":"05795","dtcode":"618"},"geometry":{"type":"Polygon","coordinates":[[[79.8129974938482,11.423878791473124],[79.80329327859978,11.381152760824206],[79.7914949538802,11.372479992382395],[79.76432177712161,11.382026079003731],[79.75684922946556,11.372946724793135],[79.75923503448595,11.352675234931631],[79.72443590566857,11.345897409474244],[79.68862801280459,11.315174715601849],[79.65629647881755,11.303648672769201],[79.64447971258349,11.29121023374246],[79.64907531840555,11.261372710689274],[79.64352987083299,11.247607303963171],[79.65097901917251,11.238467153313454],[79.65851602184851,11.241160508489699],[79.6598603389931,11.224738765046892],[79.66877971773731,11.226952606726387],[79.66707506656935,11.21698143651366],[79.6734438838802,11.217852991150219],[79.67391823207946,11.207058826197153],[79.66675693000808,11.200799450204583],[79.67389282772321,11.163873500636114],[79.69563270169095,11.177158053088382],[79.69557730977394,11.164665026084254],[79.70521100278093,11.17359905074393],[79.7218903765974,11.167288741979],[79.70585048648223,11.151427551496349],[79.70466635602081,11.156657706828081],[79.69672416643925,11.155986116231231],[79.6960854849335,11.126745398831721],[79.71362871286317,11.140012131779429],[79.74862219129395,11.144765989026409],[79.75164071570155,11.149934591120946],[79.80105378488469,11.150195588766548],[79.83738669092997,11.135028764767874],[79.83700437872483,11.118787787230776],[79.8581219384913,11.112418014247107],[79.85318961535464,11.204621655965974],[79.83476736435992,11.31743275603148],[79.84309174667064,11.351165542234812],[79.83212047747695,11.356564582395801],[79.83646102643702,11.358255950040679],[79.82299925627153,11.37978121765812],[79.8129974938482,11.423878791473124]]]}},{"type":"Feature","properties":{"id":"t:05796","name":"Mayiladuthurai","taluk":"Mayiladuthurai","district":"Nagapattinam","state":"Tamil Nadu","sdtcode":"05796","dtcode":"618"},"geometry":{"type":"Polygon","coordinates":[[[79.61702135845142,11.255546710476448],[79.60251841212555,11.22144852692985],[79.56186849657391,11.208338286216444],[79.52664669065241,11.18378400895819],[79.53069097702841,11.177882093093856],[79.53775830723623,11.18068642213685],[79.53945287661176,11.162624477201353],[79.55683399276863,11.162950480167707],[79.55771486995643,11.154456978894345],[79.57270722024573,11.148100354460237],[79.56122629546886,11.131866504298682],[79.55091440316842,11.130236724058527],[79.54956831005451,11.1142893077824],[79.55536834467019,11.109413559919645],[79.57009507390974,11.116766573108773],[79.59079717004384,11.109614456598148],[79.59799302221933,11.097415404995909],[79.59631457850145,11.08645386863819],[79.58922610285019,11.083180379705116],[79.59511793181316,11.064074386003186],[79.61623182196169,11.066575652102147],[79.62245092964056,11.054588399554293],[79.64182573978954,11.061928952561141],[79.68869804366747,11.061462282552391],[79.69550569697779,11.074659765605565],[79.68824363537259,11.07660494118687],[79.6995537041757,11.085199903641138],[79.71914573414692,11.086591381756065],[79.71850287817001,11.094547056521598],[79.70686054589949,11.095906326909665],[79.69749909542418,11.10515230929333],[79.69583484957937,11.15060279542718],[79.69877509119982,11.156867043213405],[79.70585048648223,11.151427551496349],[79.7218903765974,11.167288741979],[79.70521100278093,11.17359905074393],[79.69557730977394,11.164665026084254],[79.69563270169095,11.177158053088382],[79.67389282772321,11.163873500636114],[79.66675693000808,11.200799450204583],[79.67465129687716,11.210055543693791],[79.67321042161934,11.218196519741406],[79.6664434799577,11.218554564878263],[79.66877971773731,11.226952606726387],[79.6598603389931,11.224738765046892],[79.65851602184851,11.241160508489699],[79.65097901917251,11.238467153313454],[79.64352987083299,11.247607303963171],[79.63354315339404,11.246364593675185],[79.61702135845142,11.255546710476448]]]}},{"type":"Feature","properties":{"id":"t:05797","name":"Kuthalam","taluk":"Kuthalam","district":"Nagapattinam","state":"Tamil Nadu","sdtcode":"05797","dtcode":"618"},"geometry":{"type":"Polygon","coordinates":[[[79.54477108814669,11.116746565739183],[79.53600733084734,11.09862720764493],[79.54145443445587,11.09536529017899],[79.54157988598192,11.104717528485454],[79.54699874476131,11.104759915215434],[79.54098153973074,11.084787981864464],[79.54969487728816,11.085233381565907],[79.55249290032778,11.077875283936862],[79.53660172361296,11.07048525226121],[79.53102313000302,11.057008505278782],[79.51084905910139,11.042143544571468],[79.51170111833488,11.027525591687732],[79.53004460414721,11.026872222389521],[79.53212130426819,11.014071734972593],[79.52453470470704,11.01629313971711],[79.52305028541242,11.008902475612041],[79.54208333151158,11.008479151944009],[79.54720859660155,11.000791563396994],[79.5228923274495,10.99721407878555],[79.52531849736883,10.989565819378086],[79.51198979734133,10.988264298106962],[79.50848297120318,10.983051178335705],[79.51444805148937,10.980991352878016],[79.51582779729044,10.969862050075486],[79.53011210176102,10.969197398661358],[79.5283807661375,10.959617627175605],[79.53238086079142,10.968551544432936],[79.5448861928773,10.965611597479198],[79.56372901083357,10.976537108740061],[79.57467487207778,10.97065725184896],[79.57738645293256,10.982650915299274],[79.58541387466825,10.983302699200438],[79.59863275924558,10.97278396239687],[79.60826091952875,10.975564447270878],[79.60512336565107,10.980437677127625],[79.62722851437627,10.970903274052583],[79.64091245318289,11.008048480621538],[79.67384611353182,11.016484615138324],[79.6732901183547,11.059200357459275],[79.64182573978954,11.061928952561141],[79.62245092964056,11.054588399554293],[79.61623182196169,11.066575652102147],[79.59511793181316,11.064074386003186],[79.58922610285019,11.083180379705116],[79.59631457850145,11.08645386863819],[79.59799302221933,11.097415404995909],[79.59079717004384,11.109614456598148],[79.56668986968813,11.116743284946521],[79.55401369869645,11.109318277013447],[79.54477108814669,11.116746565739183]]]}},{"type":"Feature","properties":{"id":"t:05798","name":"Tharangambadi","taluk":"Tharangambadi","district":"Nagapattinam","state":"Tamil Nadu","sdtcode":"05798","dtcode":"618"},"geometry":{"type":"Polygon","coordinates":[[[79.80105378488469,11.150195588766548],[79.75164071570155,11.149934591120946],[79.74862219129395,11.144765989026409],[79.71362871286317,11.140012131779429],[79.6960854849335,11.126745398831721],[79.69787880610824,11.104451604834953],[79.71850287817001,11.094547056521598],[79.71914573414692,11.086591381756065],[79.6995537041757,11.085199903641138],[79.68824363537259,11.07660494118687],[79.69550569697779,11.074659765605565],[79.68869804366747,11.061462282552391],[79.6732901183547,11.059200357459275],[79.67384611353182,11.016484615138324],[79.70022732924768,11.015481127568354],[79.73168364004327,10.994862265093232],[79.74805780854703,10.996560401482627],[79.74671818959136,11.00263015096566],[79.75574788145249,11.003792865669515],[79.76661051648058,10.997389135684877],[79.7859974844286,10.997428018587783],[79.78633258028412,10.989664601527783],[79.79770790720104,10.982551333598064],[79.80403967709127,10.987141665712977],[79.80419637561616,10.997692726242219],[79.81516529930867,11.003769568529703],[79.82060145425052,10.998214921410293],[79.84019704604181,11.002115741134297],[79.83936279680714,10.995896988286894],[79.85118366295217,10.994342240338268],[79.85436081546587,10.983316684627638],[79.8581219384913,11.112418014247107],[79.83700437872483,11.118787787230776],[79.83738669092997,11.135028764767874],[79.80105378488469,11.150195588766548]]]}},{"type":"Feature","properties":{"id":"t:05799","name":"Nagapattinam","taluk":"Nagapattinam","district":"Nagapattinam","state":"Tamil Nadu","sdtcode":"05799","dtcode":"618"},"geometry":{"type":"Polygon","coordinates":[[[79.71954043861138,10.931290618373854],[79.71432143432149,10.913767771579684],[79.70362114283154,10.921168476829274],[79.68992285253992,10.920469315425205],[79.6846965772861,10.92840216897755],[79.67880810442902,10.915443928303384],[79.66848542965026,10.9143820666905],[79.66756454149967,10.901079919621383],[79.65247144155796,10.886209165763647],[79.65556204498736,10.87577726947297],[79.64614623026766,10.874420841906863],[79.6522963706889,10.867234467306549],[79.6508781042301,10.856418220008937],[79.64195226839561,10.857122819900795],[79.65491939562298,10.844024682731515],[79.65439297298501,10.836141900489617],[79.64809677009184,10.835156271324207],[79.65275526966188,10.824643102271933],[79.63468595326758,10.824406841243487],[79.63118826389416,10.815484132734438],[79.64243554045892,10.815842182860823],[79.65709272482414,10.805822156528768],[79.65888136397959,10.817483676646429],[79.68647366320873,10.816203802572149],[79.68596858544022,10.829786275048612],[79.69810818732277,10.830788596726292],[79.70349738462977,10.824451024890797],[79.72754863819662,10.829256250580418],[79.72356421644945,10.807687887363805],[79.73149273187576,10.810081827918564],[79.73259662301938,10.80245645597215],[79.73358616401723,10.80861691405727],[79.7511921051335,10.813804774631388],[79.75212111854583,10.822868251690172],[79.73820475772742,10.82410567210914],[79.73723347588603,10.831428205963547],[79.74961973268772,10.83438015318254],[79.75098998778782,10.827012772374225],[79.75876934245274,10.834659601189744],[79.77897638781356,10.83173326490076],[79.77853324708724,10.81632359561202],[79.80581675133577,10.813027036755532],[79.79579972563745,10.810434374956088],[79.79826604396179,10.802949549282909],[79.78997270832559,10.801640930845304],[79.78306354718482,10.789357294467996],[79.76265060796088,10.788266632953286],[79.76168774063878,10.77133225828224],[79.76955662679481,10.768148335918694],[79.77182959173739,10.752188135290409],[79.76742490755761,10.734169559360618],[79.75723902014543,10.738310781297345],[79.75876109681676,10.726635562886244],[79.7688245034315,10.71890514475926],[79.76125111359663,10.717704503461082],[79.76171270661715,10.705599381625428],[79.74760879553372,10.700005069674404],[79.76426081205656,10.6995250803516],[79.75418922628113,10.683542084277862],[79.77158950619794,10.679860067142709],[79.78840070957898,10.688987311344903],[79.80329292735853,10.68052029276411],[79.81630016077006,10.701980943100912],[79.82582960428832,10.703026869310607],[79.82620613313969,10.692187327849789],[79.85362893734265,10.690375064493535],[79.85272333941651,10.826937417467077],[79.8309799692057,10.827444928275833],[79.82800606321996,10.84973619689436],[79.82099717740454,10.845624801550654],[79.80722664729272,10.85989301030895],[79.80850743737705,10.865906676237673],[79.81161824930703,10.85971672449786],[79.82482439307866,10.864891002659135],[79.82232529882285,10.874302691826658],[79.811024755755,10.875636332322069],[79.81121934611694,10.880398125603062],[79.82873070900683,10.883528173821794],[79.80425068057173,10.891117345376736],[79.7946091767133,10.887602264276365],[79.7902724698477,10.894937721614031],[79.78357626961636,10.888535101430374],[79.78247692754135,10.895384089896954],[79.79532366884254,10.902795876794086],[79.78924416654532,10.908502744131951],[79.77733849494592,10.909010332360076],[79.77691765848981,10.89662405032671],[79.75620825995075,10.89181501883275],[79.76350361940862,10.899852850374405],[79.75694633105958,10.89653350878518],[79.76234593804406,10.914440325370254],[79.74304346563167,10.914739357834252],[79.74256252559488,10.92462460284429],[79.71954043861138,10.931290618373854]],[[79.73910449684128,10.921312193792792],[79.73944800002948,10.921378333950276],[79.73946858133098,10.921021266893534],[79.73971075814842,10.920744140216328],[79.73970673639089,10.920151232067385],[79.73882803671931,10.92012886066482],[79.73881240064347,10.920531520956137],[79.739261485522,10.920678570602085],[79.73910449684128,10.921312193792792]],[[79.80673521223846,10.880416805479863],[79.80735378944814,10.880698262341967],[79.80909705110535,10.880671147213771],[79.80967754603522,10.880482865630812],[79.81018592331577,10.879602964285315],[79.8099463264598,10.878428397259336],[79.80952708271671,10.878050571397713],[79.80729178952387,10.87755996694683],[79.80686714241435,10.877670292611738],[79.80587224296582,10.879123070173026],[79.80596658403694,10.879701536943784],[79.80673521223846,10.880416805479863]]]}},{"type":"Feature","properties":{"id":"t:05800","name":"Kilvelur","taluk":"Kilvelur","district":"Nagapattinam","state":"Tamil Nadu","sdtcode":"05800","dtcode":"618"},"geometry":{"type":"Polygon","coordinates":[[[79.76634148991761,10.834581156620853],[79.75098998778782,10.827012772374225],[79.74961973268772,10.83438015318254],[79.73723347588603,10.831428205963547],[79.73820475772742,10.82410567210914],[79.75212111854583,10.822868251690172],[79.7511921051335,10.813804774631388],[79.73358616401723,10.80861691405727],[79.72880942279957,10.797168900284602],[79.70359739856195,10.783459566795432],[79.69481571897434,10.762908291794076],[79.69815570460804,10.745547836158353],[79.68119344591872,10.728812578501936],[79.68923255563458,10.722695247734258],[79.6870691770718,10.71594688215999],[79.67775857842808,10.716558706908847],[79.66880789609114,10.708174810520369],[79.65568606639546,10.71323891949669],[79.65208801993347,10.702390590577753],[79.67220622101433,10.693289173447171],[79.68775967340316,10.672280896182468],[79.70803874029353,10.67799461719379],[79.70624670730294,10.658277611742625],[79.7191154303791,10.65787637630651],[79.71765986137815,10.66534431544376],[79.72598234465036,10.666942041062455],[79.72869943666944,10.674458414199862],[79.73900114656615,10.663741941429995],[79.76555968612587,10.659154994050484],[79.77765562898728,10.646864052274276],[79.77394855849083,10.63643000790376],[79.79623183505207,10.628377013485037],[79.78338618430561,10.616236360669065],[79.7770872101098,10.624090596225562],[79.77246514530933,10.617665730473686],[79.75159872125865,10.613892557480192],[79.76194711300738,10.604236717783735],[79.75158859185551,10.593795343926477],[79.7588350191815,10.581543619971082],[79.75337697049954,10.577518393474445],[79.7873158519396,10.584387510810398],[79.79781601854718,10.580299491393754],[79.80124244097583,10.562119644319095],[79.8168879796644,10.545831906752866],[79.8591281216781,10.552391372536938],[79.85362893734265,10.690375064493535],[79.82620613313969,10.692187327849789],[79.82658378937671,10.702525231534883],[79.81753419084887,10.702311115003106],[79.80329292735853,10.68052029276411],[79.78840070957898,10.688987311344903],[79.77158950619794,10.679860067142709],[79.75418922628113,10.683542084277862],[79.7636981325154,10.700889993269467],[79.74762739155845,10.699364935154321],[79.76171270661715,10.705599381625428],[79.76125111359663,10.717704503461082],[79.7688245034315,10.71890514475926],[79.75677149285413,10.729997837745273],[79.75723902014543,10.738310781297345],[79.76742490755761,10.734169559360618],[79.77182959173739,10.752188135290409],[79.76955662679481,10.768148335918694],[79.76168774063878,10.77133225828224],[79.76265060796088,10.788266632953286],[79.78306354718482,10.789357294467996],[79.78997270832559,10.801640930845304],[79.79826604396179,10.802949549282909],[79.79579972563745,10.810434374956088],[79.80581675133577,10.813027036755532],[79.77853324708724,10.81632359561202],[79.77897638781356,10.83173326490076],[79.76634148991761,10.834581156620853]]]}},{"type":"Feature","properties":{"id":"t:05801","name":"Thirukkuvalai","taluk":"Thirukkuvalai","district":"Nagapattinam","state":"Tamil Nadu","sdtcode":"05801","dtcode":"618"},"geometry":{"type":"Polygon","coordinates":[[[79.67887218215658,10.680287819739103],[79.66658353898859,10.65046470366036],[79.65408583090455,10.657314201395968],[79.6499999498359,10.652134232437342],[79.6493320703885,10.642903858094508],[79.67000523448222,10.632970994532593],[79.67364585120723,10.62449040429872],[79.67268044165282,10.616467004552481],[79.6554708839523,10.613562105140756],[79.65890598141166,10.604028518712758],[79.66728547806002,10.602703188305442],[79.67016688182602,10.590841546204283],[79.65952258232771,10.559286419069636],[79.67565864158563,10.56169832916521],[79.69966744526373,10.549104885709111],[79.71025870193941,10.553752302461826],[79.71492344120743,10.541791712830152],[79.72664352715739,10.536196718239463],[79.75054032619089,10.542597951226027],[79.75548670347018,10.556716859292095],[79.75019057971141,10.571184163631628],[79.7588350191815,10.581543619971082],[79.75158859185551,10.593795343926477],[79.76194711300738,10.604236717783735],[79.75159872125865,10.613892557480192],[79.77246514530933,10.617665730473686],[79.7770872101098,10.624090596225562],[79.78338618430561,10.616236360669065],[79.79623183505207,10.628377013485037],[79.77394855849083,10.63643000790376],[79.77765562898728,10.646864052274276],[79.76555968612587,10.659154994050484],[79.73900114656615,10.663741941429995],[79.72815106549415,10.674458530725552],[79.72598234465036,10.666942041062455],[79.71765986137815,10.66534431544376],[79.7191154303791,10.65787637630651],[79.71151963476439,10.655577664576166],[79.70494136805851,10.664836856927826],[79.70803874029353,10.67799461719379],[79.68775967340316,10.672280896182468],[79.67887218215658,10.680287819739103]]]}},{"type":"Feature","properties":{"id":"t:05802","name":"Vedaranyam","taluk":"Vedaranyam","district":"Nagapattinam","state":"Tamil Nadu","sdtcode":"05802","dtcode":"618"},"geometry":{"type":"Polygon","coordinates":[[[79.79293615971805,10.581794395006176],[79.75439585406784,10.577396731151355],[79.75054032619089,10.542597951226027],[79.72664352715739,10.536196718239463],[79.70023741104013,10.506116472842614],[79.68826535843279,10.510425488317235],[79.69934682486073,10.4834591604759],[79.67714470030566,10.480751122297088],[79.69010942903118,10.449965409487943],[79.66347000875656,10.440331895586793],[79.65876244859555,10.446733210227649],[79.63074070884655,10.445608994578047],[79.63316038664136,10.41579727608526],[79.6273291247898,10.39624214328516],[79.63425546531205,10.378974383719552],[79.56002334799717,10.38585587979389],[79.55561997984925,10.374020575255916],[79.54246840962944,10.365491848857232],[79.5382625208254,10.368736303172666],[79.53548948262875,10.358948930055375],[79.5024999946799,10.379925586851485],[79.50244359125983,10.349218414382337],[79.47594009956241,10.350796407295405],[79.47187818374894,10.315672545904826],[79.51662304077716,10.313406049891277],[79.70600070635733,10.277638420660502],[79.76845831957898,10.271864587511248],[79.82646366306365,10.275870808767552],[79.86915762497571,10.287424171602973],[79.88041610892196,10.302605694542347],[79.88241616388461,10.319198621619226],[79.86865492774272,10.375563616904639],[79.85918602977625,10.55218966367932],[79.81631690716357,10.54602623583587],[79.79293615971805,10.581794395006176]]]}},{"type":"Feature","properties":{"id":"t:05803","name":"Valangaiman","taluk":"Valangaiman","district":"Thiruvarur","state":"Tamil Nadu","sdtcode":"05803","dtcode":"619"},"geometry":{"type":"Polygon","coordinates":[[[79.29231210365323,10.937941780367723],[79.27531050863593,10.923137318027983],[79.28705107437771,10.917597468642935],[79.28660215928076,10.907035201761184],[79.29545271629446,10.90356990197882],[79.26816334604713,10.905397510663384],[79.27352102775902,10.873003027269263],[79.28857162121811,10.871611095599274],[79.29506385716753,10.86423740426828],[79.28936366670241,10.832907408483518],[79.29845971441864,10.835626652542619],[79.30600175125349,10.823940879657835],[79.32576927160702,10.817476487240235],[79.32775028408227,10.809959663210922],[79.36970459474897,10.809236072112839],[79.40437816064917,10.790580567362783],[79.4172002189413,10.774681561345869],[79.44055231641744,10.775482399310258],[79.4376513311749,10.785535999676535],[79.44625485058714,10.782709142621355],[79.44960800731953,10.791129575914297],[79.45614097917212,10.790440994934665],[79.45101482924156,10.804418777456686],[79.4642701036727,10.807100442482772],[79.44654026062426,10.830582921538136],[79.45656375239598,10.83289948183887],[79.45966291048178,10.845840088424014],[79.44499306436263,10.843352882341055],[79.43945763570042,10.85309513145408],[79.42161067479678,10.858725802019286],[79.43222531192438,10.863190179561972],[79.43728127468516,10.85466405944391],[79.44460256221706,10.855535057527357],[79.44565171811212,10.864059979435917],[79.45328277439837,10.858796645132779],[79.4497502169172,10.870010371399145],[79.40498684381436,10.89316231305381],[79.37071873341591,10.894071660298698],[79.3480732767934,10.910768029505883],[79.32887087670365,10.916169203473707],[79.3279054689459,10.925076296373947],[79.29231210365323,10.937941780367723]]]}},{"type":"Feature","properties":{"id":"t:05804","name":"Kodavasal","taluk":"Kodavasal","district":"Thiruvarur","state":"Tamil Nadu","sdtcode":"05804","dtcode":"619"},"geometry":{"type":"Polygon","coordinates":[[[79.58552367933869,10.982452822445161],[79.57738645293256,10.982650915299274],[79.57467487207778,10.97065725184896],[79.56372901083357,10.976537108740061],[79.5448861928773,10.965611597479198],[79.53238086079142,10.968551544432936],[79.5283807661375,10.959617627175605],[79.53011210176102,10.969197398661358],[79.51582779729044,10.969862050075486],[79.5187976249248,10.94663109716838],[79.50115008282772,10.941715750389532],[79.4986622022416,10.931905469061164],[79.4842226248725,10.920985432884963],[79.49345091897156,10.916507129497798],[79.49259602016346,10.905785519090603],[79.50669042617284,10.904196062066843],[79.50769801432476,10.898834871962707],[79.48819458878329,10.889437539772683],[79.48566278057979,10.869233031930396],[79.47190797278209,10.872338731560813],[79.45328277439837,10.858796645132779],[79.44565171811212,10.864059979435917],[79.44460256221706,10.855535057527357],[79.43728127468516,10.85466405944391],[79.43222531192438,10.863190179561972],[79.42161067479678,10.858725802019286],[79.43945763570042,10.85309513145408],[79.44499306436263,10.843352882341055],[79.45966291048178,10.845840088424014],[79.45656375239598,10.83289948183887],[79.44654026062426,10.830582921538136],[79.48366760526577,10.775416699877198],[79.46461372274364,10.762462923621408],[79.46550679006985,10.747924732841772],[79.49899333562838,10.751415203315497],[79.51741678677233,10.739988896087933],[79.53156904787927,10.739645555709403],[79.53307670479369,10.727622155724848],[79.54482865488505,10.727259459637894],[79.54502338897738,10.733917852451285],[79.55845764464405,10.73383528194114],[79.55831448732377,10.74053885821591],[79.57905892824368,10.73612205855862],[79.58665929718153,10.746696068147589],[79.6129359391169,10.754145756726267],[79.6085514041489,10.764676533532814],[79.58470536981041,10.778791667265455],[79.59018573713558,10.784696082760867],[79.60157347068494,10.786050122933624],[79.61859395098445,10.777325027431877],[79.62806139907003,10.782931037465525],[79.62816173639571,10.79838930444064],[79.61090297706876,10.802066052652483],[79.60995586619671,10.812443729157687],[79.5939752478223,10.82439119838141],[79.59926889402749,10.832636729861084],[79.58869286289755,10.834898797486776],[79.58555098453007,10.84181861009003],[79.56980999714763,10.841260814155609],[79.5714919676513,10.847477006462833],[79.58135830904553,10.848197008785768],[79.58120704173486,10.856930941581354],[79.56358192607885,10.852380853493575],[79.56745787266216,10.86559548375253],[79.55113543903397,10.862346864927343],[79.55428965037196,10.866262332586775],[79.54519801877366,10.878312731201127],[79.55288400164964,10.88024465151446],[79.54750593896061,10.88603903526764],[79.55672820087256,10.890272235179198],[79.56652396971978,10.925670885543353],[79.58422224507083,10.923787849931237],[79.58533330746538,10.929660358846144],[79.60260171469848,10.925515900957183],[79.60746808801854,10.9461349983417],[79.63035447010533,10.949140524849831],[79.64704161884057,10.939948554011995],[79.6547916399182,10.953256452100357],[79.64496303674905,10.95329831122003],[79.63695687723782,10.969089885880699],[79.60512336565107,10.980437677127625],[79.60826091952875,10.975564447270878],[79.59863275924558,10.97278396239687],[79.58552367933869,10.982452822445161]]]}},{"type":"Feature","properties":{"id":"t:05805","name":"Nannilam","taluk":"Nannilam","district":"Thiruvarur","state":"Tamil Nadu","sdtcode":"05805","dtcode":"619"},"geometry":{"type":"Polygon","coordinates":[[[79.67384611353182,11.016484615138324],[79.64091245318289,11.008048480621538],[79.63139336005331,10.99248924572249],[79.63265438540473,10.980984057187927],[79.6261270720401,10.979139994968719],[79.64496303674905,10.95329831122003],[79.6547916399182,10.953256452100357],[79.65234252792483,10.941417104076335],[79.63035447010533,10.949140524849831],[79.6133363173407,10.947699051523069],[79.60746808801854,10.9461349983417],[79.60260171469848,10.925515900957183],[79.58533330746538,10.929660358846144],[79.58422224507083,10.923787849931237],[79.56652396971978,10.925670885543353],[79.55672820087256,10.890272235179198],[79.54750593896061,10.88603903526764],[79.55288400164964,10.88024465151446],[79.54519801877366,10.878312731201127],[79.55428965037196,10.866262332586775],[79.55113543903397,10.862346864927343],[79.56745787266216,10.86559548375253],[79.56358192607885,10.852380853493575],[79.58120704173486,10.856930941581354],[79.58135830904553,10.848197008785768],[79.5714919676513,10.847477006462833],[79.56980999714763,10.841260814155609],[79.58555098453007,10.84181861009003],[79.58869286289755,10.834898797486776],[79.59926889402749,10.832636729861084],[79.5939752478223,10.82439119838141],[79.60243408187995,10.821441475047557],[79.6103863873899,10.802481758688804],[79.61897704382557,10.798505586429954],[79.63019166393481,10.79640526882197],[79.64525599982109,10.804311997578356],[79.64954851226967,10.796406827165484],[79.6724166783191,10.79760486089508],[79.64243554045892,10.815842182860823],[79.63118826389416,10.815484132734438],[79.63120197757529,10.822797402716164],[79.65275526966188,10.824643102271933],[79.64809677009184,10.835156271324207],[79.65439297298501,10.836141900489617],[79.65491939562298,10.844024682731515],[79.64195226839561,10.857122819900795],[79.6508781042301,10.856418220008937],[79.6522963706889,10.867234467306549],[79.64614623026766,10.874420841906863],[79.65556204498736,10.87577726947297],[79.65247144155796,10.886209165763647],[79.66756454149967,10.901079919621383],[79.66848542965026,10.9143820666905],[79.67880810442902,10.915443928303384],[79.68071274842703,10.928036332453969],[79.71432143432149,10.913767771579684],[79.7156388415334,10.930925141746432],[79.7292271043724,10.934042930936622],[79.72302066922724,10.934950364376455],[79.72398886086405,10.941888252417208],[79.73727915072665,10.95246196996678],[79.73450289027309,10.957545637884737],[79.73235698394261,10.951224309165664],[79.71977008123565,10.952248607913566],[79.71922800814882,10.96846608521418],[79.74463058482115,10.966158020828361],[79.7462971249632,10.956321452350382],[79.76396099304228,10.960101092695304],[79.75276878320442,10.97694576673812],[79.75848742326882,10.983543952356332],[79.74728712410185,10.988357435999324],[79.74805780854703,10.996560401482627],[79.73168364004327,10.994862265093232],[79.70022732924768,11.015481127568354],[79.67384611353182,11.016484615138324]],[[79.72154387573107,10.937137549893142],[79.72162365870473,10.938308857106673],[79.72222710109851,10.938269613629815],[79.72229550690909,10.937355812623151],[79.7226200430684,10.93712328445342],[79.72260113443001,10.936123795269003],[79.72200160240261,10.936063633957827],[79.72200547234488,10.935131949692105],[79.72162485256574,10.935038759760003],[79.721556919269,10.935993022679291],[79.72017983248118,10.936117667124279],[79.72025881954745,10.937197918255961],[79.72154387573107,10.937137549893142]]]}},{"type":"Feature","properties":{"id":"t:05806","name":"Thiruvarur","taluk":"Thiruvarur","district":"Thiruvarur","state":"Tamil Nadu","sdtcode":"05806","dtcode":"619"},"geometry":{"type":"Polygon","coordinates":[[[79.69813696125964,10.829956359060125],[79.68596858544022,10.829786275048612],[79.68647366320873,10.816203802572149],[79.65888136397959,10.817483676646429],[79.65709272482414,10.805822156528768],[79.6724166783191,10.79760486089508],[79.63329595948571,10.80208717724983],[79.62806139907003,10.782931037465525],[79.62010255921471,10.77734335633733],[79.59641662352446,10.786704340180728],[79.58457272816882,10.779329483861227],[79.6085514041489,10.764676533532814],[79.6129359391169,10.754145756726267],[79.58665929718153,10.746696068147589],[79.57905892824368,10.73612205855862],[79.62567923222656,10.730918743146612],[79.60938369236132,10.731492279373388],[79.61250612130458,10.720056132930761],[79.6054313404698,10.707584243927968],[79.64699494148009,10.683181241281629],[79.63018564073083,10.681751783316077],[79.63120465994471,10.67298243358686],[79.61566183372742,10.668335318750819],[79.63476901958357,10.661568653909564],[79.63777977715722,10.639785353338597],[79.64961082211272,10.643536673396946],[79.65408583090455,10.657314201395968],[79.66658353898859,10.65046470366036],[79.67773882447497,10.680473325017788],[79.67220622101433,10.693289173447171],[79.65208801993347,10.702390590577753],[79.65516956205657,10.712999442056462],[79.66880789609114,10.708174810520369],[79.67775857842808,10.716558706908847],[79.6870691770718,10.71594688215999],[79.68923255563458,10.722695247734258],[79.68119344591872,10.728812578501936],[79.69815570460804,10.745547836158353],[79.69481571897434,10.762908291794076],[79.70359739856195,10.783459566795432],[79.73180106691893,10.802226085117393],[79.73149273187576,10.810081827918564],[79.72356421644945,10.807687887363805],[79.72754863819662,10.829256250580418],[79.70349738462977,10.824451024890797],[79.69813696125964,10.829956359060125]]]}},{"type":"Feature","properties":{"id":"t:05807","name":"Needamangalam","taluk":"Needamangalam","district":"Thiruvarur","state":"Tamil Nadu","sdtcode":"05807","dtcode":"619"},"geometry":{"type":"Polygon","coordinates":[[[79.46545873559205,10.80664356903633],[79.45101482924156,10.804418777456686],[79.45614097917212,10.790440994934665],[79.44960800731953,10.791129575914297],[79.44625485058714,10.782709142621355],[79.4376513311749,10.785535999676535],[79.44055231641744,10.775482399310258],[79.4172002189413,10.774681561345869],[79.40437816064917,10.790580567362783],[79.3765457920503,10.804048413158636],[79.37007977972063,10.796348859605908],[79.3484406823547,10.795737217871052],[79.34532563756312,10.766287443857122],[79.36133971908015,10.765118046295912],[79.36161907357395,10.754066042346022],[79.34494975819374,10.74576955802326],[79.34913712643154,10.74356820505118],[79.3387291727862,10.73928183260334],[79.34021154212535,10.727543274594638],[79.3293698683861,10.723970659458528],[79.34005643990669,10.724731593529643],[79.34911679665838,10.715796114089791],[79.41154089822835,10.726635486098417],[79.42331133924154,10.722351282230683],[79.43455409099221,10.695424302315608],[79.45302404612183,10.698503396023476],[79.45855248139952,10.708491792978522],[79.48293298728092,10.710365113282224],[79.4908288579298,10.704486036142983],[79.4982788048716,10.669785714127055],[79.51025824971542,10.658105253090131],[79.5255813623873,10.655119075414461],[79.53076828604176,10.669377803237332],[79.54443455049518,10.662669174208284],[79.54191099691083,10.666239490400706],[79.56908270312728,10.67468074424681],[79.5761226993976,10.662929303941771],[79.58546848325437,10.660855965012459],[79.58600901662882,10.651309142443314],[79.61359686021412,10.652242942969194],[79.6136109404079,10.643821669309624],[79.61716584887164,10.653825222496055],[79.62406629006594,10.651935895517108],[79.63031324821355,10.658734497609261],[79.63572826310183,10.64590586498663],[79.63476901958357,10.661568653909564],[79.61566183372742,10.668335318750819],[79.63120465994471,10.67298243358686],[79.63018564073083,10.681751783316077],[79.64699494148009,10.683181241281629],[79.6053673525738,10.708081432604649],[79.61250612130458,10.720056132930761],[79.60938369236132,10.731492279373388],[79.62567923222656,10.730918743146612],[79.55831448732377,10.74053885821591],[79.55845764464405,10.73383528194114],[79.53438408141716,10.72718410976316],[79.53156904787927,10.739645555709403],[79.51741678677233,10.739988896087933],[79.49899333562838,10.751415203315497],[79.46550679006985,10.747924732841772],[79.46461372274364,10.762462923621408],[79.48366760526577,10.775416699877198],[79.46545873559205,10.80664356903633]]]}},{"type":"Feature","properties":{"id":"t:05808","name":"Mannargudi","taluk":"Mannargudi","district":"Thiruvarur","state":"Tamil Nadu","sdtcode":"05808","dtcode":"619"},"geometry":{"type":"Polygon","coordinates":[[[79.31283220919559,10.746672493207457],[79.30147914522635,10.739378698559271],[79.30686602667653,10.710301126175926],[79.31998387324225,10.68494100514206],[79.31781761378238,10.660851589806873],[79.34281543474052,10.658469249250466],[79.35761356477379,10.645081531509708],[79.34804631925003,10.627008176521295],[79.35413397375844,10.610858114804243],[79.34665563017218,10.59571397347097],[79.35177391445409,10.583143847649719],[79.39656603813764,10.580242619912008],[79.40151331463052,10.572607084483987],[79.39845591293405,10.558978937447879],[79.40496076841659,10.552175071830542],[79.42062054540243,10.549176814175922],[79.42583439156597,10.557931506403735],[79.45242285310947,10.5595809920792],[79.45197314390182,10.551114490817303],[79.4284134798995,10.545753434305867],[79.42306707653601,10.535429819860179],[79.46906950669006,10.511421782287833],[79.45529811419557,10.488649983065724],[79.48236529424219,10.490857794196108],[79.47922295503898,10.4635194005991],[79.46956324502472,10.461831693717397],[79.47404654616491,10.442397849135379],[79.4839448352439,10.435456010463144],[79.49383554433857,10.433929308614324],[79.4949266282012,10.445311143178655],[79.51593450906134,10.452400883806718],[79.50378163546877,10.453621352802218],[79.51100173497043,10.466371445989221],[79.50311318020125,10.469505515035845],[79.52325378885858,10.470579704449221],[79.52534202334782,10.481383988962074],[79.54521496908477,10.48480607058799],[79.55575627853237,10.465155649817639],[79.54113105173339,10.500786360148926],[79.56563803771184,10.505941627081102],[79.56436607357519,10.517079467251952],[79.55571463443243,10.517063964019403],[79.55532485273571,10.523645457379608],[79.57779852452644,10.52605930447994],[79.57675956900145,10.538905830847726],[79.58616978092871,10.53986105689514],[79.58668960364427,10.547111779506379],[79.57981419759861,10.548927939507266],[79.58473240640551,10.562453382481225],[79.56997069317552,10.567558925627724],[79.5700429482671,10.572287226784987],[79.58040910060731,10.572709321288428],[79.57737882084592,10.580542576151064],[79.55456325205469,10.577419002579036],[79.55701794887419,10.591889084804189],[79.5438891967609,10.600275414635131],[79.5431496667881,10.61483055699492],[79.57373969442597,10.594798980223993],[79.57636034151949,10.606488992439452],[79.58663643236261,10.605518655059653],[79.58722946058731,10.613519679548482],[79.60385242200054,10.611821821055752],[79.60819622915017,10.63643062680305],[79.59595363991188,10.643747908179954],[79.59573812329543,10.651572559855248],[79.58600901662882,10.651309142443314],[79.58546848325437,10.660855965012459],[79.5761226993976,10.662929303941771],[79.56908270312728,10.67468074424681],[79.54191099691083,10.666239490400706],[79.54443455049518,10.662669174208284],[79.53076828604176,10.669377803237332],[79.5255813623873,10.655119075414461],[79.51025824971542,10.658105253090131],[79.4982788048716,10.669785714127055],[79.4908288579298,10.704486036142983],[79.48293298728092,10.710365113282224],[79.45855248139952,10.708491792978522],[79.45302404612183,10.698503396023476],[79.43455409099221,10.695424302315608],[79.42331133924154,10.722351282230683],[79.41154089822835,10.726635486098417],[79.34653426687899,10.716062468638635],[79.34005643990669,10.724731593529643],[79.3292144284009,10.724219300463346],[79.34038060506182,10.727809965671254],[79.3387291727862,10.73928183260334],[79.31846566920812,10.737822932390694],[79.31283220919559,10.746672493207457]]]}},{"type":"Feature","properties":{"id":"t:05809","name":"Thiruthuraipoondi","taluk":"Thiruthuraipoondi","district":"Thiruvarur","state":"Tamil Nadu","sdtcode":"05809","dtcode":"619"},"geometry":{"type":"Polygon","coordinates":[[[79.63425546531205,10.378974383719552],[79.6273291247898,10.39624214328516],[79.63316038664136,10.41579727608526],[79.63074070884655,10.445608994578047],[79.65876244859555,10.446733210227649],[79.66347000875656,10.440331895586793],[79.69010942903118,10.449965409487943],[79.67714470030566,10.480751122297088],[79.69934682486073,10.4834591604759],[79.68826535843279,10.510425488317235],[79.70023741104013,10.506116472842614],[79.72664352715739,10.536196718239463],[79.71492344120743,10.541791712830152],[79.71025870193941,10.553752302461826],[79.69966744526373,10.549104885709111],[79.67565864158563,10.56169832916521],[79.65952258232771,10.559286419069636],[79.67016688182602,10.590841546204283],[79.66728547806002,10.602703188305442],[79.65890598141166,10.604028518712758],[79.6554708839523,10.613562105140756],[79.67268044165282,10.616467004552481],[79.67364585120723,10.62449040429872],[79.6569494480279,10.640606905972952],[79.6445888120764,10.644382171382572],[79.63777977715722,10.639785353338597],[79.63031324821355,10.658734497609261],[79.62406629006594,10.651935895517108],[79.61716584887164,10.653825222496055],[79.6136109404079,10.643821669309624],[79.61359686021412,10.652242942969194],[79.59573369819432,10.64952936595202],[79.60819622915017,10.63643062680305],[79.60952682183385,10.621414296590165],[79.60385242200054,10.611821821055752],[79.58722946058731,10.613519679548482],[79.58663643236261,10.605518655059653],[79.57636034151949,10.606488992439452],[79.57373969442597,10.594798980223993],[79.5431496667881,10.61483055699492],[79.5438891967609,10.600275414635131],[79.55701794887419,10.591889084804189],[79.55456325205469,10.577419002579036],[79.57737882084592,10.580542576151064],[79.58040910060731,10.572709321288428],[79.5700429482671,10.572287226784987],[79.56997069317552,10.567558925627724],[79.58473240640551,10.562453382481225],[79.57981419759861,10.548927939507266],[79.58668960364427,10.547111779506379],[79.58616978092871,10.53986105689514],[79.57675956900145,10.538905830847726],[79.57779852452644,10.52605930447994],[79.55532485273571,10.523645457379608],[79.55571463443243,10.517063964019403],[79.56436607357519,10.517079467251952],[79.56563803771184,10.505941627081102],[79.54113105173339,10.500786360148926],[79.55575627853237,10.465155649817639],[79.54521496908477,10.48480607058799],[79.52572557432974,10.481524200158278],[79.52325378885858,10.470579704449221],[79.50311318020125,10.469505515035845],[79.51100173497043,10.466371445989221],[79.50378163546877,10.453621352802218],[79.5173496880105,10.454087474987993],[79.4949266282012,10.445311143178655],[79.49383554433857,10.433929308614324],[79.47404654616491,10.442397849135379],[79.47217630584566,10.434049241086036],[79.45102269309356,10.429728379434327],[79.46506090768531,10.416037699192218],[79.46150123186239,10.406685653933147],[79.47371125806995,10.406596423614644],[79.47592374932594,10.400199762936381],[79.4770905548788,10.39359031055642],[79.46134676744758,10.39267297944036],[79.46991430124784,10.3831823768781],[79.4674640986997,10.373170086598089],[79.4754080849118,10.372110056416158],[79.48556516065787,10.380627756151293],[79.49363324822816,10.369026166201037],[79.50493307983031,10.36948003236139],[79.50300221939904,10.379993666655585],[79.53548948262875,10.358948930055375],[79.5382625208254,10.368736303172666],[79.54246840962944,10.365491848857232],[79.55561997984925,10.374020575255916],[79.56002334799717,10.38585587979389],[79.63425546531205,10.378974383719552]]]}},{"type":"Feature","properties":{"id":"t:05810","name":"Thiruvidaimarudur","taluk":"Thiruvidaimarudur","district":"Thanjavur","state":"Tamil Nadu","sdtcode":"05810","dtcode":"620"},"geometry":{"type":"Polygon","coordinates":[[[79.52732908867145,11.182884718938695],[79.4995442472393,11.175573947202738],[79.4585892251896,11.150612938084663],[79.43104144646597,11.121518253647281],[79.41336480164863,11.082050757690322],[79.39640828229565,11.06537277966809],[79.40004529228477,11.053159049685414],[79.4145294961606,11.064516897306934],[79.42199448898508,11.04406668060048],[79.41687388345647,11.041671665826902],[79.41862463077493,11.029412722162412],[79.40818262738706,11.023533142251456],[79.41929591124402,11.020299950604718],[79.40783870288895,11.016341564314443],[79.41372592978273,10.996484287094008],[79.39587737706442,10.975616052456198],[79.40633983778626,10.976709191858125],[79.40810913441702,10.96622669352769],[79.42213440069229,10.96403727200423],[79.43835915600806,10.98072764086078],[79.44945825546672,10.98346452410667],[79.45010406600258,10.968095719316045],[79.46602541083958,10.973976898855312],[79.46150649598994,10.977006678155831],[79.4730364076959,10.981930354219864],[79.47152858728815,10.987743775823109],[79.47824622940698,10.979370280151926],[79.49282672729136,10.981227512496142],[79.49865888835652,10.968410554302785],[79.51198979734133,10.988264298106962],[79.52531849736883,10.989565819378086],[79.5228923274495,10.99721407878555],[79.54720859660155,11.000791563396994],[79.54208333151158,11.008479151944009],[79.52305028541242,11.008902475612041],[79.52453470470704,11.01629313971711],[79.53212130426819,11.014071734972593],[79.53004460414721,11.026872222389521],[79.51170111833488,11.027525591687732],[79.51084905910139,11.042143544571468],[79.53102313000302,11.057008505278782],[79.53660172361296,11.07048525226121],[79.55249290032778,11.077875283936862],[79.54969487728816,11.085233381565907],[79.54098153973074,11.084787981864464],[79.54699874476131,11.104759915215434],[79.54157988598192,11.104717528485454],[79.54145443445587,11.09536529017899],[79.53598771343816,11.102921347133302],[79.54352621091081,11.116615128622492],[79.55007165227786,11.114723357695835],[79.55091440316842,11.130236724058527],[79.56122629546886,11.131866504298682],[79.57270722024573,11.148100354460237],[79.55771486995643,11.154456978894345],[79.55683399276863,11.162950480167707],[79.53945287661176,11.162624477201353],[79.53775830723623,11.18068642213685],[79.53069097702841,11.177882093093856],[79.52732908867145,11.182884718938695]]]}},{"type":"Feature","properties":{"id":"t:05811","name":"Kumbakonam","taluk":"Kumbakonam","district":"Thanjavur","state":"Tamil Nadu","sdtcode":"05811","dtcode":"620"},"geometry":{"type":"Polygon","coordinates":[[[79.39801895621018,11.063871987492485],[79.35795637985252,11.049307819037505],[79.3284366239088,11.027178031838892],[79.3047285627131,11.018159889921488],[79.32708797598622,11.000581553612955],[79.33081425964997,10.986483699693865],[79.32658997065396,10.969179693581742],[79.3191565140858,10.96772733195346],[79.32591607249411,10.950601556521159],[79.31868536658389,10.943901264032078],[79.3033103187122,10.94840446360417],[79.27955031063856,10.937879116320763],[79.3279054689459,10.925076296373947],[79.32887087670365,10.916169203473707],[79.3480732767934,10.910768029505883],[79.37071873341591,10.894071660298698],[79.40498684381436,10.89316231305381],[79.45608270006977,10.863813426736167],[79.47190797278209,10.872338731560813],[79.48566278057979,10.869233031930396],[79.48819458878329,10.889437539772683],[79.50769801432476,10.898834871962707],[79.50669042617284,10.904196062066843],[79.49259602016346,10.905785519090603],[79.49345091897156,10.916507129497798],[79.4842226248725,10.920985432884963],[79.4986622022416,10.931905469061164],[79.50115008282772,10.941715750389532],[79.5187976249248,10.94663109716838],[79.51444805148937,10.980991352878016],[79.50848297120318,10.983051178335705],[79.49865888835652,10.968410554302785],[79.49282672729136,10.981227512496142],[79.47824622940698,10.979370280151926],[79.47152858728815,10.987743775823109],[79.4730364076959,10.981930354219864],[79.46150649598994,10.977006678155831],[79.46599795562955,10.973954305753939],[79.45010406600258,10.968095719316045],[79.44581474167494,10.97512106754974],[79.45206524187971,10.980860281761288],[79.44041350424818,10.981983849892398],[79.42093583250761,10.963761705095886],[79.40639835584048,10.967275535887504],[79.40590069007139,10.976962361066098],[79.3959733602559,10.974314230700326],[79.41430715504293,10.998012044569155],[79.40783870288895,11.016341564314443],[79.41929591124402,11.020299950604718],[79.40818262738706,11.023533142251456],[79.41862463077493,11.029412722162412],[79.41687388345647,11.041671665826902],[79.42199448898508,11.04406668060048],[79.4145294961606,11.064516897306934],[79.40004529228477,11.053159049685414],[79.39801895621018,11.063871987492485]]]}},{"type":"Feature","properties":{"id":"t:05812","name":"Papanasam","taluk":"Papanasam","district":"Thanjavur","state":"Tamil Nadu","sdtcode":"05812","dtcode":"620"},"geometry":{"type":"Polygon","coordinates":[[[79.30503974631402,11.017915876100416],[79.29094405930705,11.014481280921638],[79.26881604845784,10.986508646378974],[79.21292265139267,10.941323296083887],[79.20487208276708,10.94028059214181],[79.2028300845655,10.949071897575326],[79.17855275558438,10.939751152265863],[79.1356821759043,10.937472499116314],[79.14833884626775,10.920204817404487],[79.1434491868189,10.917072605866451],[79.14898784133128,10.911417313900214],[79.14510811194228,10.89243747929808],[79.16487569517786,10.90423431504288],[79.17209236581007,10.8788914783103],[79.1910356109235,10.867301174387066],[79.17910478020792,10.86639377366818],[79.1742093383036,10.85374311226847],[79.20279725832836,10.852280309689],[79.20325721282184,10.845830460225587],[79.18114796957558,10.841457780063475],[79.17404944536952,10.831053609927494],[79.18877591140273,10.826948457992273],[79.17949320365194,10.822198925552152],[79.17936693735392,10.808915153371192],[79.18621961961615,10.805782346774926],[79.19854259190272,10.811530176960218],[79.19238874862589,10.794034661637674],[79.19995079273875,10.795249551942806],[79.19864396049434,10.76455550116803],[79.20716193513869,10.754746193560345],[79.21861725433673,10.754622117752861],[79.21920211148561,10.740143654593457],[79.23800018615417,10.731877665641672],[79.23316737209652,10.71040612988146],[79.24205912045922,10.707654703372448],[79.24244907283583,10.700584742696796],[79.2645112434629,10.70538841843426],[79.2833691324547,10.736891993576927],[79.29647950503724,10.734617579117998],[79.31192708557995,10.746902868622671],[79.32031242217597,10.737317095568196],[79.34140769563855,10.739557903982032],[79.35005986690825,10.750226707072668],[79.36105243066578,10.752307985598343],[79.36133971908015,10.765118046295912],[79.34532563756312,10.766287443857122],[79.3484406823547,10.795737217871052],[79.37007977972063,10.796348859605908],[79.37654471497028,10.804047034862721],[79.33558648773163,10.813726236366753],[79.32628710724917,10.810438560051116],[79.32576927160702,10.817476487240235],[79.30600175125349,10.823940879657835],[79.29845971441864,10.835626652542619],[79.28936366670241,10.832907408483518],[79.29506385716753,10.86423740426828],[79.28857162121811,10.871611095599274],[79.27352102775902,10.873003027269263],[79.27529175001617,10.883858884713165],[79.2679739030318,10.88797307645015],[79.2698915124143,10.907264979332101],[79.29545271629446,10.90356990197882],[79.28660215928076,10.907035201761184],[79.28705107437771,10.917597468642935],[79.27531050863593,10.923137318027983],[79.28860321406832,10.935472669481637],[79.28050118545166,10.939574500108842],[79.3033103187122,10.94840446360417],[79.31868536658389,10.943901264032078],[79.32591607249411,10.950601556521159],[79.3191565140858,10.96772733195346],[79.32658997065396,10.969179693581742],[79.33081425964997,10.986483699693865],[79.32708797598622,11.000581553612955],[79.30503974631402,11.017915876100416]]]}},{"type":"Feature","properties":{"id":"t:05813","name":"Thiruvaiyaru","taluk":"Thiruvaiyaru","district":"Thanjavur","state":"Tamil Nadu","sdtcode":"05813","dtcode":"620"},"geometry":{"type":"Polygon","coordinates":[[[79.13727477032539,10.935316830944206],[79.1098442415093,10.925019584222584],[79.08409228037858,10.926789272197908],[79.04988443974918,10.888328784108419],[78.99745360253993,10.894859990643116],[78.96315988117277,10.888438999929578],[78.963490842083,10.894211225845508],[78.9396434683564,10.887748400423538],[78.94055616926151,10.87853149055606],[78.92329948594116,10.86617614434341],[78.84908140929417,10.841881523745434],[78.77641099872768,10.833168862351584],[78.77569972346548,10.827061789008413],[78.895140851926,10.826256164306429],[78.95088508912816,10.796541282352676],[78.97974080502398,10.802355346559855],[78.99872141645996,10.815766744850858],[79.0269006793873,10.815934201218955],[79.04462434741652,10.82744798464241],[79.05417311998477,10.82223384320862],[79.13382166703452,10.823812401322757],[79.13710090769037,10.837159686038317],[79.12655688982221,10.836675193144611],[79.12451324051716,10.843884103797938],[79.12835034664253,10.861502753028478],[79.1466140252267,10.861070022600583],[79.1431577481879,10.869155838572443],[79.15614437694173,10.86602844493547],[79.1575584410816,10.873504221932082],[79.14489627572354,10.877531130409631],[79.1651226366596,10.904080634480149],[79.14510811194228,10.89243747929808],[79.14898784133128,10.911417313900214],[79.1434491868189,10.917072605866451],[79.14833884626775,10.920204817404487],[79.13727477032539,10.935316830944206]]]}},{"type":"Feature","properties":{"id":"t:05814","name":"Thanjavur","taluk":"Thanjavur","district":"Thanjavur","state":"Tamil Nadu","sdtcode":"05814","dtcode":"620"},"geometry":{"type":"Polygon","coordinates":[[[79.1659864566368,10.900767594191633],[79.15014291578485,10.889359644169973],[79.14489627572354,10.877531130409631],[79.1575584410816,10.873504221932082],[79.15614437694173,10.86602844493547],[79.1431577481879,10.869155838572443],[79.1466140252267,10.861070022600583],[79.12835034664253,10.861502753028478],[79.12451324051716,10.843884103797938],[79.12655688982221,10.836675193144611],[79.13710090769037,10.837159686038317],[79.13382166703452,10.823812401322757],[79.05417311998477,10.82223384320862],[79.04462434741652,10.82744798464241],[79.0269006793873,10.815934201218955],[78.99872141645996,10.815766744850858],[78.97974080502398,10.802355346559855],[78.95088508912816,10.796541282352676],[78.89651713202674,10.825971315673968],[78.86893172197755,10.82612077393352],[78.86192333742203,10.80242986054249],[78.86728637399136,10.80213630208042],[78.86724118424097,10.784665536801718],[78.88020227209466,10.788602918454714],[78.88089245760892,10.77752377642171],[78.87527843354587,10.775751811047941],[78.87488534155733,10.7619107810416],[78.8683527676584,10.760780550330471],[78.86834485170411,10.711382782112228],[78.88214401471728,10.695347073176759],[78.89389914394644,10.694067514893494],[78.8938072364114,10.685302698773075],[78.90566672023219,10.680618922712586],[78.90812002466302,10.671813197206493],[78.91843754670533,10.670825675950605],[78.93338528575931,10.683672985469627],[78.94460923038119,10.680723630377738],[78.94858859730826,10.67518995540394],[78.93749683439056,10.675151524086491],[78.95473367482455,10.668254427980528],[78.96366334287207,10.651486427641235],[78.97112002897514,10.662319456271543],[78.96961136325268,10.675433224162203],[78.98697931819233,10.679224769131485],[78.98322411506464,10.696624564944683],[78.9912943927276,10.70564875255009],[78.9934350466086,10.721749155202394],[79.00342649547416,10.722343672186438],[79.00970727429389,10.719530790954975],[79.01042027971133,10.70794649842039],[79.02916366764035,10.704099264493307],[79.0210627915622,10.698970193260381],[79.01605642748319,10.680684734549693],[79.06886477450408,10.677449833677183],[79.0654390662361,10.649180949244483],[79.06971296379537,10.641019105525176],[79.10072020857703,10.629699215713952],[79.10422132142999,10.615276566519405],[79.13787992041655,10.647756579165236],[79.14251857979525,10.67301444740759],[79.14741244605459,10.669484552242208],[79.1528742901186,10.687207475512334],[79.1785905135724,10.699329351832807],[79.19220760245051,10.692588666292098],[79.20026396520973,10.710532117156355],[79.20952732235095,10.695649559081037],[79.22227933001724,10.70314532945132],[79.21302863283327,10.712193134455726],[79.22280388595605,10.725389795552989],[79.21861725433673,10.754622117752861],[79.20716193513869,10.754746193560345],[79.19864396049434,10.76455550116803],[79.19995079273875,10.795249551942806],[79.19238874862589,10.794034661637674],[79.19854259190272,10.811530176960218],[79.18191749968561,10.806148823790137],[79.17949320365194,10.822198925552152],[79.18877591140273,10.826948457992273],[79.17408122057775,10.829869413911284],[79.18114796957558,10.841457780063475],[79.20325721282184,10.845830460225587],[79.20279725832836,10.852280309689],[79.1742093383036,10.85374311226847],[79.17910478020792,10.86639377366818],[79.1910356109235,10.867301174387066],[79.17209236581007,10.8788914783103],[79.1659864566368,10.900767594191633]]]}},{"type":"Feature","properties":{"id":"t:05815","name":"Orathanadu","taluk":"Orathanadu","district":"Thanjavur","state":"Tamil Nadu","sdtcode":"05815","dtcode":"620"},"geometry":{"type":"Polygon","coordinates":[[[79.23802659752187,10.724878628063797],[79.2317081496473,10.737870213390861],[79.22021678734512,10.740143451600304],[79.22280388595605,10.725389795552989],[79.21302863283327,10.712193134455726],[79.22227933001724,10.70314532945132],[79.20952732235095,10.695649559081037],[79.20026396520973,10.710532117156355],[79.19220760245051,10.692588666292098],[79.1806013267589,10.69941961034263],[79.16310224743218,10.694082331236862],[79.14993112178695,10.68379032325529],[79.14741244605459,10.669484552242208],[79.14254142934281,10.673059647226752],[79.13787992041655,10.647756579165236],[79.12887401414751,10.643244940106587],[79.13504068806158,10.617267314689661],[79.14332237614181,10.608456863776125],[79.1427124982173,10.58644713271321],[79.17731982863671,10.586999901393655],[79.17872332499557,10.571350103702327],[79.19070184008308,10.578255202078347],[79.19048688401536,10.55954534653993],[79.17874159762677,10.550615056756191],[79.18455293933694,10.537812348619676],[79.16779872507749,10.530197886828727],[79.15157186411068,10.532568070332122],[79.14906336808711,10.52371275408153],[79.15479935551797,10.521859001724806],[79.14038026063564,10.51237144075495],[79.13908808171017,10.498271797581099],[79.12945713215801,10.498727792084269],[79.12977602599904,10.487927093094497],[79.14725969472703,10.485929129251742],[79.15176049055741,10.475868161353732],[79.1699890782516,10.478828756410806],[79.17428710366109,10.474183908433398],[79.17363644042608,10.478418145701477],[79.19433768136402,10.467799851001866],[79.19060295084164,10.459685673712865],[79.16645491727766,10.455488666876729],[79.17597288122498,10.448093129185267],[79.14034026045269,10.449567671708065],[79.14344573998314,10.44574245753884],[79.13738114792304,10.440020786591173],[79.12572189768079,10.438008954156912],[79.13154436412742,10.424493111030637],[79.1491216948002,10.410366275422739],[79.15456686613255,10.410824336608218],[79.15727578797409,10.426226277075166],[79.1619747800039,10.423365252775511],[79.15752042707373,10.42295685080387],[79.15856736233341,10.412812681335549],[79.17542425852139,10.410504027999119],[79.17574390155735,10.422671525970772],[79.18310700476741,10.424010527488331],[79.20555855195099,10.410761218342657],[79.21607158782334,10.412861639880852],[79.22320674712329,10.437969584993668],[79.20124391399698,10.45229310705459],[79.1996850189754,10.4694782121464],[79.21641464185393,10.475874345629471],[79.22335446968188,10.48446074937396],[79.21647421363198,10.48865775261925],[79.21817842911706,10.494227534229188],[79.24301727701597,10.502149119239498],[79.24274193709319,10.509757052741625],[79.26632389458595,10.484412307367329],[79.28192530892608,10.511799021921536],[79.31290407172338,10.49410357513652],[79.32875283538039,10.496669527411592],[79.34882884349068,10.511726702288968],[79.35657571866818,10.510579161097874],[79.35966685839176,10.533940444652359],[79.38882475856602,10.535938968699899],[79.38571914159331,10.556877114650367],[79.39797644882925,10.560813876224177],[79.40115207869857,10.56882848897919],[79.39656603813764,10.580242619912008],[79.36103039499187,10.578800123758032],[79.34861634341695,10.58844588310458],[79.34846852204369,10.606906415746923],[79.35413397375844,10.610858114804243],[79.3480463695557,10.627008544693858],[79.35761356477379,10.645081531509708],[79.34281543474052,10.658469249250466],[79.31781761378238,10.660851589806873],[79.31998387324225,10.68494100514206],[79.30686602667653,10.710301126175926],[79.3016882856009,10.738754651187264],[79.2833691324547,10.736891993576927],[79.2645112434629,10.70538841843426],[79.252834787788,10.70180378886602],[79.24244907283583,10.700584742696796],[79.24205912045922,10.707654703372448],[79.23316737209652,10.71040612988146],[79.23802659752187,10.724878628063797]]]}},{"type":"Feature","properties":{"id":"t:05816","name":"Pattukkottai","taluk":"Pattukkottai","district":"Thanjavur","state":"Tamil Nadu","sdtcode":"05816","dtcode":"620"},"geometry":{"type":"Polygon","coordinates":[[[79.39797644882925,10.560813876224177],[79.38571914159331,10.556877114650367],[79.38882475856602,10.535938968699899],[79.35966685839176,10.533940444652359],[79.35657571866818,10.510579161097874],[79.34882884349068,10.511726702288968],[79.32875283538039,10.496669527411592],[79.30711207343623,10.496240377280909],[79.28669835986453,10.512302284130781],[79.27638526292333,10.509632067363146],[79.27651479280075,10.495138026719541],[79.26632389458595,10.484412307367329],[79.24518537981885,10.510135893963716],[79.24301727701597,10.502149119239498],[79.21817842911706,10.494227534229188],[79.21647421363198,10.48865775261925],[79.22335446968188,10.48446074937396],[79.19948693865864,10.46454291744715],[79.20124391399698,10.45229310705459],[79.22320674712329,10.437969584993668],[79.21607158782334,10.412861639880852],[79.20555855195099,10.410761218342657],[79.18310700476741,10.424010527488331],[79.17574390155735,10.422671525970772],[79.17542425852139,10.410504027999119],[79.15856736233341,10.412812681335549],[79.16172346642169,10.425228866500927],[79.15600127352035,10.42611471789422],[79.15456686613255,10.410824336608218],[79.14735722571577,10.41094854894231],[79.15261001833844,10.400820876185858],[79.14409584805931,10.383009615294542],[79.1530063200075,10.34929071080907],[79.1608268372754,10.352119784660866],[79.1727024350757,10.329750587703261],[79.19513729784954,10.323662516891899],[79.21842103443092,10.327680845960403],[79.21390347783397,10.34725387184306],[79.22398538165874,10.34665745089419],[79.22136393955618,10.341033362513853],[79.23578639413768,10.333932920155506],[79.26120046205911,10.332314188304824],[79.26591016649868,10.32353279672918],[79.26140315791982,10.314558270223122],[79.27844660634454,10.30551880879692],[79.27589525169876,10.290130588105923],[79.29668620918075,10.273447331948285],[79.29818426849464,10.26342184771647],[79.331683629419,10.285752574566407],[79.36658650377022,10.293957341453263],[79.38111710024057,10.316373322087422],[79.47187818374894,10.315672545904826],[79.47594009956241,10.350796407295405],[79.50124315008777,10.348707121551673],[79.50522482119354,10.358721281606131],[79.50359129144323,10.368046168099172],[79.49216336547147,10.369890096597683],[79.48556516065787,10.380627756151293],[79.4754080849118,10.372110056416158],[79.4674640986997,10.373170086598089],[79.46991430124784,10.3831823768781],[79.46134676744758,10.39267297944036],[79.4770905548788,10.39359031055642],[79.47592374932594,10.400199762936381],[79.47371125806995,10.406596423614644],[79.46150123186239,10.406685653933147],[79.46506090768531,10.416037699192218],[79.45102269309356,10.429728379434327],[79.47296196251168,10.435391258376233],[79.47601713099635,10.449797060477826],[79.46956327736407,10.461832059437459],[79.47922295503898,10.4635194005991],[79.48300430453135,10.489673259675524],[79.47646043521603,10.493476899853498],[79.45529811419557,10.488649983065724],[79.46906950669006,10.511421782287833],[79.42306707653601,10.535429819860179],[79.4284134798995,10.545753434305867],[79.45197314390182,10.551114490817303],[79.45242285310947,10.5595809920792],[79.42583439156597,10.557931506403735],[79.4195195683936,10.549082009049506],[79.40025093461962,10.553879534264652],[79.39797644882925,10.560813876224177]]]}},{"type":"Feature","properties":{"id":"t:05817","name":"Peravurani","taluk":"Peravurani","district":"Thanjavur","state":"Tamil Nadu","sdtcode":"05817","dtcode":"620"},"geometry":{"type":"Polygon","coordinates":[[[79.1608268372754,10.352119784660866],[79.12074191712168,10.337511185034021],[79.11433932944435,10.328273763485177],[79.12523602679136,10.328223598635098],[79.13484799763651,10.319102101666397],[79.13280612340245,10.30919822051875],[79.12154232861624,10.305792103694781],[79.12629592114733,10.301290483114585],[79.11856417629413,10.288854176058885],[79.12777931546421,10.281926995434194],[79.13249698885866,10.265125264367878],[79.12905164521517,10.253681795859064],[79.11750834950979,10.253495408388757],[79.11589935993639,10.233953551986328],[79.13354752995588,10.230483086471688],[79.14414516916169,10.236418448431502],[79.15046856316019,10.21628508282665],[79.18370461080677,10.213643240700184],[79.18921916082516,10.201071820430327],[79.18241822781151,10.193365577675916],[79.17365848598148,10.203482673500677],[79.15010584949962,10.193981993421211],[79.15035602042475,10.185379880128345],[79.16138902094649,10.179959881342661],[79.15141685082524,10.159510240276429],[79.19626000151187,10.160969218469356],[79.20911880179742,10.147350485476645],[79.20642417394868,10.136863452233394],[79.22721414418216,10.136975026962977],[79.22944251585572,10.150682770135774],[79.23871030079302,10.156333353557272],[79.24407661441647,10.186039132796022],[79.26477778079423,10.197268430552388],[79.27860153967991,10.215525920730101],[79.26708490417552,10.229788181691655],[79.29818426849464,10.26342184771647],[79.29668620918075,10.273447331948285],[79.27589525169876,10.290130588105923],[79.27844660634454,10.30551880879692],[79.26140315791982,10.314558270223122],[79.26591016649868,10.32353279672918],[79.26120046205911,10.332314188304824],[79.23578639413768,10.333932920155506],[79.22136393955618,10.341033362513853],[79.22398538165874,10.34665745089419],[79.21390347783397,10.34725387184306],[79.21842103443092,10.327680845960403],[79.19513729784954,10.323662516891899],[79.1727024350757,10.329750587703261],[79.1608268372754,10.352119784660866]]]}},{"type":"Feature","properties":{"id":"t:05818","name":"Iluppur","taluk":"Iluppur","district":"Pudukkottai","state":"Tamil Nadu","sdtcode":"05818","dtcode":"621"},"geometry":{"type":"Polygon","coordinates":[[[78.64023391696081,10.708073238755166],[78.62599637429238,10.702612908112233],[78.62124345010785,10.675870845254915],[78.60911394349245,10.68117257660688],[78.59298341246678,10.659098556579913],[78.57939172614826,10.66413227096387],[78.56549051182388,10.660712396263541],[78.56837936262357,10.681352585341802],[78.555576803163,10.68699564239501],[78.54434150922583,10.675307861437247],[78.52300842296145,10.674171247984338],[78.51689603603666,10.667316365019751],[78.52045741237043,10.650294248404544],[78.52904118411777,10.644859216922812],[78.52694878234392,10.629159577883055],[78.48242719978293,10.638489281109564],[78.45947594495962,10.611523373511753],[78.44676832664479,10.608606228146988],[78.45223361395134,10.592336453157483],[78.45957529593508,10.590223695729016],[78.45833477193507,10.581337089434625],[78.46606425842361,10.578414950808304],[78.4637921684401,10.540910545394269],[78.48609777981423,10.538919415638315],[78.48909586215922,10.517559897495815],[78.4978846815567,10.506744140895018],[78.49599454535051,10.485140735100819],[78.52728256935406,10.486352959364282],[78.54086976319783,10.505094883790486],[78.5327686643375,10.514011115672806],[78.5364134672117,10.530683155039837],[78.54379552217931,10.530102120251241],[78.54992057355298,10.514160541853894],[78.56450585586454,10.51210260432736],[78.56931885668031,10.5196525019905],[78.58176133184912,10.521969032055825],[78.57069514666249,10.489140461807157],[78.5893313628832,10.474550929888034],[78.58283597025387,10.446562972469993],[78.59005962259245,10.422313722565715],[78.61766057529269,10.419417819650619],[78.6370152712641,10.407374873170856],[78.66440983602786,10.408030710952401],[78.66432070338871,10.39096744832054],[78.67680375635724,10.38381373487673],[78.67790487799483,10.374199806442379],[78.69979697058916,10.37308937288718],[78.69638870041744,10.35956000629804],[78.71454883379207,10.347665161693264],[78.72880083484502,10.348813959350498],[78.74164427393924,10.361550928702401],[78.76628250647563,10.357010828044894],[78.7753159802441,10.40336245939783],[78.78868631449009,10.40608092081985],[78.77918921122037,10.408695803243404],[78.78189841603121,10.415150415241257],[78.77680642004776,10.412461796957743],[78.78427054869296,10.424791978051505],[78.77848058329332,10.426217126841962],[78.77852005526691,10.44015358583477],[78.75667437592833,10.449514482069572],[78.75778624950159,10.464359373466197],[78.75102048642961,10.448118367634692],[78.73452189586912,10.450957993276722],[78.71880630924963,10.484242553146423],[78.75438554943278,10.477482563189929],[78.76040626867274,10.484836466383458],[78.75184868551085,10.508959377234612],[78.76619663831428,10.5323521178019],[78.75342775130379,10.543829055016529],[78.73291671155931,10.547721643982085],[78.73849849149354,10.558600158043216],[78.73168866426025,10.563561208592622],[78.72986347355419,10.583812757858741],[78.70872408203135,10.585342110699683],[78.69649984806925,10.593770788474567],[78.67657814537195,10.58681763649638],[78.66136964784887,10.597058027124454],[78.6472145363875,10.591295744410727],[78.64401113240625,10.580655101278413],[78.6260331162858,10.584529312285444],[78.62421901887517,10.622581202952977],[78.61716836948388,10.626468458886935],[78.65242876972495,10.658683999647746],[78.65633733862782,10.67202757271524],[78.65124243839104,10.68147535646727],[78.65840187286491,10.704749688153864],[78.64023391696081,10.708073238755166]]]}},{"type":"Feature","properties":{"id":"t:05819","name":"Kulathur","taluk":"Kulathur","district":"Pudukkottai","state":"Tamil Nadu","sdtcode":"05819","dtcode":"621"},"geometry":{"type":"Polygon","coordinates":[[[78.68936009747986,10.73464686097626],[78.69758493477903,10.702054043974172],[78.69307604602626,10.691396188303615],[78.6820513944468,10.686647423964308],[78.68287576221338,10.671133683349082],[78.66569684514886,10.671529402473153],[78.66512804897897,10.654854133778487],[78.65242876972495,10.658683999647746],[78.64348064578994,10.654146154065872],[78.61716836948388,10.626468458886935],[78.62421901887517,10.622581202952977],[78.62212213989795,10.590260994239383],[78.62814389399709,10.582897498607169],[78.64401113240625,10.580655101278413],[78.6472145363875,10.591295744410727],[78.66136964784887,10.597058027124454],[78.67657814537195,10.58681763649638],[78.69649984806925,10.593770788474567],[78.70872408203135,10.585342110699683],[78.72986347355419,10.583812757858741],[78.73168866426025,10.563561208592622],[78.73849849149354,10.558600158043216],[78.73291671155931,10.547721643982085],[78.75342775130379,10.543829055016529],[78.76616399623177,10.53134418218075],[78.75135321522434,10.506281913606518],[78.76040626867274,10.484836466383458],[78.75109696000975,10.475941493729808],[78.71880630924963,10.484242553146423],[78.72201182517011,10.47451842807065],[78.73452189586912,10.450957993276722],[78.75102048642961,10.448118367634692],[78.75855343950032,10.463862024349286],[78.75667437592833,10.449514482069572],[78.77852005526691,10.44015358583477],[78.77848058329332,10.426217126841962],[78.78529234639602,10.420117630416032],[78.80157090989904,10.417975436116967],[78.80578921881019,10.445291187405653],[78.81516795287159,10.44140522828759],[78.83263266355385,10.446882120263309],[78.83657162785269,10.433430572336617],[78.8625301511931,10.445508516120565],[78.87641655679006,10.443847088009594],[78.87636489377975,10.459130404747395],[78.88261413813974,10.4537885398292],[78.88285399011725,10.46702397484961],[78.88921955822173,10.465542292800977],[78.8884203190286,10.473918934378883],[78.89687788107179,10.472725218003891],[78.88867828283884,10.486381360489792],[78.89981253247623,10.49297006586725],[78.8949824421105,10.496837802384057],[78.899077437486,10.51345589822082],[78.9062030432029,10.512510632777774],[78.90732276895002,10.518848037134115],[78.91956365138931,10.51229225761577],[78.92540390268194,10.529328575721435],[78.93472830753328,10.535415965548344],[78.94245456188344,10.562398915891109],[78.96839233324245,10.572479398592963],[78.9783785269636,10.56999930372483],[78.97702784076365,10.574963018901805],[78.9897121334238,10.579901598315406],[78.97648210704202,10.581289714355036],[78.97828780340814,10.598276444737348],[78.93416020576107,10.621914786961336],[78.92650522913544,10.669944102294684],[78.90812002466302,10.671813197206493],[78.90566672023219,10.680618922712586],[78.8938072364114,10.685302698773075],[78.89369348454362,10.694270937001406],[78.88214401471728,10.695347073176759],[78.87338503286198,10.705660874389427],[78.8720282623726,10.688200561220505],[78.8203328669033,10.694647600014795],[78.81257786017584,10.672490544978384],[78.79963715060435,10.679933261619782],[78.80195485973292,10.671681351629585],[78.7905887486325,10.649848176164648],[78.76525015805954,10.655164907347226],[78.75856782422298,10.653460829690236],[78.75769437789917,10.644112769038632],[78.74404493709439,10.643453177781138],[78.73559314582862,10.675048383181215],[78.74648388734529,10.686892134762644],[78.74274863490174,10.7074878497322],[78.70981208107929,10.72213468981086],[78.70904716381824,10.7331417272467],[78.68936009747986,10.73464686097626]]]}},{"type":"Feature","properties":{"id":"t:05820","name":"Gandarvakkottai","taluk":"Gandarvakkottai","district":"Pudukkottai","state":"Tamil Nadu","sdtcode":"05820","dtcode":"621"},"geometry":{"type":"Polygon","coordinates":[[[79.01672278159127,10.707162938917598],[79.00707807434055,10.711474984186308],[79.00970727429389,10.719530790954975],[78.9934350466086,10.721749155202394],[78.9912943927276,10.70564875255009],[78.98322411506464,10.696624564944683],[78.98697931819233,10.679224769131485],[78.96961136325268,10.675433224162203],[78.97112002897514,10.662319456271543],[78.9638507188639,10.651531581219075],[78.95473367482455,10.668254427980528],[78.93749683439056,10.675151524086491],[78.94858859730826,10.67518995540394],[78.94460923038119,10.680723630377738],[78.93338528575931,10.683672985469627],[78.91843754670533,10.670825675950605],[78.92735945151213,10.667652189159064],[78.93416020576107,10.621914786961336],[78.97828780340814,10.598276444737348],[78.97648210704202,10.581289714355036],[78.99906937169875,10.576309593698317],[78.99875139324101,10.552684267155762],[79.00949487213654,10.552766340971875],[79.00965759117048,10.545552502677443],[79.0267752188781,10.538454633880947],[79.02830464826003,10.525843994774842],[79.0655028726724,10.490943817792575],[79.0596855149448,10.473064221332296],[79.0378649120774,10.449757584147433],[79.04614371387062,10.429099386643557],[79.06320071787295,10.429282200498806],[79.06583998614401,10.452414962689351],[79.07222977282856,10.451554852832837],[79.07723728405615,10.466052168057326],[79.09560226745155,10.463207615192905],[79.09326737355158,10.47088934472278],[79.09929575182764,10.467855986178078],[79.0955053284526,10.473862696948803],[79.10760818474846,10.50269256189131],[79.11708426025406,10.503918136763563],[79.11803921341853,10.524454394630284],[79.10358413382254,10.534976995413365],[79.10589482261716,10.557163304847498],[79.11437695807497,10.569739591182868],[79.11509431852487,10.585221965873796],[79.14103173145611,10.589078058822471],[79.14332237614181,10.608456863776125],[79.12751249875681,10.636252404058762],[79.11916945574269,10.634904531203217],[79.10422132142999,10.615276566519405],[79.10072020857703,10.629699215713952],[79.06990948104352,10.64079316203737],[79.0654390662361,10.649180949244483],[79.06886477450408,10.677449833677183],[79.0165821305706,10.680192297858913],[79.0210627915622,10.698970193260381],[79.02922771931674,10.703882332426183],[79.01672278159127,10.707162938917598]]]}},{"type":"Feature","properties":{"id":"t:05821","name":"Pudukkottai","taluk":"Pudukkottai","district":"Pudukkottai","state":"Tamil Nadu","sdtcode":"05821","dtcode":"621"},"geometry":{"type":"Polygon","coordinates":[[[78.99005988654164,10.579770951080437],[78.97702784076365,10.574963018901805],[78.9783785269636,10.56999930372483],[78.96839233324245,10.572479398592963],[78.94245456188344,10.562398915891109],[78.93472830753328,10.535415965548344],[78.92540390268194,10.529328575721435],[78.91956365138931,10.51229225761577],[78.90732276895002,10.518848037134115],[78.9062030432029,10.512510632777774],[78.899077437486,10.51345589822082],[78.8949824421105,10.496837802384057],[78.89981253247623,10.49297006586725],[78.88867828283884,10.486381360489792],[78.89687788107179,10.472725218003891],[78.8884203190286,10.473918934378883],[78.88921955822173,10.465542292800977],[78.88285399011725,10.46702397484961],[78.88261413813974,10.4537885398292],[78.87636489377975,10.459130404747395],[78.87641655679006,10.443847088009594],[78.8625301511931,10.445508516120565],[78.83657162785269,10.433430572336617],[78.83263266355385,10.446882120263309],[78.81516795287159,10.44140522828759],[78.80578921881019,10.445291187405653],[78.80157090989904,10.417975436116967],[78.78563949764265,10.42056959614822],[78.77692070012495,10.413058471479632],[78.78189841603121,10.415150415241257],[78.77918921122037,10.408695803243404],[78.78868631449009,10.40608092081985],[78.7753159802441,10.40336245939783],[78.76628250647563,10.357010828044894],[78.79485280604615,10.345130304527308],[78.80478343447538,10.333451300687287],[78.83303152811642,10.331010010043395],[78.83052341297852,10.338117091662061],[78.8344102166004,10.342776240227451],[78.83732901633336,10.335343499171405],[78.84464565688026,10.353842813267837],[78.8362386421398,10.360156684600641],[78.83719433551607,10.375363104345247],[78.85848404033875,10.364862245068322],[78.86331814976705,10.372580953701409],[78.85539564856163,10.380355196171786],[78.8616174664577,10.377454783684831],[78.86898712557269,10.387861771746307],[78.88592398709228,10.374874863855268],[78.87709535705638,10.395528659608317],[78.9175226036053,10.396146712633904],[78.93172748532668,10.430008146061523],[78.9379225648683,10.414702374177825],[78.98155920985639,10.416883102271617],[78.98558686482322,10.449272424884406],[79.01408407297063,10.44952983408663],[79.019963292282,10.463441215544249],[79.02931581889328,10.465308597744256],[79.02867416755717,10.471007024499707],[79.01682505658302,10.46851744271218],[79.01748083482526,10.478527255161259],[79.00837976283165,10.487599598757873],[79.02749123455003,10.485504454993809],[79.03814798829141,10.501537878597995],[79.0267752188781,10.538454633880947],[79.00965759117048,10.545552502677443],[79.00949487213654,10.552766340971875],[78.99875139324101,10.552684267155762],[78.99906937169875,10.576309593698317],[78.99005988654164,10.579770951080437]]]}},{"type":"Feature","properties":{"id":"t:05822","name":"Thirumayam","taluk":"Thirumayam","district":"Pudukkottai","state":"Tamil Nadu","sdtcode":"05822","dtcode":"621"},"geometry":{"type":"Polygon","coordinates":[[[78.75494531124589,10.362166471212337],[78.74164427393924,10.361550928702401],[78.726119825456,10.347540219031453],[78.68906686581157,10.358508455747769],[78.69021513193361,10.341522454601266],[78.6664397375158,10.346508546965346],[78.66013064918816,10.341950213035352],[78.65995268484555,10.32762932444194],[78.64083105857122,10.308453911959155],[78.65080747502878,10.290222930057732],[78.63798233551526,10.279282605036911],[78.63614541730317,10.269311596504146],[78.65164853169671,10.253239277370316],[78.6413013886062,10.241119298633306],[78.65053203539301,10.236673293537411],[78.64716852647528,10.225892069977002],[78.65194073030241,10.219727564625249],[78.67315050931934,10.204779475588575],[78.66417361054916,10.18061739013138],[78.67029527886746,10.176096518247288],[78.66796155906557,10.154367870933738],[78.69004817374983,10.146884365833314],[78.70843387409232,10.175682335130979],[78.72656168518468,10.169895365322526],[78.7276174688499,10.161433818829613],[78.73723748770168,10.158643220487292],[78.747015415109,10.164380331534998],[78.76710490423677,10.163513826306874],[78.76880399393485,10.199140158606957],[78.80981521099544,10.2130789610766],[78.82315188716439,10.198181854703256],[78.81353429196724,10.166695327097456],[78.82946467565264,10.154601524465342],[78.83296610381427,10.139318479932692],[78.84830041039288,10.137548273424505],[78.84780884957446,10.126147687268796],[78.86218864226481,10.126523973248025],[78.88178370674501,10.154610265214473],[78.89644730508138,10.147331585222428],[78.89997935860767,10.156752368472576],[78.91343770439529,10.144690782348999],[78.91340378580679,10.127842705730616],[78.94846847818174,10.105795618226978],[78.95000780969305,10.114325783124796],[78.95852051392163,10.114179212773655],[78.96658974055568,10.127711021086048],[78.95894890700589,10.130691820226062],[78.95521976041134,10.142025412779928],[78.94403297370286,10.143017762686926],[78.94711007545348,10.152333747830928],[78.93189494477035,10.157837872844775],[78.93608041217307,10.166195445500545],[78.92023529926938,10.175600261495418],[78.9358745120217,10.187794048145959],[78.92934594730389,10.222502831782204],[78.9129375628693,10.24098433512839],[78.91709110684171,10.2447810244598],[78.91059694849758,10.246761640745275],[78.89377998242401,10.28485483430466],[78.85949096463568,10.30215399525516],[78.83381659728424,10.330684243898343],[78.80478343447538,10.333451300687287],[78.78220864112976,10.352759261894352],[78.75494531124589,10.362166471212337]]]}},{"type":"Feature","properties":{"id":"t:05823","name":"Ponnamaravathi","taluk":"Ponnamaravathi","district":"Pudukkottai","state":"Tamil Nadu","sdtcode":"05823","dtcode":"621"},"geometry":{"type":"MultiPolygon","coordinates":[[[[78.441240609121,10.326338244469294],[78.43315582097127,10.325878548446],[78.4271102112114,10.316178785924281],[78.42616524551629,10.286606530340507],[78.44902922451816,10.289255933697781],[78.45304306429428,10.315324085671323],[78.441240609121,10.326338244469294]]],[[[78.57662330798713,10.444750600053894],[78.5650206767606,10.443050370070843],[78.56451097087178,10.427126296656999],[78.52483464313683,10.437096574749466],[78.51900062435566,10.43145180348545],[78.51647244714252,10.40792344542225],[78.52704814769245,10.402908252783158],[78.53020821245285,10.39060769205908],[78.51382891726377,10.371605332779275],[78.5054924714771,10.375975860143715],[78.49690517114729,10.35872931773636],[78.5213359233958,10.326359033273613],[78.51529300498855,10.309176436290992],[78.51447241823101,10.267727515194737],[78.4922592408047,10.263287797985539],[78.47249404798605,10.269948005860472],[78.45267090395015,10.267122928190984],[78.44767742350896,10.245505365135894],[78.45751591173948,10.2406481942198],[78.48556905928578,10.252484124087228],[78.47885243585647,10.242893918447491],[78.48690384350856,10.232047020445345],[78.47265711466801,10.21994571243271],[78.46943525659584,10.204333045731069],[78.48773825084673,10.190603217768464],[78.51607639071355,10.19055229725699],[78.51886947661237,10.23672336950125],[78.52751555550783,10.238626295354843],[78.5383767020275,10.257741165462578],[78.55338754413692,10.249566233547124],[78.55501399426447,10.254913394103825],[78.5705506571406,10.25685037225867],[78.57676072776775,10.266335067145004],[78.56937676747343,10.281149349300765],[78.5738264186214,10.28602528643852],[78.61149350162833,10.270447163024237],[78.63614541730317,10.269311596504146],[78.63798233551526,10.279282605036911],[78.65080747502878,10.290222930057732],[78.64083105857122,10.308453911959155],[78.65995268484555,10.32762932444194],[78.66013064918816,10.341950213035352],[78.66798711433877,10.347481187505803],[78.69021513193361,10.341522454601266],[78.6880523624286,10.356770225216037],[78.70042756725736,10.368637337496452],[78.69502558961884,10.374837124971444],[78.69283846049827,10.370234210610747],[78.67790487799483,10.374199806442379],[78.67680375635724,10.38381373487673],[78.66432070338871,10.39096744832054],[78.66440983602786,10.408030710952401],[78.6370152712641,10.407374873170856],[78.61766057529269,10.419417819650619],[78.59005962259245,10.422313722565715],[78.58499753421972,10.441000190280828],[78.57662330798713,10.444750600053894]]]]}},{"type":"Feature","properties":{"id":"t:05824","name":"Alangudi","taluk":"Alangudi","district":"Pudukkottai","state":"Tamil Nadu","sdtcode":"05824","dtcode":"621"},"geometry":{"type":"Polygon","coordinates":[[[79.01592526985846,10.403694105944368],[79.00910337016607,10.413152825249117],[79.00812728054127,10.401837840105404],[78.98493949391376,10.39148938468548],[78.98061349766124,10.378035982224068],[78.972089163843,10.389099903818595],[78.95977872934284,10.387925460140188],[78.92523870968772,10.402537891772695],[78.91929251019216,10.39351922337141],[78.87786727488847,10.396066175383067],[78.88663655772513,10.375489239413623],[78.86898712557269,10.387861771746307],[78.8616174664577,10.377454783684831],[78.85539564856163,10.380355196171786],[78.86331814976705,10.372580953701409],[78.8569497492745,10.364311439353365],[78.8567332831388,10.37012935328509],[78.84759647436658,10.368004164792005],[78.83666453700926,10.37492482419601],[78.8362386421398,10.360156684600641],[78.84464565688026,10.353842813267837],[78.83732901633336,10.335343499171405],[78.8344102166004,10.342776240227451],[78.83052341297852,10.338117091662061],[78.83303152811642,10.331010010043395],[78.85473510296013,10.313366876277302],[78.85949096463568,10.30215399525516],[78.89191444837853,10.28716131437725],[78.91059694849758,10.246761640745275],[78.91709110684171,10.2447810244598],[78.9129375628693,10.24098433512839],[78.92934594730389,10.222502831782204],[78.94101973228746,10.246364061664465],[78.92417665757846,10.260882377509933],[78.96603904813368,10.278599667478309],[78.98157600296233,10.295149639599648],[78.99339490269516,10.291554721173913],[79.00402710817481,10.317585461338806],[79.01667541971455,10.314154809933155],[79.01628372370794,10.306006115992147],[79.02757359209528,10.300063020797625],[79.03349351047886,10.260754786601058],[79.05942371263333,10.250931407785012],[79.06283354138203,10.266159359740671],[79.06962719894021,10.269650801607664],[79.08851565400784,10.264019652252912],[79.11272786411402,10.277489343551359],[79.11134995446939,10.284448085967304],[79.09869510678764,10.284026407426573],[79.11851198507443,10.290364170987088],[79.12629592114733,10.301290483114585],[79.12181884533204,10.306364939616289],[79.1347268517356,10.311865428335887],[79.13107586306232,10.325565739197804],[79.11433932944435,10.328273763485177],[79.12074191712168,10.337511185034021],[79.15277141505227,10.34981164649595],[79.14409584805931,10.383009615294542],[79.1211813693654,10.370775131233543],[79.1054222180479,10.376045707173676],[79.10498667257733,10.370745182909143],[79.09414335492112,10.36785161004781],[79.08317470431645,10.376417411764058],[79.07541426727308,10.376732346670506],[79.07361172399364,10.368911020190566],[79.06243547272683,10.37308324754072],[79.04086817231169,10.335066307016449],[79.02583221240859,10.33065585510518],[79.02768747332048,10.349746636289053],[79.0199022787079,10.358857173830584],[79.02711038210722,10.360711149820222],[79.02818985165155,10.371528416540011],[79.01707120215735,10.376494441672923],[79.02746508279549,10.403929388191143],[79.01592526985846,10.403694105944368]]]}},{"type":"Feature","properties":{"id":"t:05825","name":"Karambakudi","taluk":"Karambakudi","district":"Pudukkottai","state":"Tamil Nadu","sdtcode":"05825","dtcode":"621"},"geometry":{"type":"Polygon","coordinates":[[[79.12668359629471,10.590863764557694],[79.11509431852487,10.585221965873796],[79.10409996622163,10.547670324930024],[79.10648897822755,10.529191111739095],[79.11803921341853,10.524454394630284],[79.11708426025406,10.503918136763563],[79.10760818474846,10.50269256189131],[79.0955053284526,10.473862696948803],[79.09929575182764,10.467855986178078],[79.09326737355158,10.47088934472278],[79.09560226745155,10.463207615192905],[79.07723728405615,10.466052168057326],[79.07222977282856,10.451554852832837],[79.06583998614401,10.452414962689351],[79.06320071787295,10.429282200498806],[79.04614371387062,10.429099386643557],[79.03789004514242,10.449242120128893],[79.0596855149448,10.473064221332296],[79.0655028726724,10.490943817792575],[79.04550411069337,10.505358082301393],[79.03969232701209,10.517647453999134],[79.03814798829141,10.501537878597995],[79.02839457141657,10.486332299582052],[79.00837976283165,10.487599598757873],[79.01748083482526,10.478527255161259],[79.01682506646448,10.468517436528636],[79.02867416755717,10.471007024499707],[79.02794763261329,10.46366457650226],[79.019963292282,10.463441215544249],[79.01408407297063,10.44952983408663],[78.98558686482322,10.449272424884406],[78.98155920985639,10.416883102271617],[78.9379225648683,10.414702374177825],[78.93172748532668,10.430008146061523],[78.92368838908554,10.419747932149885],[78.91929251019216,10.39351922337141],[78.92925645444036,10.40197914390743],[78.95977872934284,10.387925460140188],[78.972089163843,10.389099903818595],[78.98061349766124,10.378035982224068],[78.98493949391376,10.39148938468548],[79.00812728054127,10.401837840105404],[79.00910337016607,10.413152825249117],[79.01592526985846,10.403694105944368],[79.02710229637135,10.404486949498512],[79.01707120215735,10.376494441672923],[79.02818985165155,10.371528416540011],[79.02711038210722,10.360711149820222],[79.0199022787079,10.358857173830584],[79.02768747332048,10.349746636289053],[79.02583221240859,10.33065585510518],[79.04086817231169,10.335066307016449],[79.06243547272683,10.37308324754072],[79.07361172399364,10.368911020190566],[79.07541426727308,10.376732346670506],[79.08317470431645,10.376417411764058],[79.09414335492112,10.36785161004781],[79.10498667257733,10.370745182909143],[79.1049609223697,10.376029703840798],[79.1211813693654,10.370775131233543],[79.14345246387305,10.381195404814495],[79.15261001833844,10.400820876185858],[79.12572189768079,10.438008954156912],[79.13738114792304,10.440020786591173],[79.14344573998314,10.44574245753884],[79.14034026045269,10.449567671708065],[79.17597288122498,10.448093129185267],[79.16645491727766,10.455488666876729],[79.19060295084164,10.459685673712865],[79.19462109085299,10.465999321340806],[79.17625516692154,10.477831502379637],[79.15176049055741,10.475868161353732],[79.14725969472703,10.485929129251742],[79.12977602599904,10.487927093094497],[79.12945713215801,10.498727792084269],[79.13908808171017,10.498271797581099],[79.14038026063564,10.51237144075495],[79.15479935551797,10.521859001724806],[79.14906336808711,10.52371275408153],[79.15157186411068,10.532568070332122],[79.16779872507749,10.530197886828727],[79.18455293933694,10.537812348619676],[79.17874159762677,10.550615056756191],[79.19048688401536,10.55954534653993],[79.19070184008308,10.578255202078347],[79.17872332499557,10.571350103702327],[79.17731982863671,10.586999901393655],[79.12668359629471,10.590863764557694]]]}},{"type":"Feature","properties":{"id":"t:05826","name":"Aranthangi","taluk":"Aranthangi","district":"Pudukkottai","state":"Tamil Nadu","sdtcode":"05826","dtcode":"621"},"geometry":{"type":"Polygon","coordinates":[[[79.02769517817066,10.294493298843138],[79.01628372370794,10.306006115992147],[79.01677997822374,10.314059475376428],[79.00402710817481,10.317585461338806],[78.99339490269516,10.291554721173913],[78.98157600296233,10.295149639599648],[78.96603904813368,10.278599667478309],[78.92417665757846,10.260882377509933],[78.94101973228746,10.246364061664465],[78.92761557377607,10.217535160944768],[78.9358745120217,10.187794048145959],[78.92023529926938,10.175600261495418],[78.9331837595051,10.170088014185332],[78.9369466980257,10.162814019192547],[78.93189494477035,10.157837872844775],[78.94455566024754,10.1552137724665],[78.94403297370286,10.143017762686926],[78.95521976041134,10.142025412779928],[78.95894890700589,10.130691820226062],[78.9712188086221,10.12211790442807],[78.98952214423278,10.083268223681088],[79.00931734707012,10.086640161791616],[79.02449385468758,10.102052543048357],[79.02750130196942,10.098500660473393],[79.03697467803755,10.104579804459092],[79.05333887883491,10.123146346237425],[79.05144244813357,10.1365352777745],[79.06578581683407,10.14188262565119],[79.07308683298325,10.135863338603997],[79.09793852858735,10.13505946702626],[79.1055003418332,10.106735949781855],[79.12190542585746,10.101330274441107],[79.14708598121236,10.078058068048351],[79.1667297244995,10.090597113448709],[79.18194612540044,10.080112104526036],[79.18387685198275,10.086951494606456],[79.20517151999735,10.08904983004082],[79.20106859339623,10.10084481261999],[79.22168502259157,10.10451525431972],[79.20229906794317,10.11504364321221],[79.20946225288337,10.117528380377232],[79.20551443568739,10.129662424556487],[79.21619455640595,10.128574951699646],[79.2137694851262,10.136093212014428],[79.20642417394868,10.136863452233394],[79.20911880179742,10.147350485476645],[79.20287996441998,10.158467940789091],[79.15134385642018,10.159632287888556],[79.1613935017431,10.179308960957997],[79.16009824698611,10.184661009812455],[79.15035602042475,10.185379880128345],[79.15248360741168,10.196856880457062],[79.16076579944678,10.195202271975147],[79.17365848598148,10.203482673500677],[79.18241822781151,10.193365577675916],[79.18921462612963,10.201202907247506],[79.18123169256005,10.216292366701627],[79.15046856316019,10.21628508282665],[79.14414516916169,10.236418448431502],[79.13354752995588,10.230483086471688],[79.11619601059269,10.233329774644748],[79.11750834950979,10.253495408388757],[79.13118237450894,10.25643853163975],[79.12724774458135,10.282453908978994],[79.11851198507443,10.290364170987088],[79.1005729225997,10.286368634009708],[79.10328078353089,10.280714723510997],[79.11262973305072,10.283836493463287],[79.11272786411402,10.277489343551359],[79.08851565400784,10.264019652252912],[79.06962719894021,10.269650801607664],[79.06283354138203,10.266159359740671],[79.05942371263333,10.250931407785012],[79.03349351047886,10.260754786601058],[79.02769517817066,10.294493298843138]]]}},{"type":"Feature","properties":{"id":"t:05827","name":"Manamelkudi","taluk":"Manamelkudi","district":"Pudukkottai","state":"Tamil Nadu","sdtcode":"05827","dtcode":"621"},"geometry":{"type":"Polygon","coordinates":[[[79.22476989926099,10.137383156830518],[79.2137694851262,10.136093212014428],[79.21559673207595,10.12800551651757],[79.20477044108762,10.12831546422194],[79.20946225288337,10.117528380377232],[79.20249057888029,10.114627712336677],[79.22171249756454,10.104867848320715],[79.20040701203727,10.100397407274862],[79.20475632046967,10.088710874232142],[79.18387685198275,10.086951494606456],[79.18175453451329,10.080103088454033],[79.1667297244995,10.090597113448709],[79.1475512654104,10.07805353344998],[79.13882518165742,10.087302943059921],[79.13286738131828,10.070454408698234],[79.09419054342298,10.06925351002723],[79.10086400549781,10.069136797739565],[79.09436935577524,10.061120758919072],[79.1066121426429,10.060245177860052],[79.09688041199736,10.040045491274963],[79.06640156794388,10.048543548335935],[79.09470556643997,10.033476576473403],[79.09073436789379,10.022942673766646],[79.09595869290513,10.005285480682288],[79.11295135507527,10.006575950433229],[79.11790783301159,9.99992318111417],[79.11151500103823,9.98152456472065],[79.12599353384964,9.941337973658916],[79.13584670684016,9.938119358525492],[79.14079777242688,9.924272977738477],[79.16882918613317,9.943748293084758],[79.24007098614041,10.023431117073729],[79.26601433963062,10.039305979968105],[79.25545256656083,10.045098214272077],[79.25195749397987,10.06568747224309],[79.22852714515761,10.090271897864758],[79.22708003020182,10.119189889798879],[79.23555716563675,10.127994975456987],[79.22476989926099,10.137383156830518]]]}},{"type":"Feature","properties":{"id":"t:05828","name":"Avudayarkoil","taluk":"Avudayarkoil","district":"Pudukkottai","state":"Tamil Nadu","sdtcode":"05828","dtcode":"621"},"geometry":{"type":"Polygon","coordinates":[[[79.06892514039286,10.140125020205774],[79.05144244813357,10.1365352777745],[79.05333887883491,10.123146346237425],[79.04270791123378,10.109129442753757],[79.00005408155702,10.082544734848831],[78.9963476838987,10.087153463002528],[78.98985046679103,10.08295168325524],[78.98688756157425,10.089444125629797],[78.97172261168119,10.082247511717357],[78.96055482344266,10.095305905826674],[78.94973758926903,10.089617086049762],[78.945789609478,10.078967684898783],[78.93413820691808,10.071985775108628],[78.94363621568964,10.055696490075961],[78.93797161737439,10.057560358510132],[78.92352881056185,10.04280779150961],[78.93195190873914,10.037467888707557],[78.93013868718593,10.021845102277357],[78.95158908893484,10.008089920015072],[78.96476887613605,10.00757192939491],[78.97482492824356,10.000160226066573],[78.97236507778925,9.992330591539893],[78.99374489441472,9.996007842260905],[79.00302245751386,9.987287120700714],[79.00989383281883,9.989943190968079],[79.01383234616344,9.981016653850034],[79.00279756607911,9.978860914429495],[78.99996862662067,9.971446238851255],[79.00321652685292,9.956294861035367],[78.98789222032002,9.950307945465994],[79.00595866210546,9.914336804722078],[79.031035895033,9.893289105623268],[79.04288803961794,9.861250668291131],[79.05979598167359,9.858560789449271],[79.06937928727801,9.85007314581975],[79.09001402683379,9.857457798172595],[79.11295242137548,9.848911872226338],[79.11683982597029,9.85050886874557],[79.11008931988512,9.857925191779508],[79.11921528599184,9.852862427463373],[79.12236458803683,9.859586846062673],[79.11831346188822,9.873116176761224],[79.12583994529226,9.890853785617269],[79.15145728130125,9.916122909629813],[79.15458818495088,9.930944594832944],[79.14079777242688,9.924272977738477],[79.13584670684016,9.938119358525492],[79.12636286000904,9.94065990517135],[79.11063460983897,9.987333324282693],[79.11741109699882,9.987541589335205],[79.11790783301159,9.99992318111417],[79.11295135507527,10.006575950433229],[79.09595869290513,10.005285480682288],[79.09073436789379,10.022942673766646],[79.09470556643997,10.033476576473403],[79.06616021398322,10.046635733465527],[79.09688041199736,10.040045491274963],[79.1066121426429,10.060245177860052],[79.09436935577524,10.061120758919072],[79.10086400549781,10.069136797739565],[79.09419054342298,10.06925351002723],[79.13286738131828,10.070454408698234],[79.13882518165742,10.087302943059921],[79.1055003418332,10.106735949781855],[79.09793852858735,10.13505946702626],[79.06892514039286,10.140125020205774]]]}},{"type":"Feature","properties":{"id":"t:05829","name":"Tirupathur","taluk":"Tirupathur","district":"Sivaganga","state":"Tamil Nadu","sdtcode":"05829","dtcode":"622"},"geometry":{"type":"Polygon","coordinates":[[[78.45125322498956,10.40981377929555],[78.44015083410373,10.400675530477233],[78.43852191899902,10.38375154070184],[78.44886622071829,10.374984952436364],[78.43655925461346,10.362809496180962],[78.41473134484957,10.363223917647161],[78.39209021810669,10.354383323879542],[78.40418324683337,10.343683300269362],[78.39196068014441,10.317899385025463],[78.37859917094775,10.310165248517244],[78.39056316207376,10.302318024881837],[78.3856693479167,10.289384898123762],[78.38122369606839,10.293937420224468],[78.38662733379358,10.270421894353676],[78.406153590018,10.275750428630134],[78.42414532071786,10.270762484254037],[78.42500610888096,10.258652214633472],[78.41052876454069,10.25718924244076],[78.39233581121715,10.24171540642872],[78.3975877198976,10.226228276905218],[78.40777796054564,10.223311885554539],[78.41245905544005,10.213171796705966],[78.39454555901827,10.174139619759089],[78.39869707908639,10.165763133790916],[78.4129551204113,10.160739771435777],[78.40161517004857,10.138653918021332],[78.42526100045296,10.133403314657658],[78.42580675124258,10.122110738674643],[78.43259747939462,10.1351831952826],[78.45149537575588,10.119050767826156],[78.45803873931972,10.124586817525994],[78.47348993558141,10.121992520080365],[78.47058973995796,10.110371293611516],[78.45628521441036,10.099268224486197],[78.4617885184197,10.071691825402631],[78.45410680972785,10.07024712652144],[78.45281332824517,10.059009971881329],[78.43731925000507,10.061182423665802],[78.42771661535069,10.053350408652156],[78.43063285308845,10.036117587567263],[78.44907557489189,10.028714633181343],[78.45955852438874,10.037640186129883],[78.47474179811695,10.037563863182763],[78.48892737324623,10.027451803037001],[78.51561695634463,10.024664565838902],[78.52042255324582,10.03366037462422],[78.52331225654673,10.015385394467922],[78.54006369501191,9.998110126706793],[78.54173179103607,10.023292168756848],[78.57598292597056,10.038655093945644],[78.57962236230925,10.034150511656986],[78.59090166650884,10.0382244179107],[78.5909240749836,10.032734125744293],[78.60242148384596,10.027780668015614],[78.61614060067912,10.030211765721104],[78.61641657121926,10.013817656594718],[78.68157542478846,10.00870687054078],[78.6787447434967,10.020571940525597],[78.69464052317902,10.040853967993014],[78.69940091865176,10.059489383902491],[78.71917298088735,10.061167671961481],[78.7142893114048,10.070553357596323],[78.69977552151512,10.072816091696573],[78.72017498960305,10.106398098620236],[78.70799349478719,10.143443069848294],[78.69318591986699,10.141672031034009],[78.66796155906557,10.154367870933738],[78.67029527886746,10.176096518247288],[78.66417361054916,10.18061739013138],[78.67315050931934,10.204779475588575],[78.64716852647528,10.225892069977002],[78.65053203539301,10.236673293537411],[78.64122389903149,10.24243457828922],[78.6515956640456,10.254363126242588],[78.63614541730317,10.269311596504146],[78.61149350162833,10.270447163024237],[78.57785047134394,10.287315072339911],[78.56937676747343,10.281149349300765],[78.57676072776775,10.266335067145004],[78.5705506571406,10.25685037225867],[78.55501399426447,10.254913394103825],[78.55338754413692,10.249566233547124],[78.5383767020275,10.257741165462578],[78.52751555550783,10.238626295354843],[78.51886947661237,10.23672336950125],[78.51607639071355,10.19055229725699],[78.48773825084673,10.190603217768464],[78.4704432274301,10.20298575297772],[78.47265711466801,10.21994571243271],[78.48766671710237,10.234487355886925],[78.47885243585647,10.242893918447491],[78.48566929150854,10.252149617464283],[78.48225202021769,10.255197446433788],[78.47261842063546,10.243524170823306],[78.45751591173948,10.2406481942198],[78.44767742350896,10.245505365135894],[78.45267090395015,10.267122928190984],[78.47249404798605,10.269948005860472],[78.4922592408047,10.263287797985539],[78.51447241823101,10.267727515194737],[78.51529300498855,10.309176436290992],[78.5213359233958,10.326359033273613],[78.50937846302193,10.347041617914599],[78.49766965182715,10.352192189996778],[78.5076669981325,10.389050368981083],[78.49194864470196,10.388041148746023],[78.49028493515134,10.395907157767459],[78.45125322498956,10.40981377929555]],[[78.4390311739336,10.326533041247455],[78.448010218779,10.324985318361028],[78.45304306429428,10.315324085671323],[78.44902922451816,10.289255933697781],[78.42616524551629,10.286606530340507],[78.4271102112114,10.316178785924281],[78.4390311739336,10.326533041247455]]]}},{"type":"Feature","properties":{"id":"t:05830","name":"Karaikkudi","taluk":"Karaikkudi","district":"Sivaganga","state":"Tamil Nadu","sdtcode":"05830","dtcode":"622"},"geometry":{"type":"Polygon","coordinates":[[[78.80981512745214,10.213078546442318],[78.76880399393485,10.199140158606957],[78.76710490423677,10.163513826306874],[78.747015415109,10.164380331534998],[78.73723748770168,10.158643220487292],[78.7276174688499,10.161433818829613],[78.72656168518468,10.169895365322526],[78.70843387409232,10.175682335130979],[78.69378124238894,10.155273771819788],[78.69318591986699,10.141672031034009],[78.7106297788549,10.140808406310498],[78.72017498960305,10.106398098620236],[78.69977552151512,10.072816091696573],[78.7142893114048,10.070553357596323],[78.71917298088735,10.061167671961481],[78.69940091865176,10.059489383902491],[78.69464052317902,10.040853967993014],[78.6787447434967,10.020571940525597],[78.68157542478846,10.00870687054078],[78.6422415626876,10.008564178294067],[78.62645928514144,10.016063498463481],[78.61082291196367,9.987720142448362],[78.60989318798397,10.007664223743053],[78.5947516697468,10.009244490456418],[78.59697288364416,9.994454576267495],[78.58948159084308,9.98285875405587],[78.60626294500388,9.983606258197657],[78.60479053079473,9.975726974791995],[78.61562522103095,9.977368464280339],[78.61383843779485,9.95657425440082],[78.60029146422127,9.955045396645362],[78.60489720753134,9.94850458317347],[78.60005541930394,9.94119907966455],[78.57541890254976,9.948261549413353],[78.5623201622518,9.941944033651815],[78.57848059370168,9.933832641576355],[78.5835565071466,9.924159491839069],[78.59094176281157,9.932283793923775],[78.59642728646648,9.927714168031681],[78.60156990610946,9.931891587641461],[78.60275594369425,9.92458206382042],[78.59548362602345,9.925562272696855],[78.59162775319342,9.913162143762602],[78.60997911902741,9.901726916528357],[78.60851633296149,9.889195982139325],[78.62956006648297,9.888247366009223],[78.62762254055227,9.87566233863879],[78.63377251119192,9.891985786379964],[78.63878716761933,9.88741095019138],[78.64944152555387,9.89260457662885],[78.65468391388892,9.888147023622155],[78.67383138649063,9.890586115051219],[78.68771573494554,9.90432188970485],[78.70001657364183,9.906507421425836],[78.69927561714437,9.91615434287802],[78.7145858156357,9.934395511996664],[78.7152069683153,9.92130849026019],[78.72329024549876,9.920216912187644],[78.72715618574814,9.934062084199153],[78.73184262921173,9.931687395438475],[78.74155990416774,9.94783147918054],[78.74834233997137,9.941514043587135],[78.73766766753502,9.95295895081075],[78.75372606384336,9.961125722007578],[78.74794610926924,9.967439065662772],[78.7586257134565,9.962237700780436],[78.77113082635344,9.998717639935672],[78.76541573014283,10.006735742944564],[78.76864671958985,10.02790159792776],[78.78920732208354,10.025742578173425],[78.79994458823055,10.039799476855048],[78.79316123255205,10.044743120643503],[78.80781118278432,10.04494554622627],[78.80845274428887,10.052192008851906],[78.83567891985255,10.04589974266503],[78.84707112701203,10.060158542514616],[78.85579692779568,10.058491246301745],[78.85893070874916,10.052895142089417],[78.853202533068,10.045377207542606],[78.86406236894568,9.997139358533317],[78.87748349932772,9.99574740424129],[78.88636921370669,10.007257140793888],[78.88138936250498,10.021288769859842],[78.90837918772418,10.017897181013781],[78.90937921385802,10.029880827970501],[78.92025636745771,10.026964014196842],[78.93098421476903,10.032630793679601],[78.92454646253988,10.04712431970867],[78.93797161737439,10.057560358510132],[78.94363621568964,10.055696490075961],[78.93413820691808,10.071985775108628],[78.945789609478,10.078967684898783],[78.94973758926903,10.089617086049762],[78.96290393138537,10.09489393013658],[78.97691335048069,10.081251530931361],[78.98688756157425,10.089444125629797],[78.96658974055568,10.127711021086048],[78.94777960061454,10.105646586296432],[78.91340378580679,10.127842705730616],[78.91343770439529,10.144690782348999],[78.89997935860767,10.156752368472576],[78.89644730508138,10.147331585222428],[78.88178370674501,10.154610265214473],[78.86218864226481,10.126523973248025],[78.84780884957446,10.126147687268796],[78.84830041039288,10.137548273424505],[78.83296610381427,10.139318479932692],[78.82946467565264,10.154601524465342],[78.81353429196724,10.166695327097456],[78.82315188716439,10.198181854703256],[78.80981512745214,10.213078546442318]]]}},{"type":"Feature","properties":{"id":"t:05831","name":"Devakottai","taluk":"Devakottai","district":"Sivaganga","state":"Tamil Nadu","sdtcode":"05831","dtcode":"622"},"geometry":{"type":"Polygon","coordinates":[[[78.85112149677914,10.060271922586638],[78.83567891985255,10.04589974266503],[78.80845274428887,10.052192008851906],[78.80781118278432,10.04494554622627],[78.79316123255205,10.044743120643503],[78.79994458823055,10.039799476855048],[78.78867375424579,10.025525435023168],[78.77044278871104,10.030492501185838],[78.76541573014283,10.006735742944564],[78.77113082635344,9.998717639935672],[78.7586257134565,9.962237700780436],[78.74794610926924,9.967439065662772],[78.75372606384336,9.961125722007578],[78.73766766753502,9.95295895081075],[78.74834233997137,9.941514043587135],[78.74155990416774,9.94783147918054],[78.73184262921173,9.931687395438475],[78.72715618574814,9.934062084199153],[78.72329024549876,9.920216912187644],[78.7152069683153,9.92130849026019],[78.7145858156357,9.934395511996664],[78.69884168594638,9.9126013030998],[78.71309530756008,9.901455060232884],[78.70527363775369,9.869732034321435],[78.73842908675637,9.871960665255235],[78.74602104746315,9.851747005813886],[78.75621096561599,9.856805459332842],[78.75816905308517,9.875204674282607],[78.75555887944954,9.870014168029977],[78.7458693139268,9.87156883027688],[78.75370707884812,9.88500791226323],[78.76351668893726,9.87432048886047],[78.77374675100354,9.872832128774895],[78.7839122376756,9.873965343849882],[78.79401015307198,9.890079056763412],[78.81531524423885,9.88267021029832],[78.81497139250428,9.868471288728344],[78.80176109851605,9.866375471788801],[78.80796220665155,9.859171214227509],[78.80346318858716,9.837874111350304],[78.82244097212664,9.852076748547502],[78.83170593096402,9.83491837346585],[78.82297828773571,9.827783613262849],[78.82754140508723,9.823996142273284],[78.8246394505625,9.814719651359644],[78.81198192949445,9.816507400195002],[78.80922748372925,9.824056138136141],[78.8020172531193,9.821658679728673],[78.80759993765705,9.803501003112773],[78.84944487574296,9.794109156084374],[78.84323450777349,9.778652844489622],[78.82028884765774,9.77487049939708],[78.82634631338273,9.76953275924196],[78.82067873086412,9.760070323204646],[78.80528945816987,9.759592630813207],[78.80820631574518,9.739477188625706],[78.81585406362774,9.731490902918514],[78.82624789485848,9.731881522225528],[78.81654451324668,9.743976734797481],[78.82299148398725,9.749850101543416],[78.84505699455056,9.743063204572747],[78.85103520551125,9.747127762334866],[78.85464699619709,9.765200796544354],[78.88216351534544,9.744651736656945],[78.8948775584112,9.764116492125261],[78.88739540506981,9.786443688831081],[78.86638548503394,9.789408909879459],[78.87199555920466,9.803015896751784],[78.86402389679698,9.811722118405884],[78.87393694789108,9.824809396372768],[78.86599207773672,9.834225350896922],[78.87230493988686,9.84462729090783],[78.86868091863842,9.853455705825255],[78.88021838068434,9.873002575827336],[78.87240028796943,9.87561079775496],[78.87389540530074,9.883517196910784],[78.89198452325888,9.879095986030618],[78.90149975453107,9.894487866867356],[78.892108943519,9.907882562222177],[78.89904385666402,9.914870883081734],[78.89231006193808,9.919147597777725],[78.8948503403564,9.932297582565958],[78.9055698782513,9.935610437654043],[78.92960148925616,9.926037890737922],[78.93465475347782,9.934250817540809],[78.93674974689124,9.921321906829624],[78.95603071543239,9.920029759123246],[78.96284787202006,9.923947391117226],[78.96385140966837,9.942933212163226],[78.98959860972808,9.940222505619895],[78.98860378933131,9.951564280757248],[79.00321652685292,9.956294861035367],[78.99868936457062,9.964847390750705],[79.00279756607911,9.978860914429495],[79.01383234616344,9.981016653850034],[79.00960636024982,9.990254988379544],[79.00302245751386,9.987287120700714],[78.99374489441472,9.996007842260905],[78.97236507778925,9.992330591539893],[78.97482492824356,10.000160226066573],[78.94127876329627,10.013118737820115],[78.92464922441847,10.032672812057967],[78.92025636745771,10.026964014196842],[78.90937921385802,10.029880827970501],[78.90837918772418,10.017897181013781],[78.88138936250498,10.021288769859842],[78.885598422362,10.005760917875401],[78.87748349932772,9.99574740424129],[78.86406236894568,9.997139358533317],[78.853202533068,10.045377207542606],[78.8589625908569,10.054337205789379],[78.85112149677914,10.060271922586638]]]}},{"type":"Feature","properties":{"id":"t:05832","name":"Sivaganga","taluk":"Sivaganga","district":"Sivaganga","state":"Tamil Nadu","sdtcode":"05832","dtcode":"622"},"geometry":{"type":"Polygon","coordinates":[[[78.5766396276809,10.0385691268514],[78.54173179103607,10.023292168756848],[78.54006369501191,9.998110126706793],[78.52331225654673,10.015385394467922],[78.52042255324582,10.03366037462422],[78.51629195943227,10.02468272934297],[78.49755099875112,10.025292618404327],[78.47474179811695,10.037563863182763],[78.45955852438874,10.037640186129883],[78.44431365497812,10.026640342732637],[78.45782802240181,10.011453594937901],[78.45639872912292,9.992235461831651],[78.44759157600882,9.986320031556158],[78.45647491434386,9.968588796565625],[78.38881363197251,9.952314695969923],[78.37195161808233,9.962431169058807],[78.37026493681331,9.934729964989694],[78.34522827090566,9.940067004652391],[78.31702988554088,9.92629799595605],[78.31032839602916,9.899458136743307],[78.31325533988849,9.875125238832577],[78.32961028983506,9.854437766882569],[78.34461244074411,9.849937299475613],[78.33994658756515,9.833134040649625],[78.361735081051,9.813629867428734],[78.3505514905483,9.796753988233885],[78.36140343562451,9.79116283861799],[78.36978980079155,9.767724249612804],[78.39365454254585,9.749932195613644],[78.40573683730317,9.766209031837098],[78.425040134369,9.7600048772964],[78.43005397332948,9.766251580093417],[78.44954230537755,9.753889007382348],[78.45717668453203,9.7593391430171],[78.46075779595427,9.774504686293144],[78.48049459841667,9.77180066943485],[78.49106767858092,9.74234241397539],[78.50499233623928,9.740215724605509],[78.51309842883427,9.72815784673398],[78.53140036846304,9.735866602999257],[78.53343122665676,9.724968153340642],[78.54727477273318,9.722367953284897],[78.54246548285784,9.712869055459729],[78.52552523019803,9.710549829057113],[78.53015845566757,9.697034767451417],[78.52478949920055,9.687377278058166],[78.5168590577863,9.696013555606472],[78.50354224606323,9.693165402429761],[78.5209003168398,9.681955914425835],[78.5317486066711,9.664491834192885],[78.54605883472415,9.662407106783878],[78.54854019533792,9.669138807668284],[78.55567094301152,9.665352184491372],[78.56100918877391,9.671564594914125],[78.56481678075068,9.677713261583687],[78.55455817920785,9.69192828751307],[78.58505423767711,9.679389119188777],[78.5929480538789,9.696432564139089],[78.58202528382907,9.707904300489316],[78.60298857321683,9.717530851244568],[78.62996767794142,9.712771789143805],[78.63135292502533,9.718178391087545],[78.64105367547165,9.717088770962338],[78.64407432888649,9.710619737557895],[78.65855010566659,9.71073186225183],[78.67010909673664,9.705504993427441],[78.66158796990395,9.698024403594316],[78.66899151526805,9.695094278637363],[78.6688712766656,9.68091336252571],[78.69851242914021,9.679525418573247],[78.7008255191316,9.694103765183224],[78.72361941876156,9.707049650000894],[78.72581068192906,9.721469569207981],[78.71904292549546,9.733491481567789],[78.70797548266742,9.73699761603698],[78.70222813693812,9.751826205716366],[78.7261836318923,9.749754388256898],[78.72110758908995,9.763970779259282],[78.73468925470151,9.76813480574417],[78.72513656997019,9.796467681931585],[78.70725340785891,9.800106726405167],[78.70773930929103,9.811597768903628],[78.72764033456714,9.832192588427796],[78.72061488651283,9.843043776861265],[78.71737053103271,9.830418820806317],[78.70944085767802,9.835831813007424],[78.71779985566992,9.850155265538708],[78.71123844405373,9.860450103430221],[78.72015459604944,9.859742603762108],[78.72368071979656,9.867905692658395],[78.70527363775369,9.869732034321435],[78.71309530756008,9.901455060232884],[78.70101537177868,9.908093910542092],[78.68771573494554,9.90432188970485],[78.67383138649063,9.890586115051219],[78.65468391388892,9.888147023622155],[78.64944152555387,9.89260457662885],[78.63878716761933,9.88741095019138],[78.63377251119192,9.891985786379964],[78.62762254055227,9.87566233863879],[78.62817870191772,9.889467872476045],[78.60851633296149,9.889195982139325],[78.60997911902741,9.901726916528357],[78.59162775319342,9.913162143762602],[78.60241348434838,9.930933238600854],[78.59094176281157,9.932283793923775],[78.5835565071466,9.924159491839069],[78.56227395201527,9.94525754133247],[78.60209801219025,9.942311286447595],[78.60029146422127,9.955045396645362],[78.61383843779485,9.95657425440082],[78.61562522103095,9.977368464280339],[78.60479053079473,9.975726974791995],[78.60626294500388,9.983606258197657],[78.5906218727389,9.980698103363704],[78.59697288364416,9.994454576267495],[78.5947516697468,10.009244490456418],[78.60989318798397,10.007664223743053],[78.61082291196367,9.987720142448362],[78.62645928514144,10.016063498463481],[78.61416844199931,10.015604456968594],[78.61966025386123,10.021622977937325],[78.61614060067912,10.030211765721104],[78.60242148384596,10.027780668015614],[78.5909240749836,10.032734125744293],[78.59090166650884,10.0382244179107],[78.57962236230925,10.034150511656986],[78.5766396276809,10.0385691268514]]]}},{"type":"Feature","properties":{"id":"t:05833","name":"Manamadurai","taluk":"Manamadurai","district":"Sivaganga","state":"Tamil Nadu","sdtcode":"05833","dtcode":"622"},"geometry":{"type":"Polygon","coordinates":[[[78.31751361484667,9.873024055054302],[78.30992774561581,9.874301454995082],[78.3095283708102,9.865342135681612],[78.29445431515254,9.861518845950927],[78.28725411872432,9.870273114005693],[78.25019130545954,9.873755204625983],[78.26690906608474,9.856307665111984],[78.25392121382546,9.834197393638059],[78.23913705349314,9.845395861153138],[78.24859645626705,9.860274552020046],[78.228969033572,9.865031553016394],[78.22507948829188,9.861081753363328],[78.20769246661033,9.875705884386953],[78.1809454075034,9.867876537273947],[78.15120588231866,9.874805542746277],[78.15076191334568,9.85231112145499],[78.12492967337128,9.854735100437775],[78.13230033141288,9.833307537088357],[78.12775584422204,9.814226796718076],[78.14223593022056,9.812354746661045],[78.15294299770271,9.821779406079441],[78.15165356852029,9.827796311376735],[78.16898823189548,9.831018291983957],[78.19336440699891,9.806716913167786],[78.17535174734955,9.772191538082833],[78.15985738254686,9.774661851769526],[78.17219241381781,9.797041754893693],[78.14080027147959,9.809267612764764],[78.14545707862364,9.789313855963098],[78.13383052256614,9.748185809586724],[78.1459697830889,9.743000000595384],[78.14734640904098,9.75012019579232],[78.16293140127944,9.757622765501603],[78.16398751911795,9.750729363876356],[78.17278788995162,9.750004509312177],[78.17320897973265,9.760255416494177],[78.18294162396487,9.756906543650375],[78.19639626510026,9.767676659800598],[78.20420635202939,9.763678880583742],[78.21014458616328,9.782623490440939],[78.23774033132986,9.757458736060252],[78.27736834407553,9.740324349261558],[78.2800507889724,9.729991261907719],[78.27186261102166,9.729215316622074],[78.27776861270488,9.696176917443696],[78.27115884477693,9.691898406523265],[78.29157487600204,9.674734832930225],[78.30220738151898,9.679063635655945],[78.29542923786575,9.69355034088559],[78.32474534393796,9.742753831843912],[78.32814719834192,9.725648650368864],[78.32092792529033,9.707261995937053],[78.32695348016145,9.693579340666272],[78.34269196124426,9.681001097462994],[78.33589594381185,9.668541614391085],[78.33917260899783,9.658203150776501],[78.34447105220661,9.657105194736394],[78.34965016231472,9.666106537934674],[78.36036151925235,9.654005400765367],[78.3896498332463,9.652948012615301],[78.39424019470373,9.618289073901373],[78.40444321119176,9.61195481090967],[78.41027452694222,9.619309725286733],[78.4176707977492,9.608590317215608],[78.42330084596027,9.608246075888465],[78.42608534665993,9.617282763185981],[78.43260222519426,9.607553608235277],[78.44855183013176,9.619019477405852],[78.45479631162415,9.616156678999893],[78.46139271711228,9.636538461357114],[78.47702917203668,9.613289673195087],[78.50290138973617,9.611021148258125],[78.49416549727862,9.59987191205287],[78.51731473360408,9.582977111039161],[78.5331659272039,9.596588856747422],[78.52045419550339,9.60791808618877],[78.53440331967685,9.602384579754816],[78.53901301916743,9.619559413902373],[78.55959682155161,9.625694125428934],[78.55430184224656,9.633726107310107],[78.5492103385399,9.627477481514259],[78.54351859044183,9.636517246745605],[78.55110758131828,9.637906894857634],[78.53803352941928,9.637591696857509],[78.54954700644713,9.649221510022256],[78.56017554680037,9.647609918819663],[78.56473783321027,9.661086602684977],[78.54854019533792,9.669138807668284],[78.54605883472415,9.662407106783878],[78.5317486066711,9.664491834192885],[78.5209003168398,9.681955914425835],[78.50354224606323,9.693165402429761],[78.5168590577863,9.696013555606472],[78.52478949920055,9.687377278058166],[78.53015845566757,9.697034767451417],[78.52552523019803,9.710549829057113],[78.54246548285784,9.712869055459729],[78.54727477273318,9.722367953284897],[78.53343122665676,9.724968153340642],[78.53140036846304,9.735866602999257],[78.51309842883427,9.72815784673398],[78.50499233623928,9.740215724605509],[78.49106767858092,9.74234241397539],[78.48049459841667,9.77180066943485],[78.46075779595427,9.774504686293144],[78.45717668453203,9.7593391430171],[78.44954230537755,9.753889007382348],[78.43005397332948,9.766251580093417],[78.425040134369,9.7600048772964],[78.40573683730317,9.766209031837098],[78.39365454254585,9.749932195613644],[78.36978980079155,9.767724249612804],[78.36140343562451,9.79116283861799],[78.3505514905483,9.796753988233885],[78.36146613533643,9.815153242490343],[78.33994658756515,9.833134040649625],[78.34461244074411,9.849937299475613],[78.32961028983506,9.854437766882569],[78.31751361484667,9.873024055054302]]]}},{"type":"Feature","properties":{"id":"t:05834","name":"Ilayangudi","taluk":"Ilayangudi","district":"Sivaganga","state":"Tamil Nadu","sdtcode":"05834","dtcode":"622"},"geometry":{"type":"Polygon","coordinates":[[[78.77862021113286,9.719335246569065],[78.75301800993978,9.716438064487214],[78.7472894201353,9.705912233883627],[78.7236478917628,9.711897578405281],[78.71372038138591,9.696998540678425],[78.7008255191316,9.694103765183224],[78.69851242914021,9.679525418573247],[78.67965014559007,9.676468287281603],[78.6688712766656,9.68091336252571],[78.66899151526805,9.695094278637363],[78.66158796990395,9.698024403594316],[78.67010909673664,9.705504993427441],[78.64407432888649,9.710619737557895],[78.64105367547165,9.717088770962338],[78.63135292502533,9.718178391087545],[78.62996767794142,9.712771789143805],[78.60298857321683,9.717530851244568],[78.58202528382907,9.707904300489316],[78.5929480538789,9.696432564139089],[78.58732279997649,9.682169516863363],[78.55455817920785,9.69192828751307],[78.56481678075068,9.677713261583687],[78.55567094301152,9.665352184491372],[78.56373486689047,9.664888196530214],[78.56423842830276,9.651760602749931],[78.54954700644713,9.649221510022256],[78.53803352941928,9.637591696857509],[78.55110758131828,9.637906894857634],[78.54351859044183,9.636517246745605],[78.5492103385399,9.627477481514259],[78.55430184224656,9.633726107310107],[78.55959682155161,9.625694125428934],[78.53901301916743,9.619559413902373],[78.53440331967685,9.602384579754816],[78.52045419550339,9.60791808618877],[78.5331659272039,9.596588856747422],[78.5167453714955,9.582918126958418],[78.57128158843953,9.56681585505058],[78.57569800192198,9.576156123651423],[78.58703494382685,9.572432732846261],[78.59747950202338,9.560996779004808],[78.61674029440324,9.558177245316687],[78.61673633103622,9.53626596952704],[78.65742120452711,9.52023059393542],[78.66171254467427,9.536210524497072],[78.65413516272625,9.543290359146553],[78.68369960895708,9.563042058186781],[78.69369021699953,9.576855243985001],[78.67885382861658,9.593940897205044],[78.68434438014212,9.605675480396854],[78.70090835907214,9.59363427659146],[78.74664532538164,9.585385409278938],[78.75373252901846,9.5934114496719],[78.77376626510645,9.588404886960776],[78.78212671028423,9.595974759089014],[78.82121535027883,9.599903620501752],[78.82655189912369,9.618031379498353],[78.80743665627776,9.626286957438554],[78.80260456087228,9.621186672099123],[78.787687395979,9.634157030083287],[78.79470648485942,9.637490463238983],[78.78537269171505,9.653007100493472],[78.79515964719101,9.666250428424727],[78.79175940436467,9.672465284069661],[78.79909348300788,9.696358230580618],[78.77862021113286,9.719335246569065]]]}},{"type":"Feature","properties":{"id":"t:05835","name":"Melur","taluk":"Melur","district":"Madurai","state":"Tamil Nadu","sdtcode":"05835","dtcode":"623"},"geometry":{"type":"Polygon","coordinates":[[[78.37476015500407,10.31036410934244],[78.37472363938609,10.300351408424756],[78.3669910716761,10.30116487771272],[78.36318446784618,10.293787472257838],[78.32930564776602,10.298512236976999],[78.3386402538857,10.29838244635319],[78.33981906272739,10.288831014239552],[78.32875923581634,10.289335748832542],[78.32544184460866,10.283395464969447],[78.33189984037273,10.255012865795578],[78.32150958982668,10.243518148152646],[78.32861324520962,10.228434766988576],[78.3201182593517,10.214180478012702],[78.30894685539417,10.214820120583862],[78.31339287375513,10.208921992737432],[78.30377286747978,10.21099468143211],[78.29134865955227,10.204030137635712],[78.26927423590473,10.18220338424496],[78.27214305247696,10.172024393222616],[78.25959458239284,10.161532614139212],[78.25976600520355,10.154263899695186],[78.26960849003879,10.151405910925861],[78.26178550240388,10.159128574482095],[78.28129302516135,10.166986978418636],[78.28418193345323,10.148666609458662],[78.28075664919002,10.129666177579065],[78.27042324403517,10.129527307756202],[78.2733157985888,10.114909222433608],[78.26120806623757,10.10251449780056],[78.25813446881484,10.087017366069727],[78.2125129261379,10.075350908564012],[78.20278138503689,10.066999408279319],[78.21288839497723,10.063547928308829],[78.21048699700015,10.055167608456188],[78.26963191360984,10.039063996816468],[78.25869174588789,10.022262157677373],[78.26101083213379,10.015780664557555],[78.24688150860929,10.005613337513333],[78.25135657399497,10.01438021015111],[78.24014372087188,10.015794972479718],[78.22807200647199,10.001893813949138],[78.24227391297313,9.977890222411054],[78.25866488446424,9.978045497443887],[78.26362222298661,9.963405431148825],[78.26746973339966,9.966525917074627],[78.26708539549352,9.956788643246027],[78.2599406862038,9.95522208030775],[78.26689752452997,9.9322423934845],[78.278814728701,9.936251354182984],[78.28140911714048,9.951951804087756],[78.29226814722932,9.942873151271879],[78.29361495540218,9.936079195959048],[78.28602325430853,9.936610636541351],[78.28086092652654,9.924222962043693],[78.28258136019573,9.918586415171314],[78.29139808845247,9.922029006691456],[78.2889345656853,9.91066379748622],[78.27291198071575,9.90144182514712],[78.27600806386836,9.870003124756808],[78.28725411872432,9.870273114005693],[78.29445431515254,9.861518845950927],[78.3095283708102,9.865342135681612],[78.31325534168512,9.875124835269958],[78.31032839602916,9.899458136743307],[78.31702988554088,9.92629799595605],[78.34522827090566,9.940067004652391],[78.37026493681331,9.934729964989694],[78.37195161808233,9.962431169058807],[78.38881363197251,9.952314695969923],[78.45647491434386,9.968588796565625],[78.44759157600882,9.986320031556158],[78.45639872912292,9.992235461831651],[78.45601451338769,10.018144342607966],[78.44440432643131,10.024493049693946],[78.4434076402337,10.034429624937285],[78.43063285308845,10.036117587567263],[78.42765262206478,10.053087836354337],[78.43731925000507,10.061182423665802],[78.45281332824517,10.059009971881329],[78.45410680972785,10.07024712652144],[78.4617885184197,10.071691825402631],[78.45628521441036,10.099268224486197],[78.47058973995796,10.110371293611516],[78.47348993558141,10.121992520080365],[78.45803873931972,10.124586817525994],[78.45149537575588,10.119050767826156],[78.43259747939462,10.1351831952826],[78.42580675124258,10.122110738674643],[78.42526100045296,10.133403314657658],[78.40161517004857,10.138653918021332],[78.4129551204113,10.160739771435777],[78.39869707908639,10.165763133790916],[78.39454555901827,10.174139619759089],[78.41245905544005,10.213171796705966],[78.40777796054564,10.223311885554539],[78.3975877198976,10.226228276905218],[78.39233581121715,10.24171540642872],[78.41052876454069,10.25718924244076],[78.42500610888096,10.258652214633472],[78.42414532071786,10.270762484254037],[78.406153590018,10.275750428630134],[78.38662733379358,10.270421894353676],[78.38122369606839,10.293937420224468],[78.3856693479167,10.289384898123762],[78.39056316207376,10.302318024881837],[78.37476015500407,10.31036410934244]]]}},{"type":"Feature","properties":{"id":"t:05836","name":"Madurai North","taluk":"Madurai North","district":"Madurai","state":"Tamil Nadu","sdtcode":"05836","dtcode":"623"},"geometry":{"type":"Polygon","coordinates":[[[78.17525297488909,10.092599092048896],[78.15499308703004,10.076702836768387],[78.13945121662017,10.053030035428472],[78.12628320094247,10.051759901102152],[78.12418972478356,10.041317612323049],[78.13376301596917,10.031946727768654],[78.12697646498323,10.01778864177209],[78.10908002038214,10.02624126354059],[78.09926249613538,10.004777327373892],[78.08468278966679,10.003925810581382],[78.07273551798488,10.024727147788596],[78.06942073278987,10.045674367321755],[78.05863138771251,10.035754336306754],[78.03904547077686,10.040993272328398],[78.03857880047832,10.012613704490205],[78.03229231825483,10.003778930918868],[78.011249099468,10.007415575920525],[77.98865740342198,9.99911880098799],[77.99779665561181,9.999748559976481],[78.00103601645893,9.98453040893515],[78.0352807958128,9.96657192453111],[78.05733811823227,9.962260410183411],[78.07244266899887,9.94879676954971],[78.11811283838047,9.935104459487379],[78.12010063403443,9.943734153651642],[78.1254627399491,9.930751403450701],[78.13261201986697,9.934526032048238],[78.12759208763396,9.95537458435935],[78.14076513387725,9.952666585005451],[78.13647891592385,9.949357738416449],[78.15049941483987,9.941021427494306],[78.14835018564115,9.9158469177586],[78.17606787441258,9.899728673477837],[78.19190572713214,9.87575392329487],[78.2086543251244,9.875561065812407],[78.22507948829188,9.861081753363328],[78.228969033572,9.865031553016394],[78.24859645626705,9.860274552020046],[78.23913705349314,9.845395861153138],[78.25835629160458,9.834253638301407],[78.26690906608474,9.856307665111984],[78.25019130545954,9.873755204625983],[78.27598484870646,9.871544633957873],[78.27301112238378,9.905234542968435],[78.2889345656853,9.91066379748622],[78.29139808845247,9.922029006691456],[78.28258136019573,9.918586415171314],[78.28086092652654,9.924222962043693],[78.28602325430853,9.936610636541351],[78.29361495540218,9.936079195959048],[78.28140911714048,9.951951804087756],[78.278814728701,9.936251354182984],[78.26689752452997,9.9322423934845],[78.2599406862038,9.95522208030775],[78.26708539549352,9.956788643246027],[78.26746973339966,9.966525917074627],[78.26362222298661,9.963405431148825],[78.25866488446424,9.978045497443887],[78.24227391297313,9.977890222411054],[78.22807200647199,10.001893813949138],[78.24014372087188,10.015794972479718],[78.25135657399497,10.01438021015111],[78.24688150860929,10.005613337513333],[78.26101083213379,10.015780664557555],[78.25869174588789,10.022262157677373],[78.26963191360984,10.039063996816468],[78.20805160228116,10.056248577832307],[78.21288839497723,10.063547928308829],[78.20278138503689,10.066999408279319],[78.20390642970884,10.07943490783894],[78.17525297488909,10.092599092048896]]]}},{"type":"Feature","properties":{"id":"t:05837","name":"Vadipatti","taluk":"Vadipatti","district":"Madurai","state":"Tamil Nadu","sdtcode":"05837","dtcode":"623"},"geometry":{"type":"Polygon","coordinates":[[[78.10473150965372,10.191454035510754],[78.09146305154744,10.182081914662147],[78.07068224951973,10.188190416699857],[78.06311765688643,10.18341539762831],[78.01996056583467,10.184610686044563],[78.01367106706844,10.16344844625724],[77.99707256588206,10.160828346185816],[77.98400162664555,10.136693698937433],[77.9726352685084,10.131249983667724],[77.96213917306572,10.137396036532781],[77.93348357396738,10.11370583563577],[77.93122146336839,10.090394280480206],[77.94663084035867,10.090698921683037],[77.94640125612489,10.083714881602559],[77.92301511429609,10.091032835095614],[77.91342441825182,10.072884348807502],[77.90141863390556,10.071235378278834],[77.89241021774363,10.078382671537657],[77.8838527666341,10.074685153028454],[77.87477100572416,10.061684312015203],[77.87771300534766,10.05643157759557],[77.90127381380366,10.025881643091347],[77.98440150001616,9.96638728329771],[77.98884436439218,9.984088020929725],[78.00103601645893,9.98453040893515],[77.99779665561181,9.999748559976481],[77.98841161268216,10.000493102360254],[78.011249099468,10.007415575920525],[78.03229231825483,10.003778930918868],[78.03857880047832,10.012613704490205],[78.03938293548974,10.041169662481542],[78.05508768483364,10.035224661345197],[78.07074351821537,10.045186397184828],[78.07273551798488,10.024727147788596],[78.08512061685819,10.003745051186282],[78.09926249613538,10.004777327373892],[78.10908002038214,10.02624126354059],[78.12697646498323,10.01778864177209],[78.13376301596917,10.031946727768654],[78.12418972478356,10.041317612323049],[78.12628320094247,10.051759901102152],[78.14543118019402,10.058363947863704],[78.17461519619023,10.098407948093879],[78.15622747643499,10.107346838809972],[78.16488485344178,10.136466687532517],[78.14688458695008,10.178503564618174],[78.10473150965372,10.191454035510754]]]}},{"type":"Feature","properties":{"id":"t:05838","name":"Usilampatti","taluk":"Usilampatti","district":"Madurai","state":"Tamil Nadu","sdtcode":"05838","dtcode":"623"},"geometry":{"type":"Polygon","coordinates":[[[77.84897132428893,10.075416028837033],[77.82279931093133,10.065630278562198],[77.80548865233719,10.067692677367825],[77.78047915417866,10.051028239349696],[77.76348270920289,10.05600422801362],[77.75991008147017,10.046699868844106],[77.7553300326722,10.04871429634634],[77.72146707504332,10.02043021241647],[77.71031159911406,10.020410571371693],[77.7124839320836,10.025952195910666],[77.70147615086516,10.014079369914079],[77.69785130047171,10.017403123531126],[77.69229574146232,9.969204878862852],[77.67312465933831,9.961898290263173],[77.67897492684635,9.932939255053245],[77.68885838114674,9.925302559776776],[77.70201413571914,9.933712589881893],[77.72492440400933,9.93004983862868],[77.72747854792405,9.91799303575961],[77.74440944552849,9.911848806647914],[77.74048654490358,9.905878568373728],[77.75596736850164,9.86604836216048],[77.76977264095709,9.873991158672073],[77.77434381170511,9.862998770526108],[77.80016377709947,9.86042015438554],[77.80256470525765,9.886947015327243],[77.81710259784472,9.888215792032858],[77.84303518502625,9.87785765525562],[77.85865422251565,9.856477725977914],[77.86807441203077,9.856178211444139],[77.88119182650685,9.864834309223884],[77.87637679819345,9.877282061537537],[77.88885890074438,9.887728849038048],[77.88379888568338,9.902013719123023],[77.88725945577092,9.910132473197093],[77.89961058664838,9.915683149127581],[77.92965395799482,9.903456647541057],[77.94657277415702,9.90411372026999],[77.96310083035713,9.926988234572146],[77.95359273530156,9.938938094309378],[77.95817414774216,9.95356985207324],[77.96365671234653,9.960145820624053],[77.97786752294877,9.95290016409901],[77.97975091370543,9.968129084650155],[77.90127381380366,10.025881643091347],[77.86460806038606,10.073690315489417],[77.84897132428893,10.075416028837033]]]}},{"type":"Feature","properties":{"id":"t:05839","name":"Peraiyur","taluk":"Peraiyur","district":"Madurai","state":"Tamil Nadu","sdtcode":"05839","dtcode":"623"},"geometry":{"type":"Polygon","coordinates":[[[77.70357775767572,9.932613778809824],[77.68885838114674,9.925302559776776],[77.67897492684635,9.932939255053245],[77.66735051506741,9.91336288135116],[77.65404722388773,9.918657669049589],[77.64477658679942,9.888357267813136],[77.61840438927065,9.858517563592914],[77.61726988264381,9.839043156019445],[77.62557026825837,9.835142118608623],[77.61199334305662,9.799244220603185],[77.55857673507876,9.732932513474024],[77.52718895136628,9.66323277200323],[77.5035579377742,9.650296973522316],[77.50619980756632,9.63857613566603],[77.46425111765836,9.579934170145574],[77.47534586747437,9.563182175482298],[77.49822266813032,9.575511822227607],[77.49976959399906,9.596401443845954],[77.51397604956877,9.610917529441519],[77.51936119547385,9.636460479896272],[77.5372669556044,9.65987322802533],[77.54736731082511,9.658709507083486],[77.5432294667089,9.645286947338933],[77.55181685507358,9.64446626844249],[77.57604406884161,9.669013056335944],[77.5858941022202,9.66694857338708],[77.60545963458546,9.695217573608458],[77.62868729024193,9.704765871644934],[77.63199058688281,9.700941486534093],[77.64392836516879,9.706546699433147],[77.65656995641189,9.679874711671838],[77.66834238090523,9.677337579147647],[77.67765107332391,9.682860538418412],[77.68114458822622,9.67677085394416],[77.69362293132767,9.697504544540436],[77.70767286174735,9.691050839927431],[77.70992260973142,9.705516072277048],[77.7257157937235,9.69284547365946],[77.7599243718697,9.682833804637093],[77.77347749081814,9.641782623860543],[77.79088926647565,9.639206338235745],[77.79464063649202,9.648836085976527],[77.80849599092284,9.639951827501179],[77.8417742063872,9.635441106063661],[77.84586357920733,9.650648717320054],[77.89133286463013,9.642440916865128],[77.89239030838199,9.654836266415293],[77.88115166462711,9.6711873417265],[77.89382746730952,9.697144095918214],[77.88778627007433,9.709001682250035],[77.91842425696862,9.714817580225608],[77.92343087706746,9.707900550601785],[77.93382393484877,9.707492233196145],[77.94132472643565,9.736413401114707],[77.90866259535609,9.745309580789977],[77.91560516843553,9.791059975697504],[77.88850533103508,9.796796633494463],[77.86969219611076,9.773613969274296],[77.81316584519811,9.789144418308371],[77.81334447070078,9.806661149794001],[77.82148727564483,9.816816292688197],[77.85892550384997,9.816487712401491],[77.84130672580828,9.833362450685957],[77.85236918208817,9.840417157196772],[77.85878072417228,9.855486222995468],[77.84303518502625,9.87785765525562],[77.80746045348751,9.889041098565766],[77.80050574955845,9.879844831708398],[77.80016377709947,9.86042015438554],[77.77434381170511,9.862998770526108],[77.76977264095709,9.873991158672073],[77.75596736850164,9.86604836216048],[77.74048654490358,9.905878568373728],[77.74440944552849,9.911848806647914],[77.72747854792405,9.91799303575961],[77.72492440400933,9.93004983862868],[77.70357775767572,9.932613778809824]]]}},{"type":"Feature","properties":{"id":"t:05840","name":"Thirumangalam","taluk":"Thirumangalam","district":"Madurai","state":"Tamil Nadu","sdtcode":"05840","dtcode":"623"},"geometry":{"type":"Polygon","coordinates":[[[77.98029806496861,9.967988786446226],[77.97786752294877,9.95290016409901],[77.96365671234653,9.960145820624053],[77.95527748339613,9.948462374304295],[77.95443998495503,9.93543001288869],[77.96310083035713,9.926988234572146],[77.94657277415702,9.90411372026999],[77.92965395799482,9.903456647541057],[77.89961058664838,9.915683149127581],[77.88725945577092,9.910132473197093],[77.88379888568338,9.902013719123023],[77.88885890074438,9.887728849038048],[77.87637679819345,9.877282061537537],[77.88119182650685,9.864834309223884],[77.85865422251565,9.856477725977914],[77.85444083277896,9.84314341517706],[77.84130672580828,9.833362450685957],[77.85892550384997,9.816487712401491],[77.82148727564483,9.816816292688197],[77.81334447070078,9.806661149794001],[77.81316584519811,9.789144418308371],[77.86969219611076,9.773613969274296],[77.88850533103508,9.796796633494463],[77.91560516843553,9.791059975697504],[77.90866259535609,9.745309580789977],[77.94132472643565,9.736413401114707],[77.93315406473465,9.707004118189301],[77.91842425696862,9.714817580225608],[77.88778627007433,9.709001682250035],[77.89382746730952,9.697144095918214],[77.88115166462711,9.6711873417265],[77.90060677158607,9.626564265700765],[77.9105339262301,9.638312493761626],[77.92151707744006,9.637958750612816],[77.92308091589065,9.647650648044994],[77.93434712804327,9.649222219392893],[77.9622129939208,9.646278357379224],[77.96390432756469,9.633263258142406],[77.97519154232866,9.629698136933388],[77.99625456088266,9.640201998578389],[78.00061304201247,9.650444806389473],[78.01448853038373,9.639555225043564],[78.03921468283365,9.678190782226332],[78.05757162540893,9.67409500017841],[78.05919143968147,9.661853674550581],[78.07609807558673,9.660563849078038],[78.08176503018292,9.663281617353075],[78.07995004883009,9.676621474102673],[78.08702504166727,9.680184652573638],[78.08489581256,9.692643013962648],[78.0762110620899,9.69689104510925],[78.07985903511874,9.708382874342428],[78.0679368470945,9.723484079566985],[78.07123386720647,9.735708197404428],[78.06133537151497,9.741632750825167],[78.06702942289341,9.75303916234243],[78.07808073736885,9.749090040311081],[78.08496817005953,9.76752184501993],[78.06117437544974,9.7708223498046],[78.06441115364045,9.78904524885328],[78.04773390793288,9.794981611833396],[78.04906878558045,9.816680431791012],[78.03484175320082,9.823593111698939],[78.04062891855175,9.846626638472271],[78.02193923101207,9.849116510613921],[78.02328678388834,9.854695206333142],[78.01751068847668,9.856537710631173],[78.02177721715564,9.871334744533366],[78.00576547305498,9.876369501441152],[78.00998933624955,9.882206997089101],[77.99600395607123,9.883636053667429],[77.99846162451767,9.897341323698805],[77.9903592599311,9.9075151761243],[77.99264682339539,9.917332910531247],[78.00070783403785,9.917635151449076],[78.00347254754676,9.925108627082258],[77.99555185015839,9.932159101497447],[78.00806199990915,9.955506022405565],[77.98029806496861,9.967988786446226]]]}},{"type":"Feature","properties":{"id":"t:05841","name":"Madurai South","taluk":"Madurai South","district":"Madurai","state":"Tamil Nadu","sdtcode":"05841","dtcode":"623"},"geometry":{"type":"Polygon","coordinates":[[[78.00414785695993,9.984706788200032],[77.98884436439218,9.984088020929725],[77.98440150001616,9.96638728329771],[78.00806199990915,9.955506022405565],[77.99555185015839,9.932159101497447],[78.00347254754676,9.925108627082258],[78.00070783403785,9.917635151449076],[77.99264682339539,9.917332910531247],[77.99038075571755,9.90373604088618],[77.99846162451767,9.897341323698805],[77.99600395607123,9.883636053667429],[78.00998933624955,9.882206997089101],[78.00576547305498,9.876369501441152],[78.02177721715564,9.871334744533366],[78.01751068847668,9.856537710631173],[78.02328678388834,9.854695206333142],[78.02193923101207,9.849116510613921],[78.04062891855175,9.846626638472271],[78.03484175320082,9.823593111698939],[78.04906878558045,9.816680431791012],[78.04773390793288,9.794981611833396],[78.06441115364045,9.78904524885328],[78.06117437544974,9.7708223498046],[78.08496817005953,9.76752184501993],[78.08230797553391,9.758534682626111],[78.10097397988945,9.755223258607804],[78.10422221878652,9.768319494398813],[78.08790167341705,9.779027007255962],[78.104458007684,9.78652365460373],[78.12556817790893,9.771227156622823],[78.12517630403592,9.765653362318206],[78.13692918208696,9.761833397880775],[78.14545707862364,9.789313855963098],[78.14080027147959,9.809267612764764],[78.17219241381781,9.797041754893693],[78.15985738254686,9.774661851769526],[78.1765139265787,9.772747412692567],[78.19336440699891,9.806716913167786],[78.18113844467818,9.821727047754027],[78.16898823189548,9.831018291983957],[78.15165356852029,9.827796311376735],[78.15294299770271,9.821779406079441],[78.14223593022056,9.812354746661045],[78.12775584422204,9.814226796718076],[78.13230033141288,9.833307537088357],[78.12492967337128,9.854735100437775],[78.15076191334568,9.85231112145499],[78.15120588231866,9.874805542746277],[78.1809454075034,9.867876537273947],[78.20124535663089,9.870788588363745],[78.1860078354393,9.881274491492764],[78.17606787441258,9.899728673477837],[78.14835018564115,9.9158469177586],[78.14929136942895,9.945089917229172],[78.12759208763396,9.95537458435935],[78.13261201986697,9.934526032048238],[78.1254627399491,9.930751403450701],[78.12010063403443,9.943734153651642],[78.11811283838047,9.935104459487379],[78.07465878405873,9.947884074023882],[78.05733811823227,9.962260410183411],[78.0352807958128,9.96657192453111],[78.00414785695993,9.984706788200032]]]}},{"type":"Feature","properties":{"id":"t:05842","name":"Bodinayakanur","taluk":"Bodinayakanur","district":"Theni","state":"Tamil Nadu","sdtcode":"05842","dtcode":"624"},"geometry":{"type":"Polygon","coordinates":[[[77.39705474758249,10.161472400209435],[77.37259912906859,10.139218678521729],[77.36003381916618,10.150957676800761],[77.34293510009697,10.136314963017593],[77.33118625907478,10.142678172330795],[77.32413984164681,10.127492897797065],[77.31715367871651,10.135058827679046],[77.29952961768265,10.134702393609288],[77.28230262458075,10.118098322308867],[77.23853582179285,10.130844223014716],[77.2163547762059,10.116430585843096],[77.20750044626803,10.119140602793522],[77.20118377975268,10.107203461404458],[77.20404877309507,10.088492743930303],[77.23162566531873,10.066876466631822],[77.26389717657342,10.029307110386844],[77.25472824853821,10.01244661221902],[77.26492640783546,10.004276030240817],[77.26102916309506,9.991828232158129],[77.2726035432042,9.976435396349874],[77.26743784135002,9.960164529215156],[77.3216652076179,9.950084171679503],[77.33405601528482,9.933938990484501],[77.33358840534851,9.918741014024976],[77.34805545050406,9.913078523933386],[77.35159425217473,9.901913229617806],[77.3722556097107,9.914503903018252],[77.38930222559512,9.905896896896573],[77.38786574759058,9.895721322639522],[77.40177698891017,9.919602461287585],[77.40990977674048,9.955810939039013],[77.42224072427014,9.96504942994838],[77.44149766826732,9.966999303409542],[77.43482302580618,9.999452877960145],[77.45289134237561,9.999652840595576],[77.47164193838648,10.009211951527877],[77.45363564509752,10.022976705416214],[77.45075081785198,10.032284955884677],[77.4325956647373,10.041623070297005],[77.42144676537426,10.061329310907881],[77.41902840720462,10.08955076583142],[77.42156529538104,10.093948849166406],[77.43238980051859,10.091329974060146],[77.4580551038688,10.07826534785815],[77.45617575103931,10.05953305193194],[77.46963576320181,10.05887422041348],[77.48118311390238,10.067880143472962],[77.48126157455593,10.08490410580784],[77.50151078054795,10.100941009684727],[77.49511353604991,10.118007225089956],[77.48408095054987,10.12712860167493],[77.47633313483625,10.123152983138079],[77.4719327724513,10.130255836657424],[77.42807241821137,10.136796825191867],[77.41281681662807,10.144094652195458],[77.4087622652033,10.158646294963859],[77.39705474758249,10.161472400209435]]]}},{"type":"Feature","properties":{"id":"t:05843","name":"Periyakulam","taluk":"Periyakulam","district":"Theni","state":"Tamil Nadu","sdtcode":"05843","dtcode":"624"},"geometry":{"type":"Polygon","coordinates":[[[77.62242453701668,10.218795009261743],[77.59571569224195,10.205883022867418],[77.6029399536383,10.200052735709438],[77.59825397190875,10.194401426628295],[77.59182475996302,10.191403672144563],[77.58898136840828,10.196850447551245],[77.56968199248864,10.181360903412104],[77.56675430572261,10.195463729820816],[77.54812095872093,10.204084923959028],[77.55123144725742,10.191921174958791],[77.54439117522084,10.19261115117447],[77.54616411541842,10.182937874459325],[77.53799498983652,10.187804137202292],[77.53673793054706,10.179712300276114],[77.52308675779042,10.176231516353711],[77.52754059688424,10.174031525785676],[77.51173962899027,10.160989274485555],[77.4999497340613,10.161057117607253],[77.48890142355216,10.148472153523764],[77.48478798217066,10.15416510037146],[77.46871089731113,10.142479778609593],[77.46523399046183,10.129041678088283],[77.49117822969092,10.122944885065031],[77.50146957572417,10.101302643424523],[77.48126157455593,10.08490410580784],[77.4789277056337,10.066019333018724],[77.5074100942739,10.048786433698305],[77.5050487279208,10.033085998532798],[77.49632854609926,10.022905734415442],[77.4989253716681,10.01665175525612],[77.51625858156915,10.008471617039056],[77.53101050675582,10.013200225697332],[77.54737086905195,10.044065929383157],[77.57767628256003,10.061209084287212],[77.60427415395615,10.044450354436217],[77.6257930351775,10.049663496440632],[77.63320461597183,10.043343862622647],[77.64945138540197,10.049057203812854],[77.6781366899901,10.081890854564765],[77.69686739640227,10.0867605894267],[77.70175983434031,10.097273917106849],[77.69647096537581,10.109634103186098],[77.66856263703313,10.122458489328649],[77.67541098761906,10.126702318682819],[77.67631250449884,10.144720657446967],[77.6920439634511,10.145454911050823],[77.70779850281794,10.128992652584596],[77.72167367049067,10.13411972514393],[77.72881696762879,10.130135174175283],[77.72385801483387,10.14626061880817],[77.72921404095067,10.15915622085385],[77.71217541288578,10.17010447358437],[77.70120765610483,10.195254128038458],[77.70996267099986,10.20639033676979],[77.70647411569627,10.215947658617512],[77.69314507520724,10.197001057614909],[77.68142300487887,10.201573184843278],[77.66436415483858,10.188873095269724],[77.64520011370978,10.204559989452179],[77.63198027332503,10.206391090023162],[77.62242453701668,10.218795009261743]]]}},{"type":"Feature","properties":{"id":"t:05844","name":"Theni","taluk":"Theni","district":"Theni","state":"Tamil Nadu","sdtcode":"05844","dtcode":"624"},"geometry":{"type":"Polygon","coordinates":[[[77.42213092409128,10.093777000125575],[77.42144676537426,10.061329310907881],[77.4325956647373,10.041623070297005],[77.45075081785198,10.032284955884677],[77.45363564509752,10.022976705416214],[77.47164193838648,10.009211951527877],[77.45289134237561,9.999652840595576],[77.43482302580618,9.999452877960145],[77.44149766826732,9.966999303409542],[77.42224072427014,9.96504942994838],[77.40990977674048,9.955810939039013],[77.38110904492657,9.870899304020828],[77.41133162118905,9.861083895168493],[77.41585213503988,9.887053708651523],[77.4440464842741,9.876715652242872],[77.4675382994213,9.88008266376693],[77.4886567000109,9.846240613162042],[77.49161708096175,9.852342367859121],[77.48418466913425,9.859301755329621],[77.49090442498894,9.874307705806142],[77.49917527759023,9.878083943069868],[77.49515381920222,9.889119870468706],[77.51121313808035,9.922023191264516],[77.50408055694527,9.951444387760914],[77.50980166019016,9.955148772835392],[77.50831321464646,9.998485992199456],[77.51625858156915,10.008471617039056],[77.49632854609926,10.022905734415442],[77.5050487279208,10.033085998532798],[77.5074100942739,10.048786433698305],[77.4789277056337,10.066019333018724],[77.46963576320181,10.05887422041348],[77.45617575103931,10.05953305193194],[77.4580551038688,10.07826534785815],[77.42213092409128,10.093777000125575]]]}},{"type":"Feature","properties":{"id":"t:05845","name":"Uthamapalayam","taluk":"Uthamapalayam","district":"Theni","state":"Tamil Nadu","sdtcode":"05845","dtcode":"624"},"geometry":{"type":"Polygon","coordinates":[[[77.26748444145537,9.960145564923765],[77.26094725111419,9.952586012778896],[77.24664028035235,9.952017253500593],[77.23015827359035,9.913083174101168],[77.21834773088456,9.904908889650608],[77.2208404632715,9.88509490924173],[77.21254148352037,9.877498074020313],[77.22142250599859,9.863744458719104],[77.23640510866876,9.860214044099514],[77.23728223269532,9.851990989022642],[77.22303085327657,9.845490259054234],[77.22762359796444,9.838703617219252],[77.22187122885606,9.823059737693281],[77.24128353737993,9.816212454937975],[77.24679666985682,9.798458529415488],[77.22278883815588,9.788367107662763],[77.23252664770092,9.7691431251048],[77.22020175301967,9.745111638041148],[77.22387498757261,9.730446063265012],[77.20352284722546,9.722183018721177],[77.20668323358272,9.694728998866912],[77.18111262254492,9.65928355901443],[77.1762245935383,9.629552544544696],[77.16582739901511,9.61294070080325],[77.18860863599281,9.606208400267521],[77.19813035040642,9.614461237752677],[77.20888475551077,9.61355033919148],[77.20980157878468,9.605061131724046],[77.23424929302239,9.58164807205294],[77.25299506418183,9.583071782283131],[77.26964118955304,9.572874617524327],[77.30373577059137,9.598845471316883],[77.32839589956285,9.600197160225763],[77.32531294708474,9.58013422612942],[77.33942423962488,9.573424915282233],[77.35987439964428,9.614535212083005],[77.37793559706508,9.632577368977927],[77.37204518923686,9.65169024805272],[77.38158517987492,9.66705506988884],[77.37297652209926,9.665611622721459],[77.36967579464012,9.673863530351237],[77.38890215729008,9.68444624189788],[77.38872950648236,9.697293577311541],[77.41915530861156,9.727402910390191],[77.41929025802509,9.7490878968969],[77.43424052673492,9.769531463180087],[77.43181318810738,9.78003752710798],[77.43485209888205,9.774915273009485],[77.43904724742856,9.788033154999521],[77.4511208402057,9.791859748914675],[77.45130495261816,9.799770596435204],[77.4411678904383,9.79545552041408],[77.44158456230474,9.805432229620811],[77.46901405626166,9.842385846713439],[77.48485426975377,9.853315795773485],[77.4675382994213,9.88008266376693],[77.4440464842741,9.876715652242872],[77.41585213503988,9.887053708651523],[77.41133162118905,9.861083895168493],[77.38178828446908,9.870542194119674],[77.38930222559512,9.905896896896573],[77.3722556097107,9.914503903018252],[77.35159425217473,9.901913229617806],[77.34805545050406,9.913078523933386],[77.33358840534851,9.918741014024976],[77.33405601528482,9.933938990484501],[77.3216652076179,9.950084171679503],[77.26748444145537,9.960145564923765]]]}},{"type":"Feature","properties":{"id":"t:05846","name":"Andipatti","taluk":"Andipatti","district":"Theni","state":"Tamil Nadu","sdtcode":"05846","dtcode":"624"},"geometry":{"type":"Polygon","coordinates":[[[77.69800779507906,10.086845812266684],[77.6781366899901,10.081890854564765],[77.65939063586133,10.05595464563926],[77.63355581951868,10.043393619418207],[77.6257930351775,10.049663496440632],[77.60427415395615,10.044450354436217],[77.57767628256003,10.061209084287212],[77.54737086905195,10.044065929383157],[77.53282974702144,10.014710590485903],[77.50902913419864,10.000161862701274],[77.50980166019016,9.955148772835392],[77.50408055694527,9.951444387760914],[77.51121313808035,9.922023191264516],[77.49515381920222,9.889119870468706],[77.49917527759023,9.878083943069868],[77.49090442498894,9.874307705806142],[77.48418466913425,9.859301755329621],[77.49141176920693,9.85175926489777],[77.4886567000109,9.846240613162042],[77.48485426975377,9.853315795773485],[77.46901405626166,9.842385846713439],[77.44312106591951,9.80807639787846],[77.4411678904383,9.79545552041408],[77.45130495261816,9.799770596435204],[77.4511208402057,9.791859748914675],[77.43904724742856,9.788033154999521],[77.43485209888205,9.774915273009485],[77.43181318810738,9.78003752710798],[77.43424052673492,9.769531463180087],[77.41929025802509,9.7490878968969],[77.41915530861156,9.727402910390191],[77.38872950648236,9.697293577311541],[77.38890215729008,9.68444624189788],[77.36922472807807,9.672796632754327],[77.37297652209926,9.665611622721459],[77.38158517987492,9.66705506988884],[77.37204518923686,9.65169024805272],[77.37793559706508,9.632577368977927],[77.35451365018567,9.604173720301414],[77.36607000559869,9.59605996694169],[77.35740206979406,9.59453601959261],[77.35981705119654,9.57748452953592],[77.35018936881708,9.567185999084963],[77.3650102397018,9.552834034276177],[77.36554367548717,9.535104327556963],[77.3851030741557,9.519336810032256],[77.40239447107355,9.525158662527906],[77.4277949331117,9.546619439512856],[77.45581597576802,9.541687058351533],[77.47721909469196,9.552296095491663],[77.47350825216962,9.571740185857774],[77.46425111765836,9.579934170145574],[77.50619980756632,9.63857613566603],[77.5035579377742,9.650296973522316],[77.52718895136628,9.66323277200323],[77.55857673507876,9.732932513474024],[77.61199334305662,9.799244220603185],[77.62557026825837,9.835142118608623],[77.61726988264381,9.839043156019445],[77.61840438927065,9.858517563592914],[77.64477658679942,9.888357267813136],[77.65404722388773,9.918657669049589],[77.66735051506741,9.91336288135116],[77.67897492684635,9.932939255053245],[77.67312465933831,9.961898290263173],[77.69183045546764,9.968192341935751],[77.69785130047171,10.017403123531126],[77.70147615086516,10.014079369914079],[77.7124839320836,10.025952195910666],[77.70623887117786,10.038312883987953],[77.71252624542842,10.04797574865758],[77.7088309311841,10.080334452245022],[77.69800779507906,10.086845812266684]]]}},{"type":"Feature","properties":{"id":"t:05847","name":"Rajapalayam","taluk":"Rajapalayam","district":"Virudhunagar","state":"Tamil Nadu","sdtcode":"05847","dtcode":"625"},"geometry":{"type":"Polygon","coordinates":[[[77.47135620405754,9.513691864325361],[77.45328083211986,9.507525490095274],[77.47148342795964,9.496061341654627],[77.4627904174805,9.49500115366267],[77.46761551411156,9.4886756689345],[77.45427316867489,9.48555048071268],[77.45173316603935,9.49288957038329],[77.44459762136216,9.486190334899641],[77.40765698436591,9.505348625201922],[77.39905291787967,9.496191678372629],[77.40200397431785,9.477728363778697],[77.39152665096964,9.468850659858653],[77.39253670769193,9.459456056981326],[77.37711998338096,9.452883276506926],[77.36192190362023,9.457349167603372],[77.33929727982746,9.420242022398956],[77.3890057563985,9.392343028896793],[77.41967022383072,9.399375059673297],[77.43390841957437,9.390987433534422],[77.450432984023,9.370045002395315],[77.43842017664784,9.368202751138181],[77.44131718684527,9.354378167450376],[77.46796088310064,9.34675985874844],[77.45897358812769,9.336373532599326],[77.46414234425386,9.32946933995185],[77.47143339449326,9.328495615221023],[77.47464554537045,9.340854201611032],[77.50653004802768,9.33202988651098],[77.52204944977566,9.335068341339564],[77.5275026780978,9.349052322103063],[77.51899324463517,9.356852371951975],[77.5292427722953,9.360449267057191],[77.53297102596449,9.376191150717839],[77.55462148342546,9.370387483466098],[77.54974788944715,9.3632754154224],[77.56029174292364,9.353562855561263],[77.57477972601183,9.354229972660523],[77.57294259040744,9.343131504783612],[77.58948693755524,9.347672489667191],[77.59087394264213,9.315485666720368],[77.58554991182076,9.30872213441901],[77.60407296906175,9.307069459208517],[77.6033042438422,9.301255801089699],[77.62481245577291,9.292934346062484],[77.63966676015588,9.297310280237674],[77.63985385048349,9.311645232660497],[77.64706778035574,9.317874445080559],[77.62579980937304,9.33723214702147],[77.6539178125879,9.324103498514996],[77.64991592848992,9.373523388390167],[77.67371485158164,9.383177305752886],[77.67466313295851,9.393827769591075],[77.665254094231,9.397838668588344],[77.66622567610969,9.41481801340818],[77.64370909179785,9.416451547274672],[77.64374593979248,9.425036168829784],[77.62044095895295,9.430348035805121],[77.59230065865447,9.43124118120234],[77.59352538488191,9.44669439947313],[77.61311481423036,9.451716680159738],[77.60397154477458,9.465074531829234],[77.60744063358598,9.473266129357214],[77.58985034202028,9.482635715485223],[77.57462296460487,9.488121680646458],[77.55355937651899,9.485030058324234],[77.5490542535039,9.49305768614892],[77.53473241292919,9.496815144660896],[77.53003373261477,9.512826717113937],[77.52881541676521,9.506996551413133],[77.52055157371808,9.511049735421384],[77.53028104510071,9.501583292610555],[77.52778834056153,9.496293377587952],[77.51802636813194,9.509750078986185],[77.5001469870297,9.51207820668634],[77.48979133869007,9.503998953631754],[77.47135620405754,9.513691864325361]]]}},{"type":"Feature","properties":{"id":"t:05848","name":"Srivilliputhur","taluk":"Srivilliputhur","district":"Virudhunagar","state":"Tamil Nadu","sdtcode":"05848","dtcode":"625"},"geometry":{"type":"Polygon","coordinates":[[[77.64385089266207,9.706252867197021],[77.60545963458546,9.695217573608458],[77.5858941022202,9.66694857338708],[77.57604406884161,9.669013056335944],[77.55181685507358,9.64446626844249],[77.5432294667089,9.645286947338933],[77.54736731082511,9.658709507083486],[77.5372669556044,9.65987322802533],[77.51936119547385,9.636460479896272],[77.51397604956877,9.610917529441519],[77.49976959399906,9.596401443845954],[77.49822266813032,9.575511822227607],[77.47534586747437,9.563182175482298],[77.47721909469196,9.552296095491663],[77.45581597576802,9.541687058351533],[77.4277949331117,9.546619439512856],[77.40034025398745,9.517961914005753],[77.42975739088473,9.493197802049586],[77.44497096927907,9.486137296185477],[77.45138335937278,9.49303267221803],[77.45427316867489,9.48555048071268],[77.46761551411156,9.4886756689345],[77.4627904174805,9.49500115366267],[77.47148342795964,9.496061341654627],[77.45252897097316,9.505251786514895],[77.4543330907959,9.50908939443204],[77.47135620405754,9.513691864325361],[77.49270108250666,9.503857893260147],[77.5001469870297,9.51207820668634],[77.51605589648824,9.510165308153674],[77.52778834056153,9.496293377587952],[77.53028104510071,9.501583292610555],[77.52055157371808,9.511049735421384],[77.52881541676521,9.506996551413133],[77.53003373261477,9.512826717113937],[77.53473241292919,9.496815144660896],[77.5490542535039,9.49305768614892],[77.55355937651899,9.485030058324234],[77.57515577246785,9.488081085583984],[77.60744063358598,9.473266129357214],[77.60397154477458,9.465074531829234],[77.61302836216403,9.451391201019238],[77.59352538488191,9.44669439947313],[77.59230065865447,9.43124118120234],[77.62044095895295,9.430348035805121],[77.64374593979248,9.425036168829784],[77.64370909179785,9.416451547274672],[77.66622567610969,9.41481801340818],[77.67287502919892,9.435526264037428],[77.68087459507599,9.437640842320041],[77.68625357494493,9.450125942109807],[77.70333318774635,9.457089038814484],[77.69834291069746,9.478246532495888],[77.71945342857043,9.483209901917702],[77.72645962033832,9.493885738199046],[77.7208568126399,9.520034511653376],[77.7233012884281,9.549083158321222],[77.72607209970114,9.555375056274086],[77.73073745970505,9.545979973062838],[77.73753604003096,9.557392411937945],[77.74477194179678,9.554492416391811],[77.7327266845786,9.572329848085849],[77.73244873145666,9.586682751403384],[77.74192682457839,9.59910235304961],[77.75149788524716,9.590466733991958],[77.75973640478641,9.593778756875635],[77.77041265017282,9.58027483861776],[77.77901133305558,9.582189658986776],[77.77155063597473,9.597249944593088],[77.76944023016597,9.630818992257327],[77.77379737280597,9.638500796523658],[77.77748904078858,9.632525735579739],[77.79088926647565,9.639206338235745],[77.77253416993831,9.64286726489224],[77.7596964962316,9.68304167102102],[77.7257157937235,9.69284547365946],[77.70986337751656,9.705516084673476],[77.70754070789096,9.690946897720066],[77.69939001753536,9.69226411441285],[77.697455130855,9.699388883893478],[77.68339997044374,9.677823801552043],[77.67765107332391,9.682860538418412],[77.66834238090523,9.677337579147647],[77.65072939160724,9.683328812264264],[77.64385089266207,9.706252867197021]]]}},{"type":"Feature","properties":{"id":"t:05849","name":"Sivakasi","taluk":"Sivakasi","district":"Virudhunagar","state":"Tamil Nadu","sdtcode":"05849","dtcode":"625"},"geometry":{"type":"Polygon","coordinates":[[[77.79516618417088,9.648512044767584],[77.79088926647565,9.639206338235745],[77.77748904078858,9.632525735579739],[77.77379737280597,9.638500796523658],[77.76944023016597,9.630818992257327],[77.77155063597473,9.597249944593088],[77.77901133305558,9.582189658986776],[77.77041265017282,9.58027483861776],[77.75973640478641,9.593778756875635],[77.75149788524716,9.590466733991958],[77.74192682457839,9.59910235304961],[77.73139592480828,9.584531266567012],[77.74477194179678,9.554492416391811],[77.73753604003096,9.557392411937945],[77.73073745970505,9.545979973062838],[77.72607209970114,9.555375056274086],[77.7208568126399,9.520034511653376],[77.72645962033832,9.493885738199046],[77.71945342857043,9.483209901917702],[77.69834291069746,9.478246532495888],[77.70333318774635,9.457089038814484],[77.68625357494493,9.450125942109807],[77.68087459507599,9.437640842320041],[77.67239230331133,9.434680948030344],[77.66420322884196,9.404357521518314],[77.67466313295851,9.393827769591075],[77.67325486385052,9.381554500382052],[77.64991592848992,9.373523388390167],[77.65317135929917,9.322688549865461],[77.62579980937304,9.33723214702147],[77.64706778035574,9.317874445080559],[77.63985385048349,9.311645232660497],[77.64318934364243,9.301582147139511],[77.63319062111802,9.293503982539182],[77.65316844157113,9.284018948621139],[77.7155391338059,9.292277835216767],[77.71945181250125,9.305499706788378],[77.70629807285003,9.300349271162794],[77.70355964584297,9.306253784942053],[77.71612399275145,9.319342730181196],[77.71945323633095,9.310847683406086],[77.73464911791419,9.309514495503949],[77.72955973782483,9.320903434416724],[77.73655656465587,9.325874155683687],[77.74658742261292,9.325215476411497],[77.74983669996251,9.313886361656232],[77.75999351429883,9.318139342059382],[77.76072477438112,9.30887679595769],[77.77017015445344,9.30288546984061],[77.78119129182353,9.308290879364135],[77.78863872797413,9.301019155754489],[77.85136009105479,9.310405622108739],[77.84198777276116,9.325829181163288],[77.84346564782894,9.339508804635278],[77.85274648169401,9.335106544204347],[77.87135726301578,9.342006010577899],[77.87199404188975,9.372723760585563],[77.88387458222078,9.37121847576935],[77.89631549791427,9.380449270063565],[77.8928291362966,9.391515913258097],[77.85349799878598,9.39505023146317],[77.86152192068535,9.43256288667239],[77.84913363548772,9.4365808320766],[77.8471876474271,9.459314825883979],[77.85869306656683,9.463171807393236],[77.86391466429296,9.485436085885702],[77.84625572706649,9.494141492338207],[77.84999742941378,9.510827548160158],[77.81581289826941,9.507943281544637],[77.79654775445033,9.520447673827867],[77.80661149164509,9.544372911071505],[77.81422581052098,9.54602897529923],[77.80748135818249,9.566768070269136],[77.81844358403623,9.569401175865897],[77.81591291040492,9.585701925231245],[77.83049600352216,9.594646029674207],[77.8421887420599,9.635513480758796],[77.80849599092284,9.639951827501179],[77.79516618417088,9.648512044767584]]]}},{"type":"Feature","properties":{"id":"t:05850","name":"Virudhunagar","taluk":"Virudhunagar","district":"Virudhunagar","state":"Tamil Nadu","sdtcode":"05850","dtcode":"625"},"geometry":{"type":"Polygon","coordinates":[[[77.84615926597131,9.650586569270956],[77.83049600352216,9.594646029674207],[77.81591291040492,9.585701925231245],[77.81698194242398,9.56733048531162],[77.80748135818249,9.566768070269136],[77.81422581052098,9.54602897529923],[77.80661149164509,9.544372911071505],[77.79654775445033,9.520447673827867],[77.81581289826941,9.507943281544637],[77.84999742941378,9.510827548160158],[77.84625572706649,9.494141492338207],[77.86391466429296,9.485436085885702],[77.85869306656683,9.463171807393236],[77.84769742068957,9.46135366971962],[77.84913363548772,9.4365808320766],[77.88525506374208,9.423770756459101],[77.89523536271834,9.442390907614541],[77.91539134514342,9.446901053598715],[77.91491166005306,9.432001151455811],[77.92604296321633,9.431366999982172],[77.94367180508414,9.411573006305563],[77.94645790029341,9.434320245467774],[77.96104498911704,9.43466981603948],[77.97249764930184,9.427171829916352],[77.96648131923037,9.418340068608178],[77.97278370522763,9.407886807726147],[78.00656779885942,9.40628149902113],[78.01247663832059,9.39287537158056],[78.02023396000654,9.391670869468756],[78.02824688113691,9.403960321058126],[78.02605714151215,9.451200075322134],[78.01172596025512,9.46020056901922],[78.00044841944845,9.45896245189442],[77.99537593577125,9.47064881063161],[77.98261408077286,9.47338320326929],[78.00976805065235,9.500718004915543],[78.02691381359466,9.49594974922854],[78.0290320581026,9.503318656399781],[78.03852667124238,9.502417095380544],[78.04299217765511,9.527891775620013],[78.01003525183866,9.52726721517483],[78.00929002564862,9.535643593985943],[77.98937919346456,9.539951566120479],[77.98163501592785,9.532942477374997],[77.97792920936098,9.536984937116493],[77.96853569531824,9.508806082650878],[77.94146814516571,9.507803770597773],[77.96425164230469,9.512771698855872],[77.95986399287762,9.5218726774109],[77.94371178370753,9.524348747684218],[77.94117791836204,9.538652346576372],[77.94833860149416,9.546340541301754],[77.96096316696772,9.547364019759565],[77.9698555216932,9.573278333174553],[77.97876378378582,9.571576185351073],[77.98280886606919,9.60298394500328],[77.99412835460635,9.617269910936981],[78.0051026690889,9.618558482200953],[78.01091193119916,9.640923749040368],[78.00442894340559,9.642453861146672],[78.00649967242488,9.64818667394796],[78.00061304201247,9.650444806389473],[77.99625456088266,9.640201998578389],[77.97519154232866,9.629698136933388],[77.96390432756469,9.633263258142406],[77.9644811519783,9.644297805996503],[77.95373580728193,9.649417536259428],[77.92308091589065,9.647650648044994],[77.92151707744006,9.637958750612816],[77.9105339262301,9.638312493761626],[77.90060677158607,9.626564265700765],[77.89133286463013,9.642440916865128],[77.84615926597131,9.650586569270956]]]}},{"type":"Feature","properties":{"id":"t:05851","name":"Kariapatti","taluk":"Kariapatti","district":"Virudhunagar","state":"Tamil Nadu","sdtcode":"05851","dtcode":"625"},"geometry":{"type":"Polygon","coordinates":[[[78.10692817708596,9.786162174314972],[78.08798361683894,9.779474553377415],[78.10422221878652,9.768319494398813],[78.10097397988945,9.755223258607804],[78.08421735185682,9.75827274277855],[78.07808073736885,9.749090040311081],[78.06702942289341,9.75303916234243],[78.06133537151497,9.741632750825167],[78.07123386720647,9.735708197404428],[78.0679368470945,9.723484079566985],[78.07985903511874,9.708382874342428],[78.0762110620899,9.69689104510925],[78.0877535654812,9.683502792301361],[78.0851029919123,9.67560509805782],[78.07995004883009,9.676621474102673],[78.08176503018292,9.663281617353075],[78.05919143968147,9.661853674550581],[78.05757162540893,9.67409500017841],[78.03921468283365,9.678190782226332],[78.03064100545517,9.659785191791771],[78.02573420704898,9.660620091148685],[78.01079383238371,9.640100918957154],[78.0051026690889,9.618558482200953],[77.99412835460635,9.617269910936981],[77.98237379580742,9.595398559677065],[78.00958883585484,9.594004346211081],[78.0075033277525,9.579094751487396],[78.00209647136363,9.580399226982552],[78.00260387576871,9.562818949869106],[78.05852046284294,9.554621102609127],[78.08163512570803,9.57869715027994],[78.11293437505933,9.58601896969407],[78.1396023150476,9.58176997529339],[78.13710686256195,9.597637253880318],[78.14207195803681,9.604924311550526],[78.13680194560844,9.60934100052847],[78.14197690370332,9.618472436837648],[78.15153334518918,9.613381824123609],[78.16483054938453,9.620884922609878],[78.1568970824444,9.588432364294636],[78.16938098611747,9.582314839424297],[78.18272218350722,9.585084252357717],[78.18661366825005,9.594848100031726],[78.20090641688431,9.593005600276353],[78.21380256552612,9.580494271861596],[78.22241829573798,9.590708588077744],[78.23645215978884,9.563716714072351],[78.24479361727649,9.570110667030423],[78.23848887050666,9.580166466124597],[78.24631437252603,9.595009520621966],[78.23913530716824,9.620756486492605],[78.25523214687917,9.62372269436175],[78.25975086859101,9.637109608961726],[78.25262483078443,9.64085914246568],[78.25659706508816,9.65411942979208],[78.24622858611134,9.661990696586425],[78.24770374916524,9.672143267827522],[78.21291625802239,9.677962383584045],[78.21573613976786,9.69400963513244],[78.20194570029437,9.69924302768149],[78.20213385961715,9.705395484398139],[78.19351829110202,9.707973896978078],[78.19548384087629,9.716485672232013],[78.18023905411067,9.724991369582357],[78.18487490805072,9.735053379168948],[78.17278788995162,9.750004509312177],[78.16398751911795,9.750729363876356],[78.16293140127944,9.757622765501603],[78.14734640904098,9.75012019579232],[78.1459697830889,9.743000000595384],[78.13960855115232,9.744609922257602],[78.13383052256614,9.748185809586724],[78.13692918208696,9.761833397880775],[78.12517630403592,9.765653362318206],[78.10692817708596,9.786162174314972]]]}},{"type":"Feature","properties":{"id":"t:05852","name":"Tiruchuli","taluk":"Tiruchuli","district":"Virudhunagar","state":"Tamil Nadu","sdtcode":"05852","dtcode":"625"},"geometry":{"type":"Polygon","coordinates":[[[78.21076419553727,9.782153177157346],[78.20420635202939,9.763678880583742],[78.19639626510026,9.767676659800598],[78.18294162396487,9.756906543650375],[78.17320897973265,9.760255416494177],[78.17213140024369,9.74821902595457],[78.18487490805072,9.735053379168948],[78.18023905411067,9.724991369582357],[78.19548384087629,9.716485672232013],[78.19351829110202,9.707973896978078],[78.21573613976786,9.69400963513244],[78.21291625802239,9.677962383584045],[78.24770374916524,9.672143267827522],[78.24622858611134,9.661990696586425],[78.25652862873487,9.654431235574448],[78.25241039663793,9.64174510520597],[78.25976452657659,9.637272395403658],[78.25858756467112,9.628850226824902],[78.23913530716824,9.620756486492605],[78.24631437252603,9.595009520621966],[78.23902378402066,9.572549120817433],[78.24479361727649,9.570110667030423],[78.23165662851038,9.564608722454757],[78.22241829573798,9.590708588077744],[78.21380256552612,9.580494271861596],[78.20639917826547,9.591218806477496],[78.18661366825005,9.594848100031726],[78.18272218350722,9.585084252357717],[78.1655596732731,9.582848727865018],[78.1568970824444,9.588432364294636],[78.16207249598514,9.599796644886577],[78.15711234034605,9.602120690845927],[78.16709443685119,9.619790690745292],[78.15153334518918,9.613381824123609],[78.14197690370332,9.618472436837648],[78.13680194560844,9.60934100052847],[78.14207195803681,9.604924311550526],[78.13710686256195,9.597637253880318],[78.1396023150476,9.58176997529339],[78.12462644345388,9.580409367466356],[78.1324695919787,9.574980204071856],[78.13347999724732,9.540867782570464],[78.17392056132036,9.538188878666807],[78.17416604124308,9.502114554751337],[78.19998606592625,9.499118013736618],[78.20310020521606,9.503619624225424],[78.22649299098471,9.484835694276518],[78.23972901541761,9.48257151388345],[78.23858000638884,9.477757436948387],[78.2484321427235,9.47422819116216],[78.2397943202438,9.459453154117284],[78.24835248281906,9.45483484985827],[78.24719759970662,9.446318842816767],[78.27181681221354,9.448597133523283],[78.3010890355841,9.442257998386244],[78.30529927492911,9.447634004872526],[78.29929538742265,9.461560651756983],[78.3086067954484,9.460577181816841],[78.31094548383213,9.468036356023088],[78.33028817292148,9.462913164553708],[78.33118441579224,9.46906622079284],[78.33926642275786,9.468551955566578],[78.35181555849363,9.461076071920397],[78.3467607509663,9.471396210045569],[78.3299817710528,9.472926700912055],[78.32839869967201,9.49529892676776],[78.33945017674249,9.496010105717788],[78.34723539201634,9.511493501738347],[78.3756098884993,9.508091047944918],[78.38728193164955,9.536191005427636],[78.37228978527779,9.543270109628779],[78.37519515789221,9.566099296993043],[78.36834514272806,9.57057408882201],[78.3937827518998,9.581450568904337],[78.397696116908,9.595283762373805],[78.41211163200391,9.588135694713285],[78.42937288505411,9.608919275232774],[78.42608534665993,9.617282763185981],[78.42330084596027,9.608246075888465],[78.4152385112011,9.60938169362644],[78.40892163986985,9.619657956874219],[78.39981520852727,9.61211786366858],[78.38958523898746,9.631534087622713],[78.39381784548472,9.645972689333702],[78.38837427405188,9.653703012000877],[78.36036151925235,9.654005400765367],[78.34965016231472,9.666106537934674],[78.34447105220661,9.657105194736394],[78.33917260899783,9.658203150776501],[78.33589594381185,9.668541614391085],[78.34269196124426,9.681001097462994],[78.32695348016145,9.693579340666272],[78.32092792529033,9.707261995937053],[78.32814719834192,9.725648650368864],[78.32474534393796,9.742753831843912],[78.29542923786575,9.69355034088559],[78.30268407432115,9.687114791008664],[78.30184764128197,9.678421590238953],[78.28682262555402,9.675972236124123],[78.27115884477693,9.691898406523265],[78.27776861270488,9.696176917443696],[78.27186261102166,9.729215316622074],[78.2800507889724,9.729991261907719],[78.27736834407553,9.740324349261558],[78.23774033132986,9.757458736060252],[78.21076419553727,9.782153177157346]]]}},{"type":"Feature","properties":{"id":"t:05853","name":"Aruppukkottai","taluk":"Aruppukkottai","district":"Virudhunagar","state":"Tamil Nadu","sdtcode":"05853","dtcode":"625"},"geometry":{"type":"Polygon","coordinates":[[[77.99756909528233,9.596022108400705],[77.98237379580742,9.595398559677065],[77.97876378378582,9.571576185351073],[77.9698555216932,9.573278333174553],[77.96096316696772,9.547364019759565],[77.94833860149416,9.546340541301754],[77.94117791836204,9.538652346576372],[77.94371178370753,9.524348747684218],[77.9649314046667,9.517653773749505],[77.96425164230469,9.512771698855872],[77.94207453044037,9.511718501506039],[77.94170914608846,9.505968366102026],[77.96853569531824,9.508806082650878],[77.97792920936098,9.536984937116493],[77.98163501592785,9.532942477374997],[77.98937919346456,9.539951566120479],[78.00929002564862,9.535643593985943],[78.01003525183866,9.52726721517483],[78.04299217765511,9.527891775620013],[78.03852667124238,9.502417095380544],[78.0290320581026,9.503318656399781],[78.02691381359466,9.49594974922854],[78.00976805065235,9.500718004915543],[77.98261408077286,9.47338320326929],[77.99537593577125,9.47064881063161],[78.00044841944845,9.45896245189442],[78.01172596025512,9.46020056901922],[78.02601614509751,9.451267870690693],[78.02824688113691,9.403960321058126],[78.04556212652895,9.412038732234606],[78.07220853839144,9.406302945063844],[78.06954064260891,9.379874922288314],[78.05461435801888,9.380685753313092],[78.05915633352016,9.362192799727568],[78.08019533741165,9.357924406069342],[78.14882292046616,9.372072553945022],[78.1683002733048,9.369001500364234],[78.17117370542098,9.342374641472272],[78.20871589385733,9.327310116845453],[78.21146873972302,9.305375349439197],[78.2178343024376,9.300030446865653],[78.26233328248772,9.29505962396282],[78.28045196400187,9.290038200770102],[78.2808824995681,9.284299860117386],[78.31190880570178,9.283192362178829],[78.32773752884312,9.275442498650925],[78.33580504777984,9.282138321651315],[78.3466709383025,9.297971208890358],[78.34603744366922,9.309503325812242],[78.35323736521293,9.308735456522319],[78.36103709546512,9.325633753437224],[78.36256545585186,9.349290768788864],[78.35600148852868,9.35798809282782],[78.35287481774066,9.352784637378585],[78.33301105727752,9.354161283428166],[78.32426587444327,9.332492122052626],[78.31131205485853,9.335125437326818],[78.30233908082785,9.323804296125413],[78.29377619850412,9.332070581452694],[78.29528465671575,9.342716603774281],[78.31039079570375,9.345251487656439],[78.30567438534058,9.350427018703824],[78.30816111787978,9.365119196048985],[78.30106434988011,9.36724733037066],[78.30805905578877,9.374915417619727],[78.30409697154946,9.384354062741178],[78.29656268807383,9.386707658680809],[78.29495695938493,9.381775211179134],[78.2913858192623,9.39111395560273],[78.26310909271993,9.386725231976328],[78.2551428291871,9.373738865258959],[78.24294632082791,9.38116013386486],[78.24310505044366,9.406773904222447],[78.22243360752202,9.410220086461145],[78.22092756128694,9.430007201205834],[78.21495539598811,9.433552828548347],[78.21853284677556,9.447498040515804],[78.24719759970662,9.446318842816767],[78.24835248281906,9.45483484985827],[78.2397943202438,9.459453154117284],[78.2484321427235,9.47422819116216],[78.23858000638884,9.477757436948387],[78.23972901541761,9.48257151388345],[78.22649299098471,9.484835694276518],[78.20310020521606,9.503619624225424],[78.19998606592625,9.499118013736618],[78.17416604124308,9.502114554751337],[78.17392056132036,9.538188878666807],[78.13347999724732,9.540867782570464],[78.13215526876586,9.575753187381173],[78.11533479027948,9.585467614363871],[78.08163512570803,9.57869715027994],[78.07203621816376,9.563841096983547],[78.04860596456294,9.553380253201285],[78.00260387576871,9.562818949869106],[78.00209647136363,9.580399226982552],[78.0075033277525,9.579094751487396],[78.00958883585484,9.594004346211081],[77.99756909528233,9.596022108400705]]]}},{"type":"Feature","properties":{"id":"t:05854","name":"Sattur","taluk":"Sattur","district":"Virudhunagar","state":"Tamil Nadu","sdtcode":"05854","dtcode":"625"},"geometry":{"type":"Polygon","coordinates":[[[77.91641566711243,9.446168611178196],[77.89523536271834,9.442390907614541],[77.88525506374208,9.423770756459101],[77.85981026355647,9.42918588798225],[77.85349799878598,9.39505023146317],[77.8928291362966,9.391515913258097],[77.8969939271764,9.383496145235535],[77.88602310983528,9.372041203768172],[77.87199404188975,9.372723760585563],[77.87135726301578,9.342006010577899],[77.85274648169401,9.335106544204347],[77.84346564782894,9.339508804635278],[77.84198777276116,9.325829181163288],[77.85136009105479,9.310405622108739],[77.78863872797413,9.301019155754489],[77.78119129182353,9.308290879364135],[77.77017015445344,9.30288546984061],[77.76072477438112,9.30887679595769],[77.75999351429883,9.318139342059382],[77.74983669996251,9.313886361656232],[77.74658742261292,9.325215476411497],[77.73655656465587,9.325874155683687],[77.72955973782483,9.320903434416724],[77.73464911791419,9.309514495503949],[77.71945323633095,9.310847683406086],[77.71612399275145,9.319342730181196],[77.70355964584297,9.306253784942053],[77.70629807285003,9.300349271162794],[77.7195382376181,9.305350577251405],[77.7120701959115,9.287405366652397],[77.72185705616603,9.280215178588927],[77.73910001951704,9.280648862818596],[77.74151575819933,9.264464138984732],[77.7583860329968,9.26670741041729],[77.77018163941437,9.2359959670046],[77.77992761105212,9.237834217183256],[77.7830141379267,9.249362754975142],[77.7895725913907,9.25161361746907],[77.78782920127439,9.262810395030426],[77.77408471691591,9.269388647879147],[77.77341823165382,9.276544641378463],[77.7965775057542,9.27311512840651],[77.79636291080925,9.25629371166652],[77.80665677392194,9.252376568724387],[77.80741844107831,9.245313524855261],[77.88012304332112,9.245280291598467],[77.8810557263514,9.23410520195513],[77.88627471267499,9.23270374981728],[77.87478566802625,9.226523992588067],[77.87813899813347,9.20798475078495],[77.90909979013351,9.200158343274419],[77.91954166416399,9.202471953414115],[77.93202023453924,9.222958073890712],[77.94471875561517,9.220076368492661],[77.94771930203896,9.23069939018816],[77.95562273201095,9.230223157122317],[77.95674166095242,9.24869887181149],[78.01271040870363,9.262034701988682],[78.00720834886093,9.303722244414702],[78.01385127540267,9.308697183398282],[78.04970535874025,9.306672817803864],[78.03386495211033,9.33381080011538],[78.04993356944998,9.345179681867489],[78.05878301345103,9.362558896434379],[78.05461435801888,9.380685753313092],[78.06954064260891,9.379874922288314],[78.07220853839144,9.406302945063844],[78.04556212652895,9.412038732234606],[78.01385173354346,9.391854167758018],[78.00725073856256,9.406037624303208],[77.97278370522763,9.407886807726147],[77.96648131923037,9.418340068608178],[77.97249764930184,9.427171829916352],[77.96104498911704,9.43466981603948],[77.94645790029341,9.434320245467774],[77.94367180508414,9.411573006305563],[77.92604296321633,9.431366999982172],[77.91491166005306,9.432001151455811],[77.91641566711243,9.446168611178196]]]}},{"type":"Feature","properties":{"id":"t:05855","name":"Tiruvadanai","taluk":"Tiruvadanai","district":"Ramanathapuram","state":"Tamil Nadu","sdtcode":"05855","dtcode":"626"},"geometry":{"type":"MultiPolygon","coordinates":[[[[79.11715875933719,9.850796839134853],[79.11770739731212,9.851392225906446],[79.118095247631,9.851684950113757],[79.11887246731986,9.852361083483792],[79.1192121023625,9.852857648109461],[79.11921528599184,9.852862427463373],[79.11872310443756,9.85331467085675],[79.11797096211818,9.853762176772367],[79.11694531513412,9.854164462494493],[79.11576012555895,9.85447180987874],[79.11488034072252,9.854937384494205],[79.11371791894821,9.855723899171503],[79.11217254447001,9.857450654908146],[79.11121521077006,9.858838398614791],[79.11008931988512,9.857925191779508],[79.11086885722742,9.85698949141197],[79.1125053954356,9.855443565828763],[79.11345357440452,9.854657046057628],[79.11442910527721,9.853698744292837],[79.11518582181805,9.852957414452392],[79.11626164150734,9.85147473295745],[79.11683982597029,9.85050886874557],[79.11715875933719,9.850796839134853]]],[[[78.99466890960079,9.940459957660472],[78.96385140966837,9.942933212163226],[78.96284787202006,9.923947391117226],[78.94386597868818,9.916931194978378],[78.93674974689124,9.921321906829624],[78.93545259040074,9.934051814667155],[78.92960148925616,9.926037890737922],[78.9055698782513,9.935610437654043],[78.8948503403564,9.932297582565958],[78.89231006193808,9.919147597777725],[78.89904385666402,9.914870883081734],[78.892108943519,9.907882562222177],[78.90149975453107,9.894487866867356],[78.89198452325888,9.879095986030618],[78.87389540530074,9.883517196910784],[78.87240028796943,9.87561079775496],[78.88021838068434,9.873002575827336],[78.86868091863842,9.853455705825255],[78.87230493988686,9.84462729090783],[78.86599207773672,9.834225350896922],[78.87393694789108,9.824809396372768],[78.86409213731756,9.813141576882204],[78.87199555920466,9.803015896751784],[78.86638548503394,9.789408909879459],[78.88739540506981,9.786443688831081],[78.89318276266019,9.772954205090873],[78.8948775584112,9.764116492125261],[78.88216351534544,9.744651736656945],[78.85731745307649,9.765530992799176],[78.85026780171349,9.76127667816419],[78.8524750818425,9.749401724102688],[78.84550808985868,9.74310848622931],[78.8328755401589,9.750299111398803],[78.81654441892356,9.74439266064906],[78.8260428732595,9.731592145383921],[78.81523432309974,9.731639992682105],[78.80820631574518,9.739477188625706],[78.80528945816987,9.759592630813207],[78.82067873086412,9.760070323204646],[78.82634631338273,9.76953275924196],[78.82028884765774,9.77487049939708],[78.84323450777349,9.778652844489622],[78.84944511020323,9.791274783969124],[78.84368372650098,9.798394049748238],[78.83538491024323,9.793406938277444],[78.82127748315378,9.80402800864481],[78.80759993765705,9.803501003112773],[78.8020172531193,9.821658679728673],[78.80922748372925,9.824056138136141],[78.81198192949445,9.816507400195002],[78.8246394505625,9.814719651359644],[78.82754140508723,9.823996142273284],[78.82297828773571,9.827783613262849],[78.83170593096402,9.83491837346585],[78.82244097212664,9.852076748547502],[78.80346318858716,9.837874111350304],[78.80796220665155,9.859171214227509],[78.80176109851605,9.866375471788801],[78.81497139250428,9.868471288728344],[78.81531524423885,9.88267021029832],[78.79401015307198,9.890079056763412],[78.7839122376756,9.873965343849882],[78.77374675100354,9.872832128774895],[78.76351668893726,9.87432048886047],[78.75370707884812,9.88500791226323],[78.7458693139268,9.87156883027688],[78.75555887944954,9.870014168029977],[78.75816905308517,9.875204674282607],[78.75640199325946,9.85797188003629],[78.7483322195514,9.852103307656078],[78.73842908675637,9.871960665255235],[78.72278782494686,9.870057696824855],[78.72015459604944,9.859742603762108],[78.71123844405373,9.860450103430221],[78.71779985566992,9.850155265538708],[78.70944085767802,9.835831813007424],[78.71737053103271,9.830418820806317],[78.72061488651283,9.843043776861265],[78.72764033456714,9.832192588427796],[78.70773930929103,9.811597768903628],[78.70725340785891,9.800106726405167],[78.72513656997019,9.796467681931585],[78.73481751615778,9.77019157144533],[78.728557975308,9.762214708058409],[78.72110758908995,9.763970779259282],[78.7261836318923,9.749754388256898],[78.70222813693812,9.751826205716366],[78.70797548266742,9.73699761603698],[78.71904292549546,9.733491481567789],[78.72496926413841,9.710973086364616],[78.7472894201353,9.705912233883627],[78.75178796748251,9.715890574935436],[78.77796856693755,9.719637879912737],[78.79420694430632,9.705664793755636],[78.79909348300788,9.696358230580618],[78.79175940436467,9.672465284069661],[78.79515964719101,9.666250428424727],[78.7853727545971,9.652740445560603],[78.79470648485942,9.637490463238983],[78.787687395979,9.634157030083287],[78.80260456087228,9.621186672099123],[78.80734093988589,9.626286957438554],[78.81857010192293,9.624553224533878],[78.82721709709999,9.616720531969468],[78.80635390518769,9.575294690615015],[78.82932707710734,9.576989431385696],[78.82685549645207,9.566406403991692],[78.83537385737198,9.554084536180383],[78.86736845305884,9.540629408239534],[78.88017475310427,9.543757849111323],[78.87068827780264,9.547645476416525],[78.8877672474103,9.566220530816032],[78.88818593509623,9.554476088330116],[78.89523113890029,9.549277147432598],[78.8832944439825,9.547577779856159],[78.91990539298128,9.531914949526094],[78.93038726360146,9.595279901399842],[78.95999804134136,9.631203338679619],[78.95926725377291,9.642058001128072],[78.96387460416899,9.640640788978493],[78.97090199258432,9.655786804995197],[78.98026362002777,9.689639449117838],[79.03727832297666,9.762892240372546],[79.05896894321567,9.773037837392518],[79.08405978741644,9.81803020614004],[79.11683732326391,9.850506608272063],[79.09001402683379,9.857457798172595],[79.06937928727801,9.85007314581975],[79.05979598167359,9.858560789449271],[79.04505835856457,9.8592893221716],[79.031035895033,9.893289105623268],[79.00595866210546,9.914336804722078],[78.99466890960079,9.940459957660472]]]]}},{"type":"Feature","properties":{"id":"t:05856","name":"Paramakudi","taluk":"Paramakudi","district":"Ramanathapuram","state":"Tamil Nadu","sdtcode":"05856","dtcode":"626"},"geometry":{"type":"Polygon","coordinates":[[[78.46186636642223,9.636212822149233],[78.45479631162415,9.616156678999893],[78.44855183013176,9.619019477405852],[78.439025114797,9.60934270995046],[78.42937288505411,9.608919275232774],[78.41174267864538,9.587950379063532],[78.397696116908,9.595283762373805],[78.3937827518998,9.581450568904337],[78.36873675878458,9.571044220885053],[78.37519515789221,9.566099296993043],[78.37290460393635,9.542316441733641],[78.38683104834381,9.537063533228688],[78.38634356228351,9.528867726656765],[78.40343933128533,9.530345230856016],[78.40550640056816,9.524572308208095],[78.41614553205861,9.53425443320284],[78.43644680170956,9.53026464519832],[78.43447863514288,9.525201888833523],[78.44828977090214,9.520208700510693],[78.44566852373403,9.529331759157468],[78.4536572011315,9.533602164331842],[78.45863126897942,9.518665020053684],[78.47609171715565,9.521996840820389],[78.47580190178039,9.512087803449944],[78.48631960889217,9.507166363099765],[78.48766807625337,9.494915608658554],[78.50615116295579,9.505250975841518],[78.51728579617381,9.502284709966462],[78.51741047425038,9.48255199263882],[78.53817124205067,9.486043459258175],[78.53953230558875,9.477314871836167],[78.53265898632951,9.4697209846618],[78.55007944600085,9.463948173357975],[78.55296818271452,9.452322062673625],[78.58614111922081,9.450631598739658],[78.58733407652825,9.464406992359448],[78.595913863349,9.470237617495345],[78.59815562441187,9.462571790655002],[78.61379980035618,9.457145786824553],[78.61536703264188,9.462823626796975],[78.62525676886105,9.460439913808399],[78.62948610908393,9.453661134876175],[78.62509124349019,9.4455178441382],[78.6369389387195,9.442821887938345],[78.6460636867107,9.426832769864651],[78.65112540857078,9.432790819981296],[78.65623639583765,9.429326523515986],[78.66371741999671,9.441320318982767],[78.66815280859292,9.423570674651327],[78.65727243543124,9.425451694465007],[78.64387437737895,9.390778064079358],[78.66625859942528,9.375619916608832],[78.67505817255501,9.349219472616705],[78.6868947286748,9.335655562998737],[78.70965181624273,9.349073966687984],[78.71046280450145,9.366794812709095],[78.71780443617956,9.367470852861105],[78.7211270340226,9.357833140190552],[78.73194475957472,9.362185723113322],[78.73236693901214,9.36954370030831],[78.74332469844231,9.363072068814162],[78.764538967239,9.392819294545395],[78.77680284654954,9.391995772109777],[78.7788131045772,9.398411117472657],[78.7834893099415,9.394610563720606],[78.7855251439036,9.408267907937848],[78.77049932328514,9.417711683401212],[78.77291310543669,9.42961970108433],[78.78293436130171,9.426684236525183],[78.79435896530353,9.437640666861103],[78.81802584054007,9.428898261068928],[78.82056482179114,9.437786187869001],[78.81511982832518,9.436831422685412],[78.816583816337,9.448074414141644],[78.81147977933546,9.449524627480931],[78.83691278194647,9.446838893173684],[78.84752339911316,9.473696996563865],[78.84576993349263,9.478579072838391],[78.82731511317895,9.479973619155835],[78.82766894878958,9.48896518359075],[78.84540600351318,9.515484282461193],[78.85286072859398,9.51364059293185],[78.85505024363992,9.528427600124761],[78.84252151672911,9.53503560440021],[78.84780768715449,9.548484865518736],[78.82685549645207,9.566406403991692],[78.82932707710734,9.576989431385696],[78.80635390518769,9.575294690615015],[78.82121535027883,9.599903620501752],[78.78212671028423,9.595974759089014],[78.77376626510645,9.588404886960776],[78.75373252901846,9.5934114496719],[78.74664532538164,9.585385409278938],[78.70090835907214,9.59363427659146],[78.68434438014212,9.605675480396854],[78.67885382861658,9.593940897205044],[78.69369021699953,9.576855243985001],[78.68369960895708,9.563042058186781],[78.65413516272625,9.543290359146553],[78.66171254467427,9.536210524497072],[78.6554812118227,9.520144889568387],[78.61673633103622,9.53626596952704],[78.61674029440324,9.558177245316687],[78.59747950202338,9.560996779004808],[78.58703494382685,9.572432732846261],[78.57569800192198,9.576156123651423],[78.57128158843953,9.56681585505058],[78.55755728114069,9.57484628693237],[78.52001233846968,9.578981815912176],[78.49416549727862,9.59987191205287],[78.50290138973617,9.611021148258125],[78.47702917203668,9.613289673195087],[78.46186636642223,9.636212822149233]]]}},{"type":"Feature","properties":{"id":"t:05857","name":"Mudukulathur","taluk":"Mudukulathur","district":"Ramanathapuram","state":"Tamil Nadu","sdtcode":"05857","dtcode":"626"},"geometry":{"type":"Polygon","coordinates":[[[78.51123494833753,9.503918990810977],[78.48933474036295,9.494915139960044],[78.4655075472892,9.50090247758756],[78.46642146361489,9.495662861281096],[78.4524900991346,9.48657958499313],[78.4478827190941,9.467544278453127],[78.45359664749483,9.445794430116557],[78.44714430662549,9.441035534319644],[78.4384579239165,9.392006446385716],[78.44014100383957,9.385315683868225],[78.45139319418894,9.382420370124535],[78.45253799820387,9.371936793858826],[78.44099881049426,9.371590897531608],[78.44073785349748,9.363458271359772],[78.4573370850142,9.35807556327257],[78.4555274908581,9.34658447427034],[78.44739369242309,9.346301287858884],[78.45887899558869,9.333555257040524],[78.44827358505738,9.330736569554752],[78.4454066881849,9.309797455589031],[78.43816913262064,9.30245265000428],[78.44418674907962,9.285038077541024],[78.45167849283497,9.290248958808878],[78.46069714080798,9.285274399449802],[78.47212499132124,9.30481437118537],[78.48737414928905,9.300388968930044],[78.50662112198657,9.30760349435236],[78.51357117982897,9.2963177346628],[78.50694881841905,9.286877446189049],[78.5135368345407,9.280952807962342],[78.53108963401971,9.278497829766698],[78.547544784748,9.290102860033898],[78.55502210335654,9.28774249617107],[78.56530760315394,9.260098600929373],[78.57382348741864,9.257371216050393],[78.57925629344109,9.267832907617636],[78.59046221067184,9.265549516987184],[78.59215136949443,9.27430107020449],[78.60217951274272,9.277580460319637],[78.61931667611282,9.269364700330673],[78.63350577353631,9.282945347950925],[78.63224474728656,9.291792529538851],[78.6427926063509,9.293153689238775],[78.63927996990948,9.29735358734933],[78.65424177478418,9.306748676574408],[78.65398445326935,9.289729055121294],[78.66485589627878,9.287684239054546],[78.67436561638672,9.296591599129838],[78.67204403282432,9.303529653527162],[78.67972400597105,9.308186320918535],[78.68707207407817,9.334980776471717],[78.67505817255501,9.349219472616705],[78.67194755466112,9.367988433704607],[78.64425643805582,9.389996565004354],[78.6435502517497,9.400609319232558],[78.65727243543124,9.425451694465007],[78.66815280859292,9.423570674651327],[78.66734318577343,9.438668089977826],[78.66371741999671,9.441320318982767],[78.65623639583765,9.429326523515986],[78.65112540857078,9.432790819981296],[78.6460636867107,9.426832769864651],[78.6369389387195,9.442821887938345],[78.62509124349019,9.4455178441382],[78.62948610908393,9.453661134876175],[78.62525676886105,9.460439913808399],[78.61536703264188,9.462823626796975],[78.61379980035618,9.457145786824553],[78.59815562441187,9.462571790655002],[78.595913863349,9.470237617495345],[78.58733407652825,9.464406992359448],[78.58614111922081,9.450631598739658],[78.55296818271452,9.452322062673625],[78.55007944600085,9.463948173357975],[78.53265898632951,9.4697209846618],[78.53953230558875,9.477314871836167],[78.53817124205067,9.486043459258175],[78.51741047425038,9.48255199263882],[78.51862034683464,9.500019583444073],[78.51123494833753,9.503918990810977]]]}},{"type":"Feature","properties":{"id":"t:05858","name":"Kamuthi","taluk":"Kamuthi","district":"Ramanathapuram","state":"Tamil Nadu","sdtcode":"05858","dtcode":"626"},"geometry":{"type":"Polygon","coordinates":[[[78.41614553205861,9.53425443320284],[78.40550640056816,9.524572308208095],[78.40343933128533,9.530345230856016],[78.38634356228351,9.528867726656765],[78.37477195168039,9.507521448272962],[78.34723539201634,9.511493501738347],[78.33945017674249,9.496010105717788],[78.32839869967201,9.49529892676776],[78.3299817710528,9.472926700912055],[78.3467607509663,9.471396210045569],[78.35076836362083,9.460352676603584],[78.33926642275786,9.468551955566578],[78.33118441579224,9.46906622079284],[78.33028817292148,9.462913164553708],[78.31094548383213,9.468036356023088],[78.3086067954484,9.460577181816841],[78.29929538742265,9.461560651756983],[78.30529927492911,9.447634004872526],[78.3010890355841,9.442257998386244],[78.27181681221354,9.448597133523283],[78.21853284677556,9.447498040515804],[78.21495539598811,9.433552828548347],[78.22092756128694,9.430007201205834],[78.22243360752202,9.410220086461145],[78.24310505044366,9.406773904222447],[78.24294632082791,9.38116013386486],[78.2551428291871,9.373738865258959],[78.26310909271993,9.386725231976328],[78.2913858192623,9.39111395560273],[78.29495695938493,9.381775211179134],[78.29656268807383,9.386707658680809],[78.30409697154946,9.384354062741178],[78.30805905578877,9.374915417619727],[78.30106434988011,9.36724733037066],[78.30816111787978,9.365119196048985],[78.30567438534058,9.350427018703824],[78.31039079570375,9.345251487656439],[78.29528465671575,9.342716603774281],[78.29772805991549,9.326072593630196],[78.30471035829345,9.323605864867],[78.31131205485853,9.335125437326818],[78.32426587444327,9.332492122052626],[78.33301105727752,9.354161283428166],[78.35287481774066,9.352784637378585],[78.35600148852868,9.35798809282782],[78.36478701829557,9.339562426951824],[78.35323736521293,9.308735456522319],[78.34603744366922,9.309503325812242],[78.3466709383025,9.297971208890358],[78.32852949258076,9.275383838760954],[78.31190880570178,9.283192362178829],[78.2808824995681,9.284299860117386],[78.27201027429146,9.256773443522814],[78.26926095431325,9.202198581424163],[78.30600446051194,9.203325096054932],[78.33264152181066,9.217397958271519],[78.33990465780091,9.20419398086771],[78.35309890608156,9.204498066504634],[78.39025767109676,9.224453228478236],[78.41241166032567,9.224180762858357],[78.42217522456994,9.21752986345023],[78.41921074191151,9.235499795444296],[78.42725175964904,9.241448034145975],[78.4477074946131,9.230473127358618],[78.4545425321665,9.233993402992969],[78.45776433544144,9.256180058739572],[78.44081676061373,9.271644009161658],[78.44401061011364,9.291782956805507],[78.43720359191224,9.298696130861318],[78.4454066881849,9.309797455589031],[78.44827358505738,9.330736569554752],[78.45887899558869,9.333555257040524],[78.44739369242309,9.346301287858884],[78.4555274908581,9.34658447427034],[78.4573370850142,9.35807556327257],[78.44166134586408,9.360587507218648],[78.44099881049426,9.371590897531608],[78.45253799820387,9.371936793858826],[78.45116562667296,9.38272328974963],[78.43870293132541,9.387766020956965],[78.43932589500864,9.409049049374694],[78.44856693260833,9.42958455176257],[78.44714430662549,9.441035534319644],[78.45359664749483,9.445794430116557],[78.4478827190941,9.467544278453127],[78.4524900991346,9.48657958499313],[78.46642146361489,9.495662861281096],[78.4655075472892,9.50090247758756],[78.48565605573114,9.496765166076202],[78.48631960889217,9.507166363099765],[78.47900619599208,9.506806848555003],[78.47609171715565,9.521996840820389],[78.45863126897942,9.518665020053684],[78.4536572011315,9.533602164331842],[78.44566852373403,9.529331759157468],[78.44828977090214,9.520208700510693],[78.43447863514288,9.525201888833523],[78.43644680170956,9.53026464519832],[78.41614553205861,9.53425443320284]]]}},{"type":"Feature","properties":{"id":"t:05859","name":"Kadaladi","taluk":"Kadaladi","district":"Ramanathapuram","state":"Tamil Nadu","sdtcode":"05859","dtcode":"626"},"geometry":{"type":"MultiPolygon","coordinates":[[[[78.49409267535012,9.08581254174221],[78.49637111642268,9.090941809841446],[78.49020962399118,9.094324157998473],[78.48655776215548,9.088594395164055],[78.49409267535012,9.08581254174221]]],[[[78.5368634036931,9.102023852450602],[78.53733214909995,9.102091102418585],[78.5378690550773,9.10235305581176],[78.53835569133132,9.10283192539127],[78.5387935140311,9.103514361819935],[78.53922193406484,9.104304804963826],[78.53938579934908,9.104806477509882],[78.53950037317537,9.10525840751401],[78.53944561726551,9.10561135275395],[78.53934650614022,9.105851073715105],[78.53911850473796,9.10603631535176],[78.5388780185499,9.106181640409552],[78.5386591961332,9.10622260177077],[78.53847293045905,9.106172859173016],[78.53842699331034,9.106032811725685],[78.53836362884513,9.10564406069293],[78.53831767283187,9.105232302337543],[78.53813956296216,9.10489821693609],[78.53782988224269,9.104663572508858],[78.53741625386844,9.10454634337223],[78.5367975931154,9.104230500226764],[78.53638812483922,9.104126758650327],[78.53594641782412,9.103828626739054],[78.53536860706035,9.103314042526096],[78.53507206420191,9.102911781275603],[78.53494393569632,9.102645308127743],[78.53493055618844,9.102369367798017],[78.53514014482234,9.102156904784152],[78.53566668334297,9.10197562515856],[78.53633604770559,9.101920577685155],[78.5368634036931,9.102023852450602]]],[[[78.58159607866777,9.111025573548904],[78.57062758796323,9.101457082235523],[78.58113433293364,9.10055502509109],[78.58847039775195,9.1073063917369],[78.58159607866777,9.111025573548904]]],[[[78.50431698011371,9.307248784495252],[78.48737414928905,9.300388968930044],[78.47212499132124,9.30481437118537],[78.46069714080798,9.285274399449802],[78.45167849283497,9.290248958808878],[78.44418674907962,9.285038077541024],[78.44081676061373,9.271644009161658],[78.45275640739553,9.265882442005434],[78.45801408595504,9.253811220227066],[78.44891323225205,9.230549821890156],[78.42725175964904,9.241448034145975],[78.41921074191151,9.235499795444296],[78.42217522456994,9.21752986345023],[78.41241166032567,9.224180762858357],[78.39025767109676,9.224453228478236],[78.35309890608156,9.204498066504634],[78.33990465780091,9.20419398086771],[78.33459349983761,9.217380111339269],[78.30600446051194,9.203325096054932],[78.29582431872434,9.20520188326331],[78.29072801172586,9.17767540090489],[78.27385094207153,9.141586722357099],[78.3561121735481,9.118136072033241],[78.35670373931553,9.098713786071144],[78.36530461498587,9.103248478089682],[78.38505888518897,9.094104343878202],[78.41513645629661,9.114121240193393],[78.45542945142296,9.1250379113218],[78.53599671180194,9.137645860755782],[78.5774096833054,9.130162966759896],[78.60614013003317,9.147776618349447],[78.65698400885141,9.157447308078485],[78.64278209067217,9.175857460853907],[78.66489602671749,9.193809322789315],[78.71820883346597,9.189848411429084],[78.7165814356158,9.199363571149481],[78.72782574504517,9.209386433205633],[78.731288042593,9.22958453678843],[78.71313728403669,9.227866761574298],[78.71318344845913,9.249222434235316],[78.69604191837844,9.247205213901196],[78.68851121648584,9.255774421748285],[78.67126527342305,9.259640148696297],[78.670938666647,9.286378485601018],[78.66880856707223,9.29149538195069],[78.65398445326935,9.289729055121294],[78.65476886307377,9.306800129363909],[78.63927996990948,9.29735358734933],[78.6427926063509,9.293153689238775],[78.63224474728656,9.291792529538851],[78.63350577353631,9.282945347950925],[78.61931667611282,9.269364700330673],[78.60217951274272,9.277580460319637],[78.59215136949443,9.27430107020449],[78.59046221067184,9.265549516987184],[78.57925629344109,9.267832907617636],[78.57382348741864,9.257371216050393],[78.56530760315394,9.260098600929373],[78.55502210335654,9.28774249617107],[78.547544784748,9.290102860033898],[78.53108963401971,9.278497829766698],[78.5135368345407,9.280952807962342],[78.50694881841905,9.286877446189049],[78.51357117982897,9.2963177346628],[78.50431698011371,9.307248784495252]]]]}},{"type":"Feature","properties":{"id":"t:05860","name":"Ramanathapuram","taluk":"Ramanathapuram","district":"Ramanathapuram","state":"Tamil Nadu","sdtcode":"05860","dtcode":"626"},"geometry":{"type":"MultiPolygon","coordinates":[[[[78.75493172063395,9.154176372409827],[78.75480380323243,9.154316853251737],[78.75456256425613,9.154258873870575],[78.75422569692293,9.154159642414958],[78.75380818603001,9.154196395367569],[78.7535300999574,9.154129197795445],[78.75327482929637,9.153998351885424],[78.75306520742481,9.153836185937053],[78.7529305427772,9.153734887057206],[78.7528782680142,9.153664494872503],[78.75276991142799,9.153542594707355],[78.7527559992192,9.153416162563671],[78.75284204973856,9.153289232837396],[78.75319651147497,9.153162313708375],[78.75363726627583,9.15318859363795],[78.75390635841583,9.153256141704006],[78.75417931870145,9.153350562108251],[78.75440276295028,9.153449428396737],[78.75460770370086,9.15357130730882],[78.75487176707192,9.153855808933338],[78.75493172063395,9.154176372409827]]],[[[78.6956819876986,9.150783101120552],[78.69614285847365,9.151288814545392],[78.69656158658377,9.151867201748074],[78.69679929428268,9.152359341726777],[78.69691360849586,9.15279782493274],[78.69690957326358,9.153349619358815],[78.69685619267446,9.153946023618298],[78.69677590394933,9.154588118585037],[78.69678090846377,9.15508990485119],[78.69675434617915,9.15550167214017],[78.6965765273636,9.155755337516874],[78.69619526528903,9.155873120959987],[78.69575328608441,9.155851097317997],[78.69537990942139,9.155634802075475],[78.69488864414869,9.15517914898536],[78.69448232895917,9.154645678421549],[78.69410813482926,9.1539410863865],[78.6938211823848,9.153299355644391],[78.69368316342792,9.152676165701262],[78.69363677442664,9.1520249838619],[78.69375885008387,9.151468692667986],[78.69394900905644,9.151120459587204],[78.6942308950027,9.150835189507953],[78.6945214982005,9.150608716005047],[78.69482233410767,9.150567186815763],[78.69521316503666,9.150566815211725],[78.6956819876986,9.150783101120552]]],[[[78.73191934354037,9.154155281654397],[78.73191570895675,9.154503406225377],[78.73186170853006,9.154892221050048],[78.73179879501915,9.15532603175511],[78.73174473260872,9.15552511923152],[78.73163124215066,9.155720043627147],[78.7314544860421,9.155882816222102],[78.73127217744677,9.155946690361763],[78.73099887759798,9.155915275659712],[78.73078074598575,9.15582988604756],[78.73062091952704,9.155748631004094],[78.73053001900341,9.155649436325945],[78.73032900389062,9.155360202905014],[78.73011511591977,9.154949022561574],[78.72989155938154,9.154615185952562],[78.7296591041321,9.15432578495795],[78.72939469131644,9.154154505639447],[78.7290811685025,9.15411434619821],[78.72880382892987,9.15415983930104],[78.72861268270879,9.154169377633123],[78.72844885335714,9.154115372311802],[78.72821614298618,9.15388511394198],[78.72803770163814,9.153591379078827],[78.72788333783464,9.153180456544677],[78.72788226255125,9.15298623937159],[78.72801418284567,9.152723666879412],[78.72822344898437,9.152515333901817],[78.72866867829369,9.1523018462623],[78.7291098795573,9.152260693307406],[78.72976489423155,9.152201037389485],[78.73016493019722,9.15219129679616],[78.7304472518264,9.152172700714125],[78.73072914406089,9.152172510035076],[78.73090645532828,9.152226263777814],[78.73113005229071,9.152365906402899],[78.73129449519168,9.152682192923551],[78.73140394862082,9.152948661498066],[78.73158225611989,9.153296516753123],[78.73176434822123,9.153626603116717],[78.73190615986526,9.153902190717853],[78.73191934354037,9.154155281654397]]],[[[78.75244120618743,9.155754330032313],[78.7525142850341,9.156138253291664],[78.75247461004126,9.156734995204099],[78.75209298504733,9.15716095311613],[78.75179305104868,9.157260663528763],[78.75130604379045,9.15704916443389],[78.75092810009254,9.156832353763487],[78.7508544067982,9.156620285044449],[78.7510042745337,9.156163348144032],[78.7515354025471,9.155683344044258],[78.75209995058403,9.155650527176649],[78.75244120618743,9.155754330032313]]],[[[78.69833231692577,9.1580719316997],[78.69866853028546,9.15829293559342],[78.69883787888618,9.158541302630615],[78.69874285329881,9.158713197978795],[78.69852405333998,9.158799618319497],[78.69830536297566,9.158786151310002],[78.69802755268583,9.15866025669656],[78.69787351317417,9.158429546309653],[78.69788199776202,9.158212665532155],[78.69799119606967,9.158058958646173],[78.69815860161442,9.158008731959077],[78.69833231692577,9.1580719316997]]],[[[78.82614106810323,9.158914796925922],[78.8265457878848,9.159045512431256],[78.82666532849628,9.1593210665648],[78.82660650052328,9.159587603772263],[78.8263241492497,9.159855271526334],[78.82603314270837,9.159959803039518],[78.82573355815437,9.160046283383497],[78.82549289050658,9.160110086713006],[78.82524702700321,9.160155360881056],[78.82486475252732,9.160074807445435],[78.82467002382488,9.15989578151546],[78.8244726136513,9.159636895485223],[78.82453144252261,9.159420022539457],[78.82471718897055,9.15925231174579],[78.82493090536317,9.159138797888353],[78.82520404082024,9.15902996485268],[78.82547636509864,9.158956826217304],[78.82580871210936,9.15891125923197],[78.82614106810323,9.158914796925922]]],[[[78.81607417512687,9.1598786731006],[78.81634268156526,9.160023099100885],[78.81637950889866,9.160230956756237],[78.81624767843576,9.160348530304294],[78.81601660120197,9.160434856240268],[78.8156477870823,9.160453910395942],[78.81542917127814,9.160535493388092],[78.815206256137,9.16060860864022],[78.8151160904353,9.160671870885384],[78.81492483372143,9.160735651931137],[78.81481151484158,9.160681208612846],[78.81468280063443,9.16041492320668],[78.81477809212313,9.160225101712614],[78.8150784384485,9.159957300321292],[78.81543684468727,9.159852633117795],[78.81579654899166,9.159838952414972],[78.81607417512687,9.1598786731006]]],[[[78.82032470481064,9.160539964040815],[78.81994782561634,9.160617443520767],[78.81964161598711,9.160698740907149],[78.8194030503971,9.160768721083626],[78.81928319896855,9.160803978110865],[78.81909696922698,9.160696003176808],[78.81889666557987,9.160466060357374],[78.8189001690095,9.160262455328432],[78.81910522204952,9.160085698966274],[78.81934078636814,9.159999469613197],[78.81969122544868,9.159948741237697],[78.82004603932467,9.15990313358401],[78.82055085927668,9.15982964038433],[78.82105648411915,9.159770116105063],[78.82142856091997,9.159755583126332],[78.82180623332664,9.159791398975983],[78.82206649143416,9.159854154969612],[78.82229866551091,9.160016168293112],[78.82232630307894,9.160282971036878],[78.82213584317071,9.160509724832094],[78.82169045216463,9.160587345329127],[78.82144928415525,9.160574123160245],[78.82120801373792,9.160565362774726],[78.82076620341658,9.160534804299179],[78.82032470481064,9.160539964040815]]],[[[78.81875074504177,9.160610661716778],[78.81906040420166,9.16082241322014],[78.81917960345335,9.161211249511354],[78.81936789393016,9.161871167780374],[78.81944525953735,9.162124020686269],[78.81975991512687,9.162363226506976],[78.82010192351846,9.162782734687443],[78.82010199718033,9.162927825533245],[78.8202797468256,9.163112619793665],[78.82095899804621,9.16361781992694],[78.8210271631083,9.163979287637812],[78.8211241173786,9.164408363893395],[78.82146594161556,9.164589024670983],[78.82174815814186,9.16477337198267],[78.82191750404765,9.165180078344939],[78.82210888922059,9.165704468646043],[78.82240048056521,9.166020165072227],[78.82295655569237,9.166114108509959],[78.82349323888752,9.16612223289123],[78.82361198448997,9.166234831067714],[78.82317473850858,9.16629924786845],[78.82307936617148,9.166344545192375],[78.82262050313112,9.166520086125077],[78.82224274089288,9.166734833407856],[78.8218240963261,9.166672430706578],[78.8212598761742,9.166393028053117],[78.82106845237368,9.166167187915896],[78.82039485425119,9.16600586647619],[78.81944732656083,9.16569106929856],[78.81911520862052,9.16533037222573],[78.81911444056095,9.164968741823264],[78.81887697181392,9.164742983257094],[78.81874389179444,9.164272914587759],[78.81874793690817,9.163847776669595],[78.8188425771183,9.163241637207534],[78.81875444340578,9.162622467065564],[78.81831307954714,9.162275501584011],[78.81778422157643,9.16192378044794],[78.81738289922325,9.161544789922816],[78.81708264542436,9.161265164181968],[78.81692750457817,9.16087663568929],[78.8166442379213,9.16044281756949],[78.81666174788282,9.160117319937969],[78.81696165313537,9.15991814457417],[78.81724387145829,9.15995350190095],[78.81752677699244,9.160156283214675],[78.81772657578632,9.160260100717785],[78.8178632661349,9.160422767471017],[78.81802297671096,9.160363295615738],[78.81828241555492,9.160412647527476],[78.81875074504177,9.160610661716778]]],[[[78.82623677641021,9.16648338056305],[78.82655656497327,9.166645680860558],[78.82681129574681,9.167052063154683],[78.82707674432002,9.167530674630347],[78.8272501173732,9.16776056764713],[78.82763769999413,9.168103516594998],[78.82794686418231,9.168487124096503],[78.8282072121213,9.16894329842779],[78.82838159128762,9.169327236698598],[78.82874240051981,9.170009442003757],[78.82897996987816,9.17057895257003],[78.8289755465737,9.171121285260725],[78.82889933799657,9.171659223764244],[78.8288017486174,9.172546029239673],[78.82869745870447,9.17313356758582],[78.82861696426511,9.173563148909073],[78.82849940713379,9.173744678550333],[78.82842639745738,9.173744720231134],[78.8283028665294,9.173495847695039],[78.82811470361337,9.17292687568008],[78.82795074490433,9.17242987865622],[78.82780865208761,9.171860267301147],[78.82746609931698,9.171314070041749],[78.82713304892539,9.170745206269412],[78.82699034166103,9.170202928874543],[78.82682588618367,9.169678581578165],[78.82646137140092,9.169358464865784],[78.82578717230545,9.168975048975906],[78.82537252613999,9.168587399793141],[78.82496109594324,9.167859970898446],[78.82452840082708,9.167377048044683],[78.82433205875037,9.167219182289623],[78.8241132569949,9.167011708292266],[78.82390365847958,9.166695618989374],[78.82395361469084,9.166424412562874],[78.82409872674519,9.16631549662234],[78.82444027969098,9.166359982482202],[78.82480429680703,9.166404413352145],[78.82541338241741,9.166389599515384],[78.82582324056246,9.166393758812285],[78.82623677641021,9.16648338056305]]],[[[78.96976009731428,9.182349551057461],[78.96991127928501,9.18273394925683],[78.96990363462196,9.18329464941545],[78.9697547550333,9.18373792658889],[78.96949985268152,9.183941754924119],[78.96922219510533,9.18395144321195],[78.96907632487284,9.18368491100124],[78.96895601620177,9.183015995899481],[78.96900965909897,9.182613655318614],[78.96918729555652,9.182346789550426],[78.96954124884645,9.182237164620858],[78.96976009731428,9.182349551057461]]],[[[78.70409960076279,9.184114017519523],[78.70416748195723,9.184141269750274],[78.7041774352906,9.184195634978034],[78.70416327335012,9.184272323588996],[78.70401780556291,9.184534596065543],[78.70378213973464,9.184810957789146],[78.70350502474085,9.185082446347957],[78.70310947765665,9.185422057495538],[78.70280024250155,9.185626385901555],[78.70255060966724,9.185780194356871],[78.70234568688295,9.185943414298814],[78.70219998194048,9.18602485575062],[78.7020774795835,9.18607502615154],[78.70192283820063,9.18610658627869],[78.70184136639425,9.186084041304056],[78.70178202278825,9.185980525772605],[78.70179057295313,9.185903706285686],[78.70189525003993,9.185799545114675],[78.70222218200612,9.185559356563218],[78.7027311449882,9.185269264266712],[78.70306780481059,9.184997489415563],[78.70343559844412,9.1846438354141],[78.7038309784417,9.184263478655796],[78.70390815630103,9.184182117497894],[78.70398153338837,9.184119084691126],[78.70404477298774,9.184104928712522],[78.70409960076279,9.184114017519523]]],[[[78.91036400725959,9.186124307090614],[78.91035081010976,9.186467800508325],[78.91021518606141,9.186657942283663],[78.91000092349312,9.18664490021851],[78.90992792549481,9.186491508044712],[78.90992763354232,9.18630119325524],[78.90999068719046,9.186192625720809],[78.91007733239452,9.186084013813428],[78.91022323945792,9.186038640972397],[78.91036400725959,9.186124307090614]]],[[[78.93780900973155,9.18270630938496],[78.94267226320267,9.187768761416132],[78.93278452573497,9.18230130626723],[78.90613021049461,9.185111653004562],[78.89718503033879,9.179555725875373],[78.93780900973155,9.18270630938496]]],[[[78.96995090217555,9.185988945888274],[78.96932349093335,9.186121189121678],[78.96909264276998,9.186614618008234],[78.96890807760663,9.187356829376963],[78.96851732033952,9.187764802784484],[78.96795847660466,9.187842696657418],[78.96741121215376,9.187748948748153],[78.96687402410542,9.187397576546488],[78.96648084138705,9.186725040583982],[78.96648243499837,9.18545934460956],[78.96666105870442,9.183799537922772],[78.9669359332999,9.183088852894551],[78.96743090412312,9.18264014944814],[78.9680089197028,9.182765248961523],[78.96826583877238,9.18329812833747],[78.96789359578325,9.183837077945556],[78.96748081092704,9.184380740955993],[78.96753738412869,9.184932216703785],[78.96794350977369,9.185577675102824],[78.96835781727431,9.18589739053233],[78.96876821710345,9.185982626589288],[78.96916746883987,9.185389555529879],[78.96937918198941,9.184638443681889],[78.96996001109255,9.184270815143917],[78.97044279447235,9.184436839838234],[78.97092654533766,9.184765844616843],[78.9709365920958,9.185235961509747],[78.97049196735266,9.18579793114748],[78.96995090217555,9.185988945888274]]],[[[79.07574489401003,9.201245847120878],[79.06878737835416,9.20947054720417],[79.0566541904427,9.196907056773954],[79.06636656778376,9.19943517710829],[79.08624401408031,9.190564732593474],[79.09011717947952,9.197480927796741],[79.07574489401003,9.201245847120878]]],[[[79.14061444604033,9.212428741455915],[79.14074779914762,9.212555336989348],[79.14104409946096,9.212734894950426],[79.14108915087076,9.212784360162198],[79.14130312328321,9.212924303472596],[79.14148214314632,9.21323544437362],[79.14147758419624,9.213348654487552],[79.14144614585622,9.213402717287575],[79.14107715836174,9.213426529426084],[79.14038100803396,9.213351646301438],[79.14001640521633,9.213325871832891],[79.13991256895264,9.213294193539191],[79.13983502907227,9.213240164418176],[79.13976580130323,9.213109280033098],[79.13969680709614,9.212802031754604],[79.13960985556653,9.21260381441128],[79.13949980655431,9.212436386828285],[79.13939557772686,9.212368983049288],[79.13931327947043,9.2123829499107],[79.13914195996595,9.212794740194452],[79.13908233159401,9.212853814862266],[79.1390423700386,9.212940076575222],[79.13896430105052,9.212966963914344],[79.1389053967207,9.21293563584568],[79.1388595997092,9.212867735594704],[79.13882267715441,9.212750341745775],[79.1387863717422,9.2124928687626],[79.13881241300398,9.212208188974477],[79.13887948122309,9.211950013306321],[79.13910257153569,9.211863541196658],[79.13944803484786,9.2117812136421],[79.13954793649063,9.211785462852417],[79.13978024441636,9.211852661908143],[79.13991245037502,9.211870400938613],[79.14031325080703,9.2121039734765],[79.14040426541668,9.2121582741104],[79.14047740355217,9.212207749156931],[79.14061444604033,9.212428741455915]]],[[[79.12394084569618,9.213639048301696],[79.12385949516236,9.213770790840313],[79.12343668959919,9.213898394098797],[79.12305918338082,9.21395380108915],[79.12272737625759,9.214026876941764],[79.12259888573092,9.213828364119653],[79.12274014760597,9.213678860495559],[79.12289894010378,9.213660317296034],[79.12328054892807,9.213514576864696],[79.12383576526584,9.213449382125578],[79.12394084569618,9.213639048301696]]],[[[79.1228990883258,9.215238172326115],[79.12304057747464,9.21535099962136],[79.12305445375084,9.215441140128204],[79.1231191037052,9.215739382355045],[79.12321061598153,9.215987937894047],[79.12329761691845,9.21607342473559],[79.12353079171844,9.21631704190329],[79.12357718880456,9.216628870568641],[79.1234410221738,9.217022386874381],[79.12340545068517,9.21711319997251],[79.12334581333009,9.217172269484378],[79.12322316185279,9.217181500203122],[79.12290413865435,9.217069535381471],[79.12258530140718,9.216893944136784],[79.1223622542137,9.21675881018187],[79.12214284070558,9.216556215558768],[79.12208299044977,9.216407090831543],[79.1220237941675,9.216226168303555],[79.12202741886965,9.216049869037432],[79.12230440450605,9.215583307167655],[79.1224310480965,9.215325228845604],[79.12259307542767,9.215204052173048],[79.12221212776345,9.215262736280552],[79.12216653017794,9.215240042421481],[79.12214844798957,9.215190558932488],[79.12214777515145,9.215059384425404],[79.12212922404248,9.214978075572564],[79.12216067046734,9.214869319986983],[79.12242876996892,9.214561649385839],[79.12264280975504,9.214533623615578],[79.12280553328056,9.214487811061856],[79.12370192347504,9.214386006350933],[79.12403365064819,9.214316833043545],[79.12415704593059,9.214271336135386],[79.12442881774507,9.21411275973701],[79.12453386583607,9.214085311188619],[79.12489836534745,9.214061450324689],[79.12520217557653,9.213983892973536],[79.12535693463872,9.213888241987203],[79.12546104219363,9.213851843707621],[79.12550232966241,9.21381081938021],[79.12559838202414,9.213783745006344],[79.12592053764796,9.213633443310508],[79.12662591547031,9.213477514388991],[79.12738407111225,9.213213261138725],[79.12799786119979,9.213030911117771],[79.12849398995142,9.21294329273452],[79.12939908841425,9.212909164379221],[79.13049221324918,9.212964789659607],[79.1311835009963,9.21311217785597],[79.13179392689311,9.213367879595824],[79.13273290801183,9.21365422726644],[79.1330101622445,9.213775928525207],[79.1332159599879,9.21415013427294],[79.13338021603926,9.214303596918949],[79.13374590132683,9.214550990974468],[79.13388674638358,9.214695606613724],[79.13390081220429,9.214776818878857],[79.13380990808744,9.214826888549307],[79.1337423098623,9.214836124649677],[79.13353266912614,9.214814023980532],[79.13310858166705,9.21467540174908],[79.13304022256884,9.21461206402205],[79.13293544666736,9.214571434374735],[79.13270778482828,9.21438710854824],[79.13262538865548,9.21435083712152],[79.13223312311699,9.214139739206203],[79.1319373007074,9.213937288503454],[79.13178720210492,9.2138605770605],[79.1316269076239,9.213842821282181],[79.13149602039209,9.213870311525506],[79.13145024134687,9.213911243626601],[79.13149567094744,9.21399699964836],[79.13239933390243,9.214636494124854],[79.13282249789343,9.214875007423695],[79.13309132952197,9.214969189731082],[79.13327840637486,9.214995858782197],[79.133928582723,9.215011798496043],[79.13398757688431,9.215038665282892],[79.13399780510217,9.215142685722972],[79.13388788904062,9.215188462722875],[79.13342434847253,9.21527564605576],[79.13311481777173,9.21530343057899],[79.13289262936766,9.215290564254115],[79.13271892303949,9.215214492431267],[79.13253163328591,9.215088469786428],[79.13218981713379,9.214772903998881],[79.1320114036335,9.214542691246228],[79.13176041973301,9.214290356360227],[79.13162819760467,9.214218471432336],[79.13152323934517,9.214186766616956],[79.13135947287562,9.21417396320881],[79.13095004412533,9.214252186447837],[79.13077355840967,9.214256984510495],[79.13041288122982,9.214149216513492],[79.13020351717476,9.214113722719466],[79.12959463458363,9.214111437631228],[79.12947562667308,9.214052655792784],[79.12927942383527,9.21381370655666],[79.1291198605829,9.213705544718415],[79.12902885136316,9.213705933990804],[79.1288282225259,9.213792286828292],[79.12859230247442,9.213956064010285],[79.12822946035476,9.214282476932924],[79.12778948708817,9.214754117008045],[79.1276306272167,9.214885407789122],[79.12711698221533,9.214950346000514],[79.12702991390472,9.21497760294972],[79.12696690966396,9.215036605427974],[79.12695361819101,9.215082103124274],[79.12697628538058,9.21512721331734],[79.12712629055828,9.215153697031706],[79.1272994992198,9.21514436872058],[79.1282134002741,9.215010520729713],[79.12858200149307,9.214896315359383],[79.1288410504682,9.214755332704707],[79.12909971855761,9.214578059969202],[79.12934480861152,9.214460234854462],[79.12984467525305,9.21435482649094],[79.13009578401936,9.214326980709169],[79.13041425655054,9.214465708597466],[79.13054617953988,9.21449740274712],[79.13085628246755,9.21449642557813],[79.13129651624557,9.214450082759026],[79.13144221220487,9.21446754322798],[79.13157948556007,9.214512180876087],[79.13164259580205,9.214557552725257],[79.13173417994356,9.214583963771048],[79.13215439925706,9.215075814493531],[79.13251950962282,9.21529641040716],[79.13311054089267,9.215457390174214],[79.13314295300641,9.215520556612546],[79.1331114077669,9.215579641465107],[79.13299306640631,9.21559789726644],[79.13268763292153,9.215535347112777],[79.13244652420094,9.21551372442983],[79.13164604982433,9.21537585086553],[79.13124006162155,9.215340843117943],[79.13101283187211,9.215354660892698],[79.13061247520787,9.215428602781776],[79.12950742433921,9.215734409628675],[79.12772036801528,9.21615141168663],[79.1273212456362,9.216274483838813],[79.12636522347654,9.216489521940636],[79.12612430969038,9.216513102437565],[79.12596513540856,9.216495362753529],[79.1258692528284,9.216459369972863],[79.12559637788276,9.216288626116096],[79.12550911284112,9.216270671834845],[79.12544610770202,9.216329672323612],[79.12547843627247,9.216451443597913],[79.12545617062985,9.216550900570708],[79.1253735013692,9.216582712466725],[79.12513249505655,9.216610753148597],[79.12452284530416,9.216535872472548],[79.12433211320639,9.216468373710368],[79.12424550123998,9.216473314504567],[79.12419447154191,9.216441582403336],[79.12415400962489,9.216333039194195],[79.12418489280608,9.216251619794765],[79.12422654858412,9.216192743433593],[79.12430791169432,9.216169835935013],[79.12439403048566,9.216079491668772],[79.124520796247,9.21597936597671],[79.12486654163015,9.215774844950527],[79.12515740623772,9.215561954050699],[79.12535672083968,9.215375673521326],[79.1254380596954,9.215244485782195],[79.12557446168476,9.21516743766899],[79.12593263615821,9.214849866186078],[79.12683230789841,9.214205042884943],[79.12690531398155,9.214096570813092],[79.12679960023893,9.214046985190583],[79.12665851263702,9.214078729034384],[79.1264958942144,9.214174222132206],[79.12625491664785,9.214365241059271],[79.12606372820593,9.214374759149834],[79.12588640615874,9.214420279099457],[79.12555872499762,9.214566005856241],[79.1251587573039,9.214675658898669],[79.12494071911645,9.214843700805583],[79.1247590977323,9.214934340666456],[79.12430004424908,9.21502158524587],[79.12411333570547,9.214977051408626],[79.12389958248194,9.214991133440746],[79.1228990883258,9.215238172326115]]],[[[79.15635343916287,9.21960271116694],[79.14721418966803,9.224973776696027],[79.12371779401116,9.221158854348001],[79.13613744568353,9.215557102802524],[79.1556246368712,9.217760164700403],[79.16419303035919,9.211857141667391],[79.15574333126968,9.208988721221033],[79.16569961288846,9.211689703976454],[79.15635343916287,9.21960271116694]]],[[[79.14691576124578,9.230133595849416],[79.14746652732964,9.23034450863406],[79.14793644234297,9.230718452088292],[79.1483529435295,9.231232538679716],[79.14861411791858,9.231814945859567],[79.1486377175594,9.23236634316432],[79.14850819307185,9.233153557464748],[79.14815956589322,9.233719795613855],[79.14753319040858,9.234296069110323],[79.14686579964464,9.234568984437278],[79.14608781548947,9.234589601352145],[79.1454954538147,9.234378958882818],[79.14484292118557,9.233978436818388],[79.14441831539855,9.233586413081134],[79.14422670834168,9.233229782361382],[79.1441425433861,9.23267381381122],[79.14409225839144,9.232384779866154],[79.14413243194926,9.232067988196892],[79.14423498631704,9.23150238846423],[79.14455580704436,9.23092276849611],[79.14508305074249,9.230468990095353],[79.14565519583176,9.23018244947084],[79.14634669917454,9.230103719032945],[79.14691576124578,9.230133595849416]]],[[[79.14055158463168,9.234040397610523],[79.14111255647549,9.234247077737932],[79.14149488125703,9.234508204786424],[79.14179650408842,9.234814590051391],[79.14193806330583,9.235035695872053],[79.14211666994386,9.23547858806014],[79.14215482139399,9.235921440678103],[79.14217382345718,9.236201475582401],[79.14216966515572,9.236405130017227],[79.14208853021759,9.236581556543232],[79.14178616088624,9.237246958361185],[79.14137790623398,9.237704814673334],[79.14070977166503,9.23812281751325],[79.14024609006145,9.238323342689203],[79.13939934526114,9.238298439862033],[79.1387750332067,9.238056422345661],[79.13835129878548,9.237731930657889],[79.13787199098755,9.237267884565785],[79.13755135082161,9.236517901775587],[79.13757608144137,9.23585806420547],[79.13773859296447,9.235274135085893],[79.13800564413214,9.234853075167743],[79.13845053747154,9.234471889321261],[79.13883225589026,9.234212784748573],[79.13921896175549,9.234094442166668],[79.1396647731731,9.233997941878307],[79.14002360341671,9.233978950202749],[79.14055158463168,9.234040397610523]]],[[[79.14788866724122,9.23598559031493],[79.1483852981511,9.236097173184532],[79.14888186977215,9.2363220660477],[79.14933379602193,9.236587364216717],[79.14970766316506,9.236988964162464],[79.15009140099657,9.237457744529118],[79.15051224463919,9.238256603533987],[79.15067401774715,9.238920755541567],[79.15069792101855,9.239512921898191],[79.15064038751784,9.23996557766888],[79.15046006419928,9.24059885303761],[79.15018006830837,9.241160352456466],[79.14994495943562,9.241559202990535],[79.14944496343664,9.24205320080671],[79.14889106492741,9.242435032799236],[79.14861467038247,9.242598608709379],[79.14790565977312,9.242871816405515],[79.14736862533671,9.242977114280281],[79.14673152396755,9.242974896764608],[79.14600290313555,9.242831839929986],[79.14550623090315,9.242666098036391],[79.14495479647272,9.242265366390901],[79.14442027821744,9.241751660312273],[79.14403688533902,9.241156150592738],[79.1438164100222,9.240726919178451],[79.14373740948115,9.240248067175655],[79.14371304267908,9.239569927059922],[79.14371497046369,9.238814730277673],[79.14377280669662,9.238403390645605],[79.14406634738539,9.23767472658577],[79.14434752186595,9.23722155981158],[79.14470569094951,9.236849767218075],[79.14512391600309,9.236563469408049],[79.14565085068074,9.236291080533555],[79.14651904275844,9.236035050493589],[79.14731985400331,9.235942326174643],[79.14788866724122,9.23598559031493]]],[[[79.13775530342542,9.251546133404489],[79.1382011193346,9.251617100151117],[79.13869762088709,9.251792358455798],[79.13916854291182,9.252229465593684],[79.13931852203842,9.252369256703778],[79.13947835298869,9.252576793193256],[79.13969355968638,9.25287922877139],[79.13975345575628,9.253027809636396],[79.1397621864825,9.253095532805714],[79.13980783796693,9.25328122595778],[79.13981827369558,9.253430484921244],[79.13979644553251,9.253728694999433],[79.13976867681043,9.253877740096586],[79.13966572359068,9.254131331356962],[79.13962855579578,9.254190313980834],[79.13945720305368,9.254656325569195],[79.13907260104286,9.25516381266829],[79.13870020534013,9.255458857815801],[79.1383768603469,9.25566334162372],[79.13798634742152,9.255800037954009],[79.13734911310168,9.25585639058556],[79.13687546379172,9.255772019896426],[79.13641509158167,9.255587993131764],[79.13597821570616,9.25535419761006],[79.13561295981334,9.254970567382832],[79.13540672998029,9.254614156042374],[79.13525949430858,9.25417576005811],[79.13522694565088,9.253624687721214],[79.13531112947112,9.25319041154051],[79.13547368590997,9.252660591887835],[79.13573226237126,9.252271149534206],[79.13612710158303,9.2518677175139],[79.13650840318347,9.251631476853765],[79.13692243220636,9.25155331688087],[79.13741785757713,9.251506384891604],[79.13775530342542,9.251546133404489]]],[[[78.88885100461346,9.558490319424505],[78.8877672474103,9.566220530816032],[78.87706417832952,9.559308685573475],[78.87075659827325,9.546212395882904],[78.87790675135362,9.542130443781883],[78.84780768715449,9.548484865518736],[78.84235292001826,9.53587188668922],[78.85505024363992,9.528427600124761],[78.85302469987943,9.513961522084534],[78.84540600351318,9.515484282461193],[78.82766894878958,9.48896518359075],[78.82731511317895,9.479973619155835],[78.84576993349263,9.478579072838391],[78.84752339911316,9.473696996563865],[78.83691278194647,9.446838893173684],[78.81147977933546,9.449524627480931],[78.816583816337,9.448074414141644],[78.81511982832518,9.436831422685412],[78.82056482179114,9.437786187869001],[78.81802584054007,9.428898261068928],[78.79435896530353,9.437640666861103],[78.78293436130171,9.426684236525183],[78.77291310543669,9.42961970108433],[78.77049932328514,9.417711683401212],[78.7855251439036,9.408267907937848],[78.7834893099415,9.394610563720606],[78.7788131045772,9.398411117472657],[78.77680284654954,9.391995772109777],[78.764538967239,9.392819294545395],[78.74332469844231,9.363072068814162],[78.73236693901214,9.36954370030831],[78.73194475957472,9.362185723113322],[78.7211270340226,9.357833140190552],[78.71780443617956,9.367470852861105],[78.71046280450145,9.366794812709095],[78.70965181624273,9.349073966687984],[78.68980770822303,9.339937503718755],[78.67976109651082,9.322995153289915],[78.68072251485037,9.310343486863395],[78.66816741969102,9.294695483874435],[78.6694685485317,9.263623977853607],[78.69604191837844,9.247205213901196],[78.71442538730572,9.248119068236194],[78.71133572351414,9.229074223305677],[78.731288042593,9.22958453678843],[78.7268169549474,9.208398635350338],[78.83256157537384,9.245705738581664],[78.85582106552737,9.248237195971859],[78.86097403735566,9.255538302519641],[78.90840679295285,9.249778617823965],[78.91619297391561,9.259857743020158],[78.91191471503566,9.263660183031408],[78.95414814483752,9.272852208109507],[78.99557681170565,9.273386904503392],[79.08967027121896,9.26015576057193],[79.12705038561175,9.270038065476685],[79.14486496314768,9.268539559958057],[79.1528751525013,9.276273652339974],[79.20862433492906,9.281686862971679],[79.20300433257779,9.267679531244593],[79.20575253325515,9.274534520650144],[79.21470501222265,9.265829885604056],[79.2183730796661,9.270086050911576],[79.21683667845926,9.255279170895179],[79.25649766296912,9.258898267566302],[79.29987015475467,9.24580707230792],[79.43284080252278,9.160938065639547],[79.42341387294807,9.177128221137409],[79.3739704559797,9.214864255915936],[79.31617027243458,9.273316955509353],[79.31460004157246,9.283690096773254],[79.33527989362348,9.309239755557417],[79.32192051343404,9.32452895530813],[79.31152957298188,9.327793720889925],[79.29101631529691,9.319499867327844],[79.26592380382301,9.292465600726256],[79.18106964995754,9.282772327778158],[79.14119326291726,9.291862440271808],[79.13046780512462,9.28809595273081],[79.0705154962123,9.296759227779853],[79.02282513613099,9.32619201677086],[78.97792118477098,9.364546209149779],[78.91675784534605,9.437525241442568],[78.9004369020229,9.468728764146956],[78.89811637577758,9.486829957524957],[78.90436251555997,9.493716820113104],[78.91440868260614,9.493012006839614],[78.92007891605313,9.53126330252403],[78.8832944439825,9.547577779856159],[78.89523113890029,9.549277147432598],[78.88885100461346,9.558490319424505]]]]}},{"type":"Feature","properties":{"id":"t:05861","name":"Rameswaram","taluk":"Rameswaram","district":"Ramanathapuram","state":"Tamil Nadu","sdtcode":"05861","dtcode":"626"},"geometry":{"type":"MultiPolygon","coordinates":[[[[79.48922944170242,9.119142504114823],[79.4897936879054,9.119897343831235],[79.49121334675284,9.121230466337273],[79.49228249375626,9.122030312793168],[79.49278754996517,9.12247319182139],[79.49350642227972,9.122843650660231],[79.49462543206958,9.122947256418472],[79.49569439940991,9.12303282509673],[79.49652232360667,9.123272195548877],[79.4968818760958,9.123701512456321],[79.49691830188222,9.124036058334017],[79.49645008468478,9.124931258620824],[79.49599543923466,9.125397038538257],[79.49551328377726,9.125596131217735],[79.49485368949169,9.125492388752244],[79.49450337976856,9.125239273897163],[79.49393006507276,9.124868801580913],[79.49361620988216,9.12469257045758],[79.49331589948942,9.124620362272115],[79.49299291831383,9.124584308729917],[79.49204218184133,9.124308775606442],[79.49181472122488,9.124132583232251],[79.49100918843487,9.12302076787474],[79.48966204249547,9.120611563723552],[79.48903860809502,9.11983419674252],[79.48872920315833,9.119477158927952],[79.48872907559758,9.119192369968053],[79.48883368081914,9.119047721633395],[79.48900196581457,9.119047616084957],[79.48922944170242,9.119142504114823]]],[[[79.48877419168606,9.12748513711152],[79.48886070483783,9.12774731046495],[79.48884712770064,9.127973422443606],[79.48875168978654,9.12816327089394],[79.48859700887776,9.128222063412663],[79.48818757743251,9.128199607894805],[79.48752796877388,9.127901441978885],[79.48722762873673,9.12768909703987],[79.48708203788033,9.127521849357317],[79.48700919259562,9.127304885003047],[79.48714104641472,9.127078846216676],[79.4874412193652,9.126992826168626],[79.48788706581713,9.127223279316443],[79.48811454260327,9.127223210135014],[79.48820088417682,9.127064924779972],[79.48815075908227,9.126626435610586],[79.48820072068341,9.126495329476661],[79.48846462864589,9.126576609821822],[79.48860574050232,9.126888513805545],[79.48877419168606,9.12748513711152]]],[[[79.48184565837619,9.130306179076646],[79.4816409592724,9.13053230628427],[79.48143637515295,9.13065445557373],[79.48099511370225,9.130713349678908],[79.4805629656601,9.130663745307487],[79.47985318609287,9.130189263465015],[79.47966215305948,9.1299994364929],[79.47967113800895,9.129804990262882],[79.47993493278373,9.129723582048037],[79.48063104178897,9.13005788812612],[79.48106323923847,9.130166308727192],[79.4813042401612,9.13008035062243],[79.48139056556504,9.129759362781604],[79.48117207103344,9.129176196333162],[79.4811129304467,9.128995424447554],[79.48111287115789,9.12884173421437],[79.48124474923152,9.128733153561704],[79.48156774298349,9.12879190430043],[79.48188178682028,9.129352302843753],[79.48196382456533,9.129971650610848],[79.48184565837619,9.130306179076646]]],[[[79.48353876798942,9.133623896792676],[79.48347978999774,9.134030763824493],[79.48340705520583,9.13419811577111],[79.48327513041981,9.134342758848119],[79.48320239113632,9.1343654312753],[79.4830249729694,9.134401644361564],[79.48280664552445,9.13440164968309],[79.48196492140828,9.133778081642047],[79.48149621642561,9.133217641275536],[79.4814507122649,9.132991576082508],[79.48158253643959,9.132801683196274],[79.48190558139554,9.132946295797641],[79.4823741866652,9.133339474786004],[79.48253347862631,9.133493125829167],[79.48271089140333,9.133506627498987],[79.48276993407373,9.133447847381847],[79.48274716178128,9.133267027107685],[79.48212369683809,9.132444425100305],[79.48203719087286,9.132109947422252],[79.48221913205725,9.131942641502345],[79.48255575055714,9.13213237431209],[79.48301078318116,9.132552632112807],[79.48340675606683,9.133208032314835],[79.48353876798942,9.133623896792676]]],[[[79.4738728901424,9.135366992708914],[79.47418243431794,9.136045044090453],[79.47418248192865,9.136343419602191],[79.47389616189815,9.1371571549726],[79.47368251467579,9.137894136663407],[79.4735508018922,9.138504415974879],[79.4728186542744,9.13929123752147],[79.4722183371195,9.139865497032014],[79.47173616728905,9.140141370232609],[79.47123128445497,9.140200266317327],[79.47063075260272,9.140091894888672],[79.4702349360239,9.139856921500627],[79.46993466515704,9.1396264995819],[79.4697436285304,9.139508948452683],[79.46972990047622,9.139197039549355],[79.46974345874881,9.138984574512225],[79.46992080505052,9.138803694964254],[79.47090789095267,9.138767315585882],[79.47109896441025,9.13870849731252],[79.47143549307862,9.138351308110202],[79.47174925843767,9.137980467161341],[79.47224959759306,9.137790527266699],[79.47340476277648,9.136714321678744],[79.47352285799866,9.136262154787833],[79.47338172907426,9.135674517371324],[79.47329523209221,9.135462129169182],[79.47334517482874,9.135245072086438],[79.47347706008887,9.135113914133125],[79.47363171314984,9.135113865352436],[79.4738728901424,9.135366992708914]]],[[[79.46801073702483,9.140725506750382],[79.46803353806338,9.1409650648751],[79.46790172377015,9.141358365388284],[79.4677472207278,9.141955174664051],[79.46767461798822,9.14260165128639],[79.46757923037978,9.143098897557572],[79.46747009136097,9.143338586233615],[79.46735188295104,9.143483271717455],[79.46613730229645,9.143673449812463],[79.46521387281189,9.143565084762384],[79.46505462576654,9.14342506352407],[79.46500909914795,9.143257803716086],[79.46503175376111,9.14304072832504],[79.4660277563408,9.142064100727731],[79.46744667048486,9.1406170804933],[79.46772410258396,9.140499503970727],[79.46801073702483,9.140725506750382]]],[[[79.45428266668323,9.143825194884112],[79.45436458225736,9.144100957701802],[79.45443752635676,9.144742908136058],[79.45456954816078,9.14509089558017],[79.45464243386968,9.145425446209995],[79.45434223486807,9.145710269197084],[79.45406470125933,9.145732940013607],[79.45371896845255,9.145601914522942],[79.45371881933221,9.145041377466118],[79.45371868099166,9.144363289999964],[79.4537186540422,9.14400162053241],[79.4539096762958,9.143775556862474],[79.45428266668323,9.143825194884112]]],[[[79.45637138536443,9.147142905516436],[79.45616677519384,9.147491118544725],[79.45593026315257,9.147658371041897],[79.45568914455052,9.147739829257874],[79.45548444814168,9.147739844335002],[79.45530248809268,9.147667558339748],[79.45522970479172,9.147513843348161],[79.4549930786644,9.147179373614982],[79.45501578178659,9.146930788448833],[79.45517042316949,9.146844804235469],[79.45554346116764,9.146930678474183],[79.45566624290069,9.146930615504823],[79.45586641898703,9.146822044800524],[79.45612112730268,9.146663788551997],[79.45637133685538,9.146808455833142],[79.45637138536443,9.147142905516436]]],[[[79.45370602552595,9.148689569466418],[79.45321489050897,9.149403973770436],[79.4529146780326,9.149666216131317],[79.45262809210075,9.149819971876534],[79.45229147000762,9.149883292802155],[79.45190477312558,9.149797533684279],[79.45118600232065,9.149485732241002],[79.45039431256919,9.14869021778141],[79.45015315264463,9.148391870354885],[79.45003024784242,9.14805738725685],[79.45018940954782,9.147758990520671],[79.45039406732911,9.147722832893168],[79.45087177253257,9.148007548501564],[79.45131762976429,9.147984821955882],[79.4516769064706,9.147731560780187],[79.4523637556419,9.14729292942653],[79.45250460069867,9.14662386063102],[79.4526000889184,9.146528902757778],[79.45315516691562,9.146872372399534],[79.45347821546483,9.147016969531421],[79.45405594987184,9.147125329096035],[79.45426063550087,9.147242867954418],[79.45445182484113,9.14750504273075],[79.45440183988376,9.14783956891875],[79.45370602552595,9.148689569466418]]],[[[79.44495411341191,9.151173050787069],[79.4455637514862,9.151710911296938],[79.4457231000412,9.152163012445898],[79.44561395383587,9.152438755498132],[79.44548209911848,9.152687452996357],[79.44542296302332,9.152832091221507],[79.44555493362341,9.15318920380907],[79.44567323276318,9.153415228683174],[79.44573242814714,9.153596034288986],[79.44565972928781,9.153763291897477],[79.44545504365875,9.153871833876952],[79.44526390192924,9.153871887976317],[79.44505010558656,9.153763400983124],[79.44494089739746,9.15348769265929],[79.4444721088715,9.15244802160472],[79.44439922406093,9.15175632754866],[79.44449461077106,9.151304243620368],[79.44464015401675,9.151137007027392],[79.44495411341191,9.151173050787069]]],[[[79.44575608617848,9.158035366276208],[79.4454103354054,9.158311171288624],[79.44500091294327,9.158311260861872],[79.44441403099175,9.158144089645312],[79.44369063296483,9.157475171633932],[79.44344034615699,9.157032161419165],[79.44351306837248,9.156747344837903],[79.44355851953259,9.156589084137174],[79.44369039850451,9.156448927013262],[79.44406350926621,9.156521178409525],[79.44448665618923,9.157090724793296],[79.44471416531468,9.157389038315808],[79.4449188940629,9.157474909121584],[79.44526462597136,9.157248825634744],[79.44545560690244,9.15695045789567],[79.44552836145729,9.156769630937255],[79.44618761707802,9.154897901467683],[79.44693329691725,9.15292672902328],[79.44722435106932,9.15275943288555],[79.44758383887971,9.152890443323809],[79.4477612848944,9.153310838919362],[79.44760679442847,9.154038691375264],[79.446947445383,9.155553284473658],[79.44657453045403,9.156159071660625],[79.44611982930834,9.157388836997193],[79.44575608617848,9.158035366276208]]],[[[79.15988452340697,9.235724119446658],[79.16022170515053,9.235886051041557],[79.16054564033695,9.236147074021906],[79.16080581849438,9.236449240868675],[79.16096119649579,9.236710794545576],[79.16113980043892,9.237212275530693],[79.16118167899914,9.237474346453734],[79.16120108171094,9.237736524468303],[79.1609564300349,9.238275300606674],[79.16069379318853,9.238592673666254],[79.16016737234719,9.238951649498231],[79.15926136209437,9.238967543796415],[79.15861942778895,9.238761542074627],[79.1580220535149,9.238297985890357],[79.15773872038275,9.237918875905443],[79.15762275955767,9.237155180434135],[79.15778442396945,9.236774947585356],[79.15811088970999,9.236357830701147],[79.15849243744881,9.23599484625476],[79.1587742416484,9.235840295347527],[79.15926094527607,9.235721668691125],[79.15941939461746,9.235720938961821],[79.15988452340697,9.235724119446658]]],[[[79.23360836225599,9.248736968836674],[79.22893557677796,9.241938333883335],[79.23737388163643,9.235423260703888],[79.24031884480202,9.242380927457017],[79.23360836225599,9.248736968836674]]],[[[79.21022793730566,9.250751576350734],[79.19140631420022,9.25700486640225],[79.17492798244604,9.239788646555024],[79.19199854382263,9.223848211598867],[79.20465124093764,9.226023975404148],[79.22556728612798,9.250074124992107],[79.21022793730566,9.250751576350734]]]]}},{"type":"Feature","properties":{"id":"t:05862","name":"Kovilpatti","taluk":"Kovilpatti","district":"Thoothukkudi","state":"Tamil Nadu","sdtcode":"05862","dtcode":"627"},"geometry":{"type":"Polygon","coordinates":[[[77.85932588117548,9.247853413460232],[77.84722438043738,9.243087036896968],[77.85939339585727,9.198997127539178],[77.85104732821559,9.186137651571784],[77.8395975354532,9.186303068824355],[77.83859291533494,9.16837760573843],[77.81608609211699,9.171088118633968],[77.80415746137552,9.180070978530088],[77.78349730758204,9.164449511007417],[77.74422616585436,9.162493963801806],[77.73683694592403,9.188074216180654],[77.70575894623731,9.18849340840922],[77.70455298671446,9.165727546136392],[77.69002587391081,9.158980772384131],[77.70043022441355,9.138183829511938],[77.68823818068134,9.13291479392053],[77.67401909659533,9.138169798531626],[77.67983250443065,9.105927503353485],[77.69320429574401,9.101373099676767],[77.73989141372277,9.106890894851869],[77.74477228764817,9.079964217804607],[77.7390667441223,9.073076338998932],[77.70414649006526,9.073532590065428],[77.70166110230406,9.063153585537924],[77.71354527721871,9.045664927271483],[77.69386463652958,9.032079646807892],[77.69658643122916,9.02044279771131],[77.68817267193756,9.014770698609528],[77.68903415719335,8.999856672223746],[77.72192469930694,9.002648378373467],[77.72675861380084,8.99676596525899],[77.72913753952275,8.983167015842564],[77.72157480640207,8.978865206943228],[77.71979388287659,8.966727563606744],[77.70294852644676,8.96897350241169],[77.68607494764565,8.994758074487201],[77.67589777029848,8.989420456562579],[77.67802340434794,8.971925042475652],[77.69018824260179,8.957850260818345],[77.69602485212425,8.926425607056597],[77.73625409561151,8.924006813496124],[77.7371247616495,8.931718938897774],[77.74503124409681,8.93316325322026],[77.75990039224152,8.927732279470918],[77.76086752027302,8.88846996499844],[77.7681788374036,8.88283487443456],[77.78903408731044,8.882877481727444],[77.7868730201129,8.892735969283574],[77.79294854556834,8.90273282227844],[77.81951454204322,8.907263411323985],[77.82199390480382,8.925753658211955],[77.83744601734712,8.931668914895189],[77.83561211298279,8.946948798521605],[77.82862323983528,8.953453221159176],[77.83360929120907,8.966704163642257],[77.85172773646629,8.973093826802714],[77.90170209190357,8.971706509523147],[77.90078476377646,8.989152060918162],[77.92698479558774,8.98856201250219],[77.93090526177826,9.007408052169625],[77.97430352622929,9.021893235343352],[77.96578196191706,9.032883312680482],[77.96777901560831,9.054035174618098],[77.95426020691384,9.051995371449205],[77.95485884691415,9.072365393346114],[77.94313985511222,9.087149724471065],[77.92752315144593,9.083909984172655],[77.92549702108556,9.105432533631095],[77.91334886454655,9.1149596140081],[77.92235816554903,9.124935861875755],[77.92054449932974,9.145001272870594],[77.91137029189558,9.144569265941511],[77.9099926840849,9.179645167826315],[77.91492264016078,9.175558609471151],[77.92194041300928,9.180415091486251],[77.93545510023324,9.163276067443768],[77.95345044216054,9.179706630000616],[77.94595301296776,9.19146069467389],[77.92952828099163,9.187189556561426],[77.9197077545752,9.202670844164373],[77.87813899813347,9.20798475078495],[77.87478566802625,9.226523992588067],[77.88627471267499,9.23270374981728],[77.8810557263514,9.23410520195513],[77.88012304332112,9.245280291598467],[77.85932588117548,9.247853413460232]]]}},{"type":"Feature","properties":{"id":"t:05863","name":"Ettayapuram","taluk":"Ettayapuram","district":"Thoothukkudi","state":"Tamil Nadu","sdtcode":"05863","dtcode":"627"},"geometry":{"type":"Polygon","coordinates":[[[78.07282870921244,9.36318188367316],[78.05340317928422,9.360645540327166],[78.04993356944998,9.345179681867489],[78.03386495211033,9.33381080011538],[78.04970535874025,9.306672817803864],[78.01385127540267,9.308697183398282],[78.00720834886093,9.303722244414702],[78.01271040870363,9.262034701988682],[77.98440937015636,9.251638531767114],[77.96247540798498,9.251614216830859],[77.95674166095242,9.24869887181149],[77.95643289202299,9.23130342705894],[77.94771930203896,9.23069939018816],[77.94577444585559,9.220573452007976],[77.93202023453924,9.222958073890712],[77.9197077545752,9.202670844164373],[77.92169762803238,9.195330114002003],[77.92952828099163,9.187189556561426],[77.94595301296776,9.19146069467389],[77.95346657051317,9.178603398003442],[77.93545510023324,9.163276067443768],[77.92194041300928,9.180415091486251],[77.91492264016078,9.175558609471151],[77.9099926840849,9.179645167826315],[77.91137029189558,9.144569265941511],[77.92054449932974,9.145001272870594],[77.92235816554903,9.124935861875755],[77.91334886454655,9.1149596140081],[77.92549702108556,9.105432533631095],[77.92586765878526,9.08617663943931],[77.94313985511222,9.087149724471065],[77.9481646086034,9.082131761864163],[77.95684954682143,9.064631139084334],[77.95155553679854,9.05602840939464],[77.96777901560831,9.054035174618098],[77.96578196191706,9.032883312680482],[77.97430352622929,9.021893235343352],[77.9905999868677,9.027893518221044],[78.00856543016741,9.020715450003516],[78.0207140331691,9.02306313496419],[78.02679331178581,8.997781514946476],[78.04131117284035,9.03950121168278],[78.05171420281965,9.052599747049822],[78.0481807946339,9.05514960203703],[78.05582912552309,9.05920080454291],[78.05427475980716,9.089871784081478],[78.07064157021041,9.093388647341278],[78.07096595814771,9.114812557603116],[78.06574969282113,9.11684322579267],[78.09195897997478,9.116085260148516],[78.09787800812794,9.131661694920671],[78.1219600837905,9.153573804750774],[78.11976002252308,9.160049392713002],[78.1125459803614,9.15871248582792],[78.11013988329708,9.184156630887623],[78.10345772373364,9.183655956078363],[78.0940846867878,9.163734822109312],[78.08747592317636,9.165096785691787],[78.09295489362125,9.184919202065867],[78.10216172876484,9.186147642196401],[78.10770267038792,9.215836158087559],[78.089551063822,9.25458359505733],[78.07809284665885,9.256625440541768],[78.09104566372373,9.27904052231161],[78.09218527278136,9.305603994770484],[78.10104152511396,9.307354328110476],[78.10409919181343,9.317602872835018],[78.08627455584123,9.3352316142805],[78.09565323061382,9.356167732018832],[78.08035032195099,9.356229189891904],[78.07282870921244,9.36318188367316]]]}},{"type":"Feature","properties":{"id":"t:05864","name":"Vilathikulam","taluk":"Vilathikulam","district":"Thoothukkudi","state":"Tamil Nadu","sdtcode":"05864","dtcode":"627"},"geometry":{"type":"MultiPolygon","coordinates":[[[[78.27253772370378,8.941092932413671],[78.27263320833026,8.941255464040642],[78.2726102060691,8.941445543113494],[78.27256090113642,8.941612627823687],[78.27239248229199,8.94166227864123],[78.27227440773108,8.94159003377546],[78.27225174772802,8.94147234965191],[78.27222875714494,8.94128273026581],[78.27222872300895,8.941115462599958],[78.2723057948671,8.94104277925025],[78.27253772370378,8.941092932413671]]],[[[78.27070551266377,8.940957154933924],[78.27096451133322,8.94129627907473],[78.27098804539705,8.94167603863677],[78.27076923465845,8.941933445231614],[78.27038716679503,8.942046604367743],[78.27007813196425,8.941901861866022],[78.26965098843657,8.941644168619247],[78.26936883569067,8.94133230924905],[78.26917800926981,8.94100222597071],[78.26923289004546,8.940668023079718],[78.26912391092675,8.940717562213624],[78.268895851134,8.940816930641088],[78.26851912914489,8.940645311836004],[78.26796929191903,8.940152439429259],[78.26760941603642,8.940274537914611],[78.2665589503977,8.939420550481385],[78.26684564233072,8.937331715288781],[78.26760935854425,8.93695208608362],[78.26913743326672,8.936757626184557],[78.26932831628146,8.937422235402584],[78.26952310067945,8.938656207645955],[78.269141616721,8.939884481247594],[78.26938275957758,8.940093784825509],[78.26959173286548,8.940374165584123],[78.26956036998396,8.940541162933181],[78.2702103648724,8.940600102320515],[78.27070551266377,8.940957154933924]]],[[[78.2506474636726,8.951123937344148],[78.25066556921718,8.951327376899505],[78.25050704351898,8.951467595368312],[78.25032490111198,8.951526337764024],[78.25014269672123,8.951503669791832],[78.25007982632944,8.951422270063649],[78.2500432253715,8.9513231654197],[78.25014339650883,8.951142373448494],[78.25030640749523,8.951002275537377],[78.2505699758945,8.951002006662609],[78.2506474636726,8.951123937344148]]],[[[78.2526665395631,8.956268736652268],[78.25202491337983,8.95631364872932],[78.25121169550259,8.956232462157496],[78.25089288789982,8.956033323733106],[78.25079287127272,8.955789236681376],[78.25109337929482,8.955540698446462],[78.25186172901856,8.955328521592014],[78.25262548655462,8.955287954819314],[78.25264329296014,8.954957774166752],[78.25244329923181,8.954677587441628],[78.25209829675539,8.95445155473593],[78.25167997198884,8.95432506055278],[78.25089307385107,8.954099036501612],[78.25055265188429,8.95366012192511],[78.25037505405429,8.953171988840198],[78.25037954563071,8.952710982926513],[78.25068795343742,8.952208955865018],[78.2511342786914,8.951833806549685],[78.25157609709757,8.951626928703845],[78.25118384054225,8.949772619643454],[78.25185270633985,8.948918271143482],[78.25309766172921,8.948538608762476],[78.25481695992788,8.948538368282112],[78.25586735100646,8.949772744763804],[78.25624898678018,8.951481228986],[78.25577132379753,8.952525783182711],[78.25491245713079,8.952810301048718],[78.25518022066248,8.953072757779047],[78.25546215960934,8.95343428292088],[78.25556236847592,8.953755315298604],[78.2554939321226,8.954175603026536],[78.25534901230773,8.954939574295143],[78.25514395477613,8.955477805608261],[78.25496199023554,8.955739523901284],[78.25459394507376,8.955997436105191],[78.25400760570466,8.956155896953062],[78.25329843609352,8.956210180481419],[78.25287505830346,8.95614656367096],[78.25277372205122,8.95611934825192],[78.2526665395631,8.956268736652268]]],[[[78.16140424733013,9.369906295356078],[78.13801203019507,9.370368671141852],[78.07966752957152,9.356477727345075],[78.09565323061382,9.356167732018832],[78.08627455584123,9.3352316142805],[78.10409919181343,9.317602872835018],[78.10104152511396,9.307354328110476],[78.09218527278136,9.305603994770484],[78.09104566372373,9.27904052231161],[78.07809284665885,9.256625440541768],[78.089551063822,9.25458359505733],[78.10770267038792,9.215836158087559],[78.10216172876484,9.186147642196401],[78.09295489362125,9.184919202065867],[78.08747592317636,9.165096785691787],[78.0940846867878,9.163734822109312],[78.10345772373364,9.183655956078363],[78.11013988329708,9.184156630887623],[78.1125459803614,9.15871248582792],[78.11976002252308,9.160049392713002],[78.1219600837905,9.153573804750774],[78.09787800812794,9.131661694920671],[78.09195897997478,9.116085260148516],[78.06574969282113,9.11684322579267],[78.07096595814771,9.114812557603116],[78.06924532145926,9.091222854974717],[78.07501506578187,9.077761154131444],[78.06520134051044,9.069152592427876],[78.07016822273438,9.064857031914388],[78.0610486122083,9.036068599236167],[78.08511111807238,9.03391816326106],[78.09514397747587,9.021402100514518],[78.09972309112764,9.027848877629308],[78.10918669532212,9.026832606008986],[78.11377523230124,9.019319799839966],[78.1220836228033,9.023442966790862],[78.12115107362202,9.008366940654646],[78.15596103612172,9.00684792725909],[78.16237464433097,8.990686362773294],[78.1953889796806,8.978187711687983],[78.19348463212664,8.972527744572767],[78.20929325366686,8.965022329505326],[78.21506021051714,8.971726695274883],[78.21758279302266,8.96298725832967],[78.38505888518897,9.094104343878202],[78.36530461498587,9.103248478089682],[78.35670373931553,9.098713786071144],[78.3561121735481,9.118136072033241],[78.27385094207153,9.141586722357099],[78.29072801172586,9.17767540090489],[78.29602633276374,9.205180440844279],[78.26926095431325,9.202198581424163],[78.27201027429146,9.256773443522814],[78.28045196400187,9.290038200770102],[78.2178343024376,9.300030446865653],[78.21146873972302,9.305375349439197],[78.20871589385733,9.327310116845453],[78.1746597059159,9.338821003335383],[78.1659502526738,9.357840298438582],[78.16840495757813,9.368920117341254],[78.16140424733013,9.369906295356078]]]]}},{"type":"Feature","properties":{"id":"t:05865","name":"Ottapidaram","taluk":"Ottapidaram","district":"Thoothukkudi","state":"Tamil Nadu","sdtcode":"05865","dtcode":"627"},"geometry":{"type":"Polygon","coordinates":[[[78.07097096715377,9.091113631323712],[78.05427475980716,9.089871784081478],[78.05582912552309,9.05920080454291],[78.04994056193615,9.058301203051236],[78.04131117284035,9.03950121168278],[78.03129016401206,8.999587440536384],[78.02463278627239,9.000464706395409],[78.02130986773078,9.022651955304811],[78.00856543016741,9.020715450003516],[77.9905999868677,9.027893518221044],[77.93090526177826,9.007408052169625],[77.92698479558774,8.98856201250219],[77.90078476377646,8.989152060918162],[77.90170209190357,8.971706509523147],[77.85172773646629,8.973093826802714],[77.83360929120907,8.966704163642257],[77.82862323983528,8.953453221159176],[77.83561211298279,8.946948798521605],[77.83696875501307,8.93071950292817],[77.82199390480382,8.925753658211955],[77.81851915840278,8.906024561812437],[77.79294854556834,8.90273282227844],[77.7868730201129,8.892735969283574],[77.79147624724185,8.880594368740052],[77.81207434990706,8.872059028836214],[77.80762977783372,8.866601632746587],[77.81739574237645,8.85324909885732],[77.81811184608327,8.83768423777571],[77.83123429202324,8.83354066303231],[77.83931266440523,8.81708153034577],[77.84847880766307,8.829708939542876],[77.87586741569812,8.845415441479956],[77.95269838697774,8.833889690801357],[77.96629263798638,8.85178904520723],[78.03989233684968,8.839539283295688],[78.04088150325009,8.829074293631365],[78.07048504865364,8.809409109677208],[78.08757781458743,8.852642218126917],[78.11039783722588,8.844198519833464],[78.13765368504171,8.848089933662498],[78.16744618387875,8.84299064273999],[78.17174397662458,8.882861339132429],[78.18233782943149,8.891118715262449],[78.19026715962971,8.928428244749519],[78.21758279302266,8.96298725832967],[78.21506021051714,8.971726695274883],[78.20929325366686,8.965022329505326],[78.19348463212664,8.972527744572767],[78.1953889796806,8.978187711687983],[78.16396910994284,8.989737120080878],[78.1562977417582,8.99564056563095],[78.15596103612172,9.00684792725909],[78.12115107362202,9.008366940654646],[78.1220836228033,9.023442966790862],[78.11377523230124,9.019319799839966],[78.10918669532212,9.026832606008986],[78.09972309112764,9.027848877629308],[78.09514397747587,9.021402100514518],[78.08511111807238,9.03391816326106],[78.06153572007783,9.035030624010275],[78.07016822273438,9.064857031914388],[78.06520134051044,9.069152592427876],[78.07501506578187,9.077761154131444],[78.07097096715377,9.091113631323712]]]}},{"type":"Feature","properties":{"id":"t:05866","name":"Thoothukkudi","taluk":"Thoothukkudi","district":"Thoothukkudi","state":"Tamil Nadu","sdtcode":"05866","dtcode":"627"},"geometry":{"type":"MultiPolygon","coordinates":[[[[78.16546021090653,8.79738530994199],[78.16566950938457,8.797638385199265],[78.16575034698035,8.797918627964746],[78.16571863375587,8.798094964392366],[78.16562840876537,8.798239626887781],[78.16548700765145,8.798289289108594],[78.16535094612358,8.798266657830691],[78.1651420635655,8.79820304824589],[78.16497821445094,8.79800859653682],[78.16504661576992,8.797678905490246],[78.1651374381401,8.797348705471006],[78.16524161306864,8.797267388723023],[78.16546021090653,8.79738530994199]]],[[[78.20743344907628,8.832065239467786],[78.20953218487118,8.836336892563043],[78.20390095178223,8.83729003571588],[78.20743344907628,8.832065239467786]]],[[[78.21335031139127,8.834466209033646],[78.21393641180849,8.83500463702452],[78.21408111423109,8.835745823269587],[78.213954520048,8.836283581875922],[78.21329988086951,8.837119870311684],[78.21257675772705,8.837960458398738],[78.21172201792075,8.8388192582046],[78.21089938929258,8.839401928988556],[78.20986825719537,8.839903776144228],[78.20977305374157,8.840026066938487],[78.20966790773417,8.84014307709712],[78.20952302475021,8.840279082796995],[78.20861391530964,8.840246935886741],[78.20809598803935,8.840129403826325],[78.20790446272918,8.839835582831448],[78.2080642074412,8.839564546576531],[78.20860448928735,8.839311505373189],[78.20926318076609,8.839030981563516],[78.2096410822432,8.838525027846805],[78.20995415949274,8.838095360668829],[78.21014122826077,8.837684055807463],[78.2104590414285,8.836540603618484],[78.21071869586811,8.835641372033107],[78.211059893081,8.834958886316391],[78.21165464157947,8.834348392854292],[78.21268239870615,8.834176937211817],[78.21335031139127,8.834466209033646]]],[[[78.0921621348746,8.852573092516005],[78.08261245949947,8.843982031957824],[78.07048504865364,8.809409109677208],[78.04088150325009,8.829074293631365],[78.03989233684968,8.839539283295688],[77.96220621792862,8.851148007431398],[77.95749849068099,8.835936645911698],[77.97274113137138,8.811191090235848],[77.96234591224348,8.806229683109075],[77.9541779077591,8.747260556453991],[77.92362117168565,8.728091376490578],[77.93429594922492,8.736569862808889],[77.95827445722003,8.737055893826549],[77.96223881599366,8.725965152220027],[77.97730352018918,8.716213182396178],[77.97579761498962,8.70880415679755],[77.9903170471976,8.702320397103822],[77.97332379213938,8.664858410668735],[78.00507214343723,8.667293412882653],[77.99724154886847,8.671955855990737],[77.99059843278224,8.698843678141762],[78.02339419454854,8.684939157885617],[78.02728419527449,8.678096116067852],[78.02822299223857,8.684809644448903],[78.05475828789032,8.694942747085495],[78.06212997360457,8.709112192948737],[78.08225816395142,8.705698008132593],[78.08636007994785,8.715173994670618],[78.108937718258,8.699778834697817],[78.12555757419531,8.701927071627024],[78.13904760535965,8.712871912387461],[78.15991432765104,8.71626500261072],[78.19682204229044,8.757168257890099],[78.20178301090485,8.755456318345368],[78.20045982123744,8.792860091743327],[78.20150203315534,8.777103050533565],[78.19129007034543,8.767233341939132],[78.19796912263627,8.769793031025355],[78.1970108717564,8.762673804406488],[78.18737762970365,8.770649723406613],[78.17496871649216,8.767993291235063],[78.17296852768054,8.774257333635404],[78.1690543721549,8.76324974904831],[78.16991484231444,8.77577991947471],[78.16561927110229,8.763818606160514],[78.16084547995206,8.773878884622475],[78.16028211319973,8.803024483164865],[78.17078616052933,8.829981934139914],[78.16744618387875,8.84299064273999],[78.13765368504171,8.848089933662498],[78.11039783722588,8.844198519833464],[78.0921621348746,8.852573092516005]]],[[[78.225694029371,8.872858925639283],[78.22073993556344,8.872637028951218],[78.22648104428974,8.866404168264268],[78.225694029371,8.872858925639283]]],[[[78.22137996005053,8.87991040881843],[78.22348016548925,8.884087441219252],[78.21775275427443,8.88513134862858],[78.22137996005053,8.87991040881843]]]]}},{"type":"Feature","properties":{"id":"t:05867","name":"Srivaikuntam","taluk":"Srivaikuntam","district":"Thoothukkudi","state":"Tamil Nadu","sdtcode":"05867","dtcode":"627"},"geometry":{"type":"Polygon","coordinates":[[[78.1503340664371,8.715584135386454],[78.11087321669108,8.699661437548375],[78.08829112633039,8.714997943916742],[78.08225816395142,8.705698008132593],[78.06212997360457,8.709112192948737],[78.05475828789032,8.694942747085495],[78.02822299223857,8.684809644448903],[78.02728419527449,8.678096116067852],[78.02339419454854,8.684939157885617],[77.99059843278224,8.698843678141762],[77.99724154886847,8.671955855990737],[78.00507214343723,8.667293412882653],[77.97752545706498,8.66227101970657],[77.97271057966857,8.665274536913556],[77.97708965287961,8.68072958510344],[77.98305943764294,8.68045613996194],[77.9903170471976,8.702320397103822],[77.97579761498962,8.70880415679755],[77.97730352018918,8.716213182396178],[77.96223881599366,8.725965152220027],[77.95827445722003,8.737055893826549],[77.93429594922492,8.736569862808889],[77.92362117168565,8.728091376490578],[77.9541779077591,8.747260556453991],[77.96234591224348,8.806229683109075],[77.97263170668832,8.809834886541774],[77.9614617741712,8.835519904415495],[77.86863139265974,8.843087082743862],[77.84539300303395,8.826132731697339],[77.84324862294112,8.8165168490771],[77.85156680957135,8.802250033498202],[77.84593698773571,8.788904225514766],[77.81798529322268,8.776048028362911],[77.81800643956446,8.757286794697638],[77.82799060219476,8.734515454704992],[77.81020116131705,8.683401787899939],[77.82418111297613,8.681952064716505],[77.82422298704478,8.67493565709918],[77.81653630797443,8.67232131675798],[77.80600992583194,8.647394147526413],[77.81902479851664,8.650366678771086],[77.81883695090926,8.631165044195587],[77.80555322683308,8.612024575655678],[77.78672722623725,8.62081001023189],[77.78104941100923,8.583314181922956],[77.8030345852367,8.576238613766188],[77.7969232691037,8.565540207576381],[77.81202877477946,8.570475593873116],[77.8131353114616,8.553507577338804],[77.83945916435671,8.555057091392563],[77.84657497843699,8.56929955812907],[77.85731680443244,8.56670046465215],[77.85569576485784,8.55921322159635],[77.87042497973582,8.55427645090949],[77.8702888580208,8.547101242252992],[77.87970828845951,8.545487136461833],[77.89519626624052,8.565199201402377],[77.88978253414646,8.571461371172948],[77.90332682624893,8.57362625335455],[77.90460365476288,8.581018370464742],[77.89793156711039,8.58522810787332],[77.9061264500864,8.596883023644411],[77.89665604205194,8.601246899397319],[77.89869602173908,8.609759531880457],[77.90720372953805,8.606593552656706],[77.90734491864957,8.61134490700399],[77.91657036508919,8.608906442858995],[77.92399352247261,8.615875978083078],[77.97790967549513,8.603518506439256],[77.99208628903114,8.618404678192547],[78.05723324710938,8.620156987303018],[78.08472724998516,8.636499699316262],[78.09934091816139,8.63769944185746],[78.10748548739664,8.650841929125898],[78.13819958674829,8.655319692045467],[78.13852612794734,8.680180243669145],[78.15991432765104,8.71626500261072],[78.1503340664371,8.715584135386454]]]}},{"type":"Feature","properties":{"id":"t:05868","name":"Tiruchendur","taluk":"Tiruchendur","district":"Thoothukkudi","state":"Tamil Nadu","sdtcode":"05868","dtcode":"627"},"geometry":{"type":"Polygon","coordinates":[[[78.1286903679003,8.656272120999166],[78.11662568730907,8.648297377061391],[78.10748548739664,8.650841929125898],[78.09934091816139,8.63769944185746],[78.08472724998516,8.636499699316262],[78.06151201802903,8.621645182999092],[77.99333560035129,8.618783927349705],[77.97790967549513,8.603518506439256],[77.92399352247261,8.615875978083078],[77.91657036508919,8.608906442858995],[77.90734491864957,8.61134490700399],[77.90720372953805,8.606593552656706],[77.89869602173908,8.609759531880457],[77.89665604205194,8.601246899397319],[77.9061264500864,8.596883023644411],[77.89793156711039,8.58522810787332],[77.90460365476288,8.581018370464742],[77.90332682624893,8.57362625335455],[77.88978253414646,8.571461371172948],[77.89519626624052,8.565199201402377],[77.88206535547562,8.541210000683925],[77.89931921269606,8.54622331840051],[77.91381590854422,8.542989416008197],[77.92892306262851,8.52180103427638],[77.94299673641949,8.54800390159127],[77.97256857488676,8.533348221851218],[77.97251773114002,8.511402623329701],[77.99372467597217,8.494066938838309],[77.98286728261377,8.49504639121541],[77.971172372848,8.506696346991653],[77.97325855378851,8.495695328624114],[77.95754181732546,8.45145774471499],[77.97130319270622,8.446879693464005],[77.9666343418491,8.441754109442758],[77.97761748946586,8.440937818404974],[77.97818718484933,8.431945649447934],[77.98788871323671,8.42772974061993],[77.97944285893664,8.424336741017301],[77.98587129294134,8.422350457276988],[77.98435511011658,8.406464622843977],[77.99323265611469,8.397302936320534],[77.98968485871472,8.389921362718425],[77.99599803976677,8.384268477814036],[78.00516800625445,8.38978257239878],[78.00952476351719,8.380330619225544],[77.99886777262057,8.370793112364144],[78.0033567115875,8.354702524882061],[78.06643374823187,8.373792416015096],[78.05670702659236,8.384604130899136],[78.06366501655872,8.412436416973339],[78.12582564045925,8.474698741592972],[78.14327432519684,8.501672382616697],[78.13062196405178,8.5479137061099],[78.14470092802144,8.598022916658392],[78.13497572543308,8.616160984434158],[78.13819958674829,8.655319692045467],[78.1286903679003,8.656272120999166]]]}},{"type":"Feature","properties":{"id":"t:05869","name":"Sathankulam","taluk":"Sathankulam","district":"Thoothukkudi","state":"Tamil Nadu","sdtcode":"05869","dtcode":"627"},"geometry":{"type":"Polygon","coordinates":[[[77.84900498685757,8.568363827647989],[77.84269623719483,8.568471877330627],[77.83945916435671,8.555057091392563],[77.82029792597157,8.551700144390816],[77.81793893296748,8.534184528607788],[77.80716686518804,8.531831773722638],[77.81389340511974,8.528292742959641],[77.81374949501125,8.519720443474336],[77.8257119733743,8.515607784072046],[77.82665082693224,8.490046769348911],[77.8392935087301,8.484469665910119],[77.8381822136719,8.472927822997267],[77.84350416579167,8.471323449198513],[77.83279861915733,8.45711322300681],[77.8403820000548,8.451499221816254],[77.83200236686254,8.43243834070306],[77.84803945513232,8.423872943703858],[77.8514914040881,8.402797026653305],[77.85963174585163,8.399040668139257],[77.85701291155836,8.384881199734306],[77.83548557090195,8.382428954517966],[77.83492766590658,8.378387196578517],[77.85475723289677,8.375803107661161],[77.85314162812962,8.36708673380683],[77.84179730117485,8.366556819388984],[77.85006438354688,8.35819394063151],[77.84658742549358,8.354536309294527],[77.86026470868227,8.356422427883915],[77.8586266900505,8.34063549764603],[77.87215813624438,8.350355947321349],[77.87368789979958,8.345369390707235],[77.8835292258081,8.346703172695348],[77.88935303433779,8.342186735326452],[77.88985179784814,8.324333778588349],[77.9013535734211,8.321263673472707],[77.9256977029234,8.33102680307123],[77.9668503372676,8.333899789769387],[77.9700112662073,8.340874806283816],[77.97066573919743,8.334896627401317],[78.0033567115875,8.354702524882061],[77.99886777262057,8.370793112364144],[78.00952476351719,8.380330619225544],[78.00516800625445,8.38978257239878],[77.99599803976677,8.384268477814036],[77.98968485871472,8.389921362718425],[77.99323265611469,8.397302936320534],[77.98435511011658,8.406464622843977],[77.98587129294134,8.422350457276988],[77.97944285893664,8.424336741017301],[77.98788871323671,8.42772974061993],[77.97818718484933,8.431945649447934],[77.97761748946586,8.440937818404974],[77.9666343418491,8.441754109442758],[77.97130319270622,8.446879693464005],[77.95754181732546,8.45145774471499],[77.97325855378851,8.495695328624114],[77.971172372848,8.506696346991653],[77.98286728261377,8.49504639121541],[77.99372467597217,8.494066938838309],[77.97251773114002,8.511402623329701],[77.97256857488676,8.533348221851218],[77.9391225631105,8.547312821354822],[77.92571235175073,8.522149610194507],[77.91381590854422,8.542989416008197],[77.89931921269606,8.54622331840051],[77.88206535547562,8.541210000683925],[77.88155221981904,8.547137359434235],[77.8702888580208,8.547101242252992],[77.87042497973582,8.55427645090949],[77.85844368346419,8.556871342225428],[77.85731680443244,8.56670046465215],[77.84900498685757,8.568363827647989]]]}},{"type":"Feature","properties":{"id":"t:05870","name":"Sivagiri","taluk":"Sivagiri","district":"Tirunelveli","state":"Tamil Nadu","sdtcode":"05870","dtcode":"628"},"geometry":{"type":"Polygon","coordinates":[[[77.3397798718661,9.420052212279877],[77.33644384600616,9.412367180132899],[77.34381980770114,9.402201196595595],[77.3344763172433,9.381323356799921],[77.33797834547954,9.368707194551952],[77.32521031546186,9.337223227046813],[77.29997996289751,9.336804627085732],[77.29945927330768,9.311021161307833],[77.28279947557789,9.300893233903398],[77.28845019671861,9.274283688948293],[77.2827296064117,9.273336508922291],[77.27528876209865,9.234843703930592],[77.28266540292006,9.219274435748565],[77.27103722270851,9.199344115608419],[77.31189215626588,9.175148470585508],[77.33629940319668,9.183401651746902],[77.35603231146229,9.169397323368823],[77.3989161385979,9.163625050419945],[77.3984257258264,9.155476805166948],[77.41733360786037,9.158386532537236],[77.42252878972724,9.150594700591554],[77.43617668542971,9.152873683114601],[77.43884393083196,9.14064436355532],[77.4295912330999,9.133966206367454],[77.43814994813904,9.1266088484215],[77.45350219137892,9.13116244595802],[77.45399868125331,9.137250283863063],[77.47982029146296,9.141253681181963],[77.48281592140721,9.182514932832559],[77.46491202438254,9.186234924913883],[77.46490894675438,9.200229458694611],[77.4754264607284,9.202654409085778],[77.49834278186697,9.187161166811299],[77.50738801278587,9.204334145719848],[77.47974844061325,9.219032453057954],[77.48911871523961,9.226829478592201],[77.48068528463992,9.252807801233468],[77.49074482849895,9.250171567799338],[77.49229710922506,9.259014287752876],[77.47101276105641,9.262843226773311],[77.47199248706148,9.280101947427623],[77.47492301250384,9.285015153247944],[77.48895339558295,9.281873282162804],[77.49255404805758,9.287792526200882],[77.51088172891079,9.28899034314233],[77.51197001541959,9.30097946692377],[77.5305509493177,9.32067713579336],[77.5379061500482,9.31939525816297],[77.54000629889305,9.311050653597471],[77.5513434698683,9.309986470500473],[77.550361731637,9.324592443404214],[77.538335063257,9.332898485676642],[77.54143699264546,9.341795902476287],[77.52484687274067,9.341958617377545],[77.52204944977566,9.335068341339564],[77.50686232586813,9.331989362644816],[77.47464554537045,9.340854201611032],[77.47143339449326,9.328495615221023],[77.46414234425386,9.32946933995185],[77.45897358812769,9.336373532599326],[77.46796088310064,9.34675985874844],[77.44131718684527,9.354378167450376],[77.43842017664784,9.368202751138181],[77.450432984023,9.370045002395315],[77.43390841957437,9.390987433534422],[77.41967022383072,9.399375059673297],[77.3890057563985,9.392343028896793],[77.3397798718661,9.420052212279877]]]}},{"type":"Feature","properties":{"id":"t:05871","name":"Sankarankoil","taluk":"Sankarankoil","district":"Tirunelveli","state":"Tamil Nadu","sdtcode":"05871","dtcode":"628"},"geometry":{"type":"Polygon","coordinates":[[[77.53342182842182,9.375603600431887],[77.5292427722953,9.360449267057191],[77.51899324463517,9.356852371951975],[77.5275026780978,9.349052322103063],[77.52484687274067,9.341958617377545],[77.54143699264546,9.341795902476287],[77.538335063257,9.332898485676642],[77.550361731637,9.324592443404214],[77.5513434698683,9.309986470500473],[77.54000629889305,9.311050653597471],[77.5379061500482,9.31939525816297],[77.5305509493177,9.32067713579336],[77.51197001541959,9.30097946692377],[77.51088172891079,9.28899034314233],[77.49255404805758,9.287792526200882],[77.48895339558295,9.281873282162804],[77.47492301250384,9.285015153247944],[77.47184543734105,9.279690487669225],[77.47101276105641,9.262843226773311],[77.49229710922506,9.259014287752876],[77.49074482849895,9.250171567799338],[77.48068528463992,9.252807801233468],[77.48911871523961,9.226829478592201],[77.47974844061325,9.219032453057954],[77.50738801278587,9.204334145719848],[77.49834278186697,9.187161166811299],[77.4754264607284,9.202654409085778],[77.46490894675438,9.200229458694611],[77.46491202438254,9.186234924913883],[77.48281592140721,9.182514932832559],[77.47982029146296,9.141253681181963],[77.45399868125331,9.137250283863063],[77.45350219137892,9.13116244595802],[77.43951212199481,9.126476602559139],[77.4295912330999,9.133966206367454],[77.43884393083196,9.14064436355532],[77.43617668542971,9.152873683114601],[77.42252878972724,9.150594700591554],[77.41363555016116,9.158501726354217],[77.3984257258264,9.155476805166948],[77.39330505292415,9.147579283465928],[77.390494528929,9.130278460625457],[77.4107375563085,9.103813784577454],[77.39926884502619,9.103116834720176],[77.40404166958922,9.106793183819569],[77.40012171184516,9.11224335901214],[77.39226215738827,9.109559609997634],[77.394797920874,9.102990036104394],[77.38711158316346,9.092369771373766],[77.41093247814871,9.087607886938203],[77.39835059073603,9.07570993076102],[77.4025201058559,9.075885150809723],[77.40193323288756,9.049970873943202],[77.42617323417367,9.05095688857656],[77.4224563819221,9.024646745139789],[77.47185688816599,9.02391835997109],[77.48825482160058,9.043521332622639],[77.52277557508782,9.046883503401808],[77.52879101852207,9.084777768748301],[77.55133690138692,9.084037481444904],[77.55539290628583,9.06617706277104],[77.5680592497083,9.065799700464588],[77.56786476265263,9.059045672947063],[77.58333723641016,9.05568458281763],[77.59744232608325,9.029850294363392],[77.6197435141529,9.032012529221783],[77.62108536003213,9.015507379977274],[77.60470571180515,9.01472452239219],[77.59530605777742,8.985791367574974],[77.61258938602741,8.98223941241965],[77.60957178418963,8.950793017276501],[77.6284354861796,8.946788168441717],[77.63437338164866,8.95529620820041],[77.65461513252212,8.956579398592545],[77.65682753125164,8.934436664220907],[77.69474140033174,8.918916849593868],[77.69120621348175,8.955142107490833],[77.68088673401044,8.96425746458206],[77.67589777029848,8.989420456562579],[77.69047645358594,8.994056649996457],[77.70294852644676,8.96897350241169],[77.71979388287659,8.966727563606744],[77.72157480640207,8.978865206943228],[77.72913753952275,8.983167015842564],[77.72675861380084,8.99676596525899],[77.72192469930694,9.002648378373467],[77.68903415719335,8.999856672223746],[77.68817267193756,9.014770698609528],[77.69658643122916,9.02044279771131],[77.69386463652958,9.032079646807892],[77.71354527721871,9.045664927271483],[77.70166110230406,9.063153585537924],[77.70414649006526,9.073532590065428],[77.7390667441223,9.073076338998932],[77.74477228764817,9.079964217804607],[77.73989141372277,9.106890894851869],[77.69320429574401,9.101373099676767],[77.67983250443065,9.105927503353485],[77.67401909659533,9.138169798531626],[77.68823818068134,9.13291479392053],[77.70043022441355,9.138183829511938],[77.69002587391081,9.158980772384131],[77.70455298671446,9.165727546136392],[77.70575894623731,9.18849340840922],[77.73683694592403,9.188074216180654],[77.74422616585436,9.162493963801806],[77.78349730758204,9.164449511007417],[77.80415746137552,9.180070978530088],[77.81608609211699,9.171088118633968],[77.83859291533494,9.16837760573843],[77.8395975354532,9.186303068824355],[77.85104732821559,9.186137651571784],[77.85939339585727,9.198997127539178],[77.85773660872428,9.215144168321514],[77.85091636372864,9.219710202619344],[77.85232460049725,9.233740056135076],[77.84726544512397,9.244397217860303],[77.80573918169014,9.246312245621192],[77.80665677392194,9.252376568724387],[77.79636291080925,9.25629371166652],[77.7965775057542,9.27311512840651],[77.77341823165382,9.276544641378463],[77.77408471691591,9.269388647879147],[77.78782920127439,9.262810395030426],[77.7895725913907,9.25161361746907],[77.7830141379267,9.249362754975142],[77.77992761105212,9.237834217183256],[77.77018163941437,9.2359959670046],[77.7583860329968,9.26670741041729],[77.74151575819933,9.264464138984732],[77.73910001951704,9.280648862818596],[77.72185705616603,9.280215178588927],[77.7120165467261,9.291528211008728],[77.6556258692691,9.283467236049498],[77.6412912510578,9.292681006247193],[77.6033042438422,9.301255801089699],[77.60407296906175,9.307069459208517],[77.58554991182076,9.30872213441901],[77.59087394264213,9.315485666720368],[77.58948693755524,9.347672489667191],[77.57294259040744,9.343131504783612],[77.57477972601183,9.354229972660523],[77.56029174292364,9.353562855561263],[77.54974788944715,9.3632754154224],[77.55462148342546,9.370387483466098],[77.53342182842182,9.375603600431887]]]}},{"type":"Feature","properties":{"id":"t:05872","name":"Veerakeralamputhur","taluk":"Veerakeralamputhur","district":"Tirunelveli","state":"Tamil Nadu","sdtcode":"05872","dtcode":"628"},"geometry":{"type":"Polygon","coordinates":[[[77.5339346388883,9.08660104410376],[77.52879101852207,9.084777768748301],[77.52832096157495,9.05753586580615],[77.52232087753539,9.04645392588568],[77.48825482160058,9.043521332622639],[77.47185688816599,9.02391835997109],[77.41569282511246,9.02659640588941],[77.41045810120337,9.01082685076873],[77.39383903039365,8.995648024878012],[77.41237063240959,8.969598460984395],[77.40033930267157,8.962103914834314],[77.400625246308,8.954305629871008],[77.41189552064233,8.945936971147807],[77.40793493748787,8.939156172437512],[77.43917494833609,8.921037968261308],[77.44811824113148,8.925728986578173],[77.45424619586016,8.923779387109978],[77.45263104025067,8.917735471340016],[77.47418538067123,8.92141508835847],[77.48755696716871,8.910200058239678],[77.49601017777267,8.916585340252826],[77.50994123862239,8.91242443667424],[77.49893581637988,8.920409922293475],[77.50914775313868,8.920100390292067],[77.5163774610206,8.930947966823112],[77.52358000295,8.927048758235227],[77.54434640857697,8.951732885564086],[77.59176841134021,8.940145177819995],[77.59665533991058,8.945303834533128],[77.614018561627,8.942475059903032],[77.61824698646657,8.934202297644287],[77.62132921490254,8.948754658558489],[77.60957178418963,8.950793017276501],[77.61258938602741,8.98223941241965],[77.59530605777742,8.985791367574974],[77.60470571180515,9.01472452239219],[77.62108536003213,9.015507379977274],[77.6197435141529,9.032012529221783],[77.59744232608325,9.029850294363392],[77.58333723641016,9.05568458281763],[77.56786476265263,9.059045672947063],[77.5680592497083,9.065799700464588],[77.55539290628583,9.06617706277104],[77.55133690138692,9.084037481444904],[77.53586907281773,9.081149601045992],[77.5339346388883,9.08660104410376]]]}},{"type":"Feature","properties":{"id":"t:05873","name":"Tenkasi","taluk":"Tenkasi","district":"Tirunelveli","state":"Tamil Nadu","sdtcode":"05873","dtcode":"628"},"geometry":{"type":"Polygon","coordinates":[[[77.27103722270851,9.199344115608419],[77.2563019271344,9.199426654448114],[77.25247399640129,9.189545985681269],[77.26428277571418,9.186162688434855],[77.26779965220373,9.153421294915477],[77.23487214172125,9.110764890460873],[77.23008184312933,9.09510339176259],[77.2367565942866,9.08552765678209],[77.23170888614496,9.076687104310984],[77.24629616091984,9.070258619293229],[77.24690703866924,9.062867067172473],[77.25291662239293,9.065288091952421],[77.24276916041704,9.081055495965195],[77.2517830077932,9.092868065118077],[77.24667635759249,9.102559152691724],[77.29634695041139,9.073540388336832],[77.30469289408558,9.065970343515925],[77.30295704891934,9.048369683803454],[77.31537857986733,9.047694590861528],[77.30813809220197,9.033701958447102],[77.3133963223271,9.019403230218145],[77.30094527184055,9.02030381164538],[77.30628338824557,9.006772596246853],[77.30331464218281,8.995942996407196],[77.2792590704144,9.000466915658855],[77.26828918372794,8.992132041565913],[77.26205431331076,8.994697855576879],[77.25770162182297,8.984167670502874],[77.26429846209567,8.986891287407207],[77.29763799027309,8.962587831673831],[77.28228257418363,8.966969166754383],[77.2729917896801,8.957052615008083],[77.2571733459606,8.958996101715234],[77.23748218330452,8.93342351976677],[77.23157124268387,8.947032577442613],[77.2247826615054,8.944724265047714],[77.22088971700022,8.904594637247262],[77.23846253004545,8.897858591391177],[77.23757246488891,8.885792981770892],[77.24593476778274,8.879836675750694],[77.2732829336637,8.876086250224594],[77.29488701020829,8.882384737304273],[77.31314891911131,8.872501612136958],[77.33130367966221,8.875673513623523],[77.34159120516055,8.868120554664237],[77.38641044628758,8.871553837711721],[77.38548302379164,8.866160585837985],[77.40057407287951,8.86445125013419],[77.40534886834625,8.890865740632657],[77.39197964441797,8.892638513684764],[77.39525345565625,8.908890497350757],[77.38930278075395,8.912321927744657],[77.39302662369506,8.92597447551641],[77.3865485020754,8.938117346243185],[77.39499535170881,8.92997978568139],[77.40603401970166,8.93267356362967],[77.41260906594722,8.943265154892071],[77.400625246308,8.954305629871008],[77.40033930267157,8.962103914834314],[77.41242062545177,8.969376940763892],[77.39383903039365,8.995648024878012],[77.41045810120337,9.01082685076873],[77.41569282511246,9.02659640588941],[77.42114646935455,9.025631565733251],[77.42657676728074,9.04854715631994],[77.40193323288756,9.049970873943202],[77.4025201058559,9.075885150809723],[77.39835059073603,9.07570993076102],[77.41093247814871,9.087607886938203],[77.3871583647285,9.09204467730161],[77.394797920874,9.102990036104394],[77.39226215738827,9.109559609997634],[77.40012171184516,9.11224335901214],[77.40404166958922,9.106793183819569],[77.39926884502619,9.103116834720176],[77.41079160254924,9.102896175367485],[77.3903853144517,9.130578195311807],[77.39900935857156,9.163396145338584],[77.35603231146229,9.169397323368823],[77.33629940319668,9.183401651746902],[77.31189215626588,9.175148470585508],[77.27103722270851,9.199344115608419]]]}},{"type":"Feature","properties":{"id":"t:05874","name":"Shenkottai","taluk":"Shenkottai","district":"Tirunelveli","state":"Tamil Nadu","sdtcode":"05874","dtcode":"628"},"geometry":{"type":"Polygon","coordinates":[[[77.24329434607485,9.12452949091252],[77.21127227092342,9.098678004001082],[77.20560332745718,9.083880159817408],[77.20879007307983,9.07415400203438],[77.19671144255052,9.056634893100957],[77.19717519062944,9.046550661534809],[77.16701279789774,9.044890539095757],[77.16093707301631,9.029217952922114],[77.14700999349995,9.02136628412851],[77.16159106091618,8.995159140869584],[77.17348586110406,8.991342463714174],[77.17812079606757,8.969217450167667],[77.1854686045616,8.970301412868384],[77.19620524368457,8.954698625123994],[77.19464924303485,8.924233644267888],[77.20294134887745,8.923143711185617],[77.21036716617242,8.932000017402112],[77.2213048859852,8.927519190106208],[77.2217193983017,8.920835658378138],[77.2286479684425,8.947548723712002],[77.23748218330452,8.93342351976677],[77.2571733459606,8.958996101715234],[77.2729917896801,8.957052615008083],[77.28228257418363,8.966969166754383],[77.29763799027309,8.962587831673831],[77.25709149776011,8.986680987748663],[77.275735153828,8.999896317476221],[77.30331464218281,8.995942996407196],[77.30628338824557,9.006772596246853],[77.30094527184055,9.02030381164538],[77.3133963223271,9.019403230218145],[77.30813809220197,9.033701958447102],[77.31537857986733,9.047694590861528],[77.30295704891934,9.048369683803454],[77.30469289408558,9.065970343515925],[77.29634695041139,9.073540388336832],[77.24667635759249,9.102559152691724],[77.2517830077932,9.092868065118077],[77.24276916041704,9.081055495965195],[77.25291662239293,9.065288091952421],[77.24690703866924,9.062867067172473],[77.24629616091984,9.070258619293229],[77.23263252673358,9.073129476596325],[77.2367565942866,9.08552765678209],[77.2301350377672,9.096345833786017],[77.24329434607485,9.12452949091252]]]}},{"type":"Feature","properties":{"id":"t:05875","name":"Alangulam","taluk":"Alangulam","district":"Tirunelveli","state":"Tamil Nadu","sdtcode":"05875","dtcode":"628"},"geometry":{"type":"Polygon","coordinates":[[[77.55239375764062,8.952182174076444],[77.54101875321886,8.94955755366776],[77.52358000295,8.927048758235227],[77.5163774610206,8.930947966823112],[77.50914775313868,8.920100390292067],[77.49893581637988,8.920409922293475],[77.51016255386398,8.916936277829913],[77.50400021791445,8.910306757531341],[77.49601017777267,8.916585340252826],[77.48422944925285,8.910910754381634],[77.4673846021678,8.922849808503525],[77.46328276701973,8.917999986494356],[77.45195823534054,8.917871222855624],[77.45424619586016,8.923779387109978],[77.44879108197426,8.925692698392092],[77.43917494833609,8.921037968261308],[77.41239947551674,8.938559081990684],[77.39499535170881,8.92997978568139],[77.38679856789764,8.938614624710231],[77.39302662369506,8.92597447551641],[77.38930278075395,8.912321927744657],[77.39525345565625,8.908890497350757],[77.39197964441797,8.892638513684764],[77.40563512459637,8.889156877721419],[77.40362886227514,8.867353403623126],[77.38548302379164,8.866160585837985],[77.38432357274597,8.848394009007759],[77.39383237836893,8.84872833786099],[77.4071811638279,8.83875031640428],[77.4008490417981,8.828248966572149],[77.4149203027142,8.82571180614401],[77.42026991755485,8.787334455259005],[77.44175780869551,8.767910346895308],[77.45001863430159,8.763984892619101],[77.46076295581686,8.77133808254365],[77.455808211629,8.786379714005655],[77.46272589149362,8.790175726211526],[77.46275409320366,8.81404537823879],[77.48656243872439,8.806091941786592],[77.49011372607924,8.797049397892032],[77.49893177575773,8.801424474293341],[77.50627449978725,8.795227285855221],[77.51092397937354,8.808913126162784],[77.51988399251134,8.80133905531827],[77.51337873458355,8.792105740997197],[77.52005319827992,8.781895353057587],[77.53757477950619,8.790136890076322],[77.5536908737069,8.78538016691985],[77.5692961463112,8.789786333093302],[77.56989266359246,8.811486120911594],[77.58522073226975,8.826745864505959],[77.59425720281801,8.868242970988895],[77.58977450265073,8.875493769695249],[77.57716061455268,8.873308614701232],[77.5724364346606,8.88200584892172],[77.56366844000804,8.877999003276145],[77.5707464646593,8.905278394868635],[77.56084434606225,8.910199775135249],[77.59284403879005,8.910850904087383],[77.59332457907654,8.925678987489599],[77.59176841134021,8.940145177819995],[77.55239375764062,8.952182174076444]]]}},{"type":"Feature","properties":{"id":"t:05876","name":"Tirunelveli","taluk":"Tirunelveli","district":"Tirunelveli","state":"Tamil Nadu","sdtcode":"05876","dtcode":"628"},"geometry":{"type":"Polygon","coordinates":[[[77.64968652032593,8.95652541504768],[77.63437338164866,8.95529620820041],[77.62960843800565,8.946978078684786],[77.62158379565744,8.949351360471734],[77.61824698646657,8.934202297644287],[77.614018561627,8.942475059903032],[77.59314555741685,8.944842405126208],[77.59284403879005,8.910850904087383],[77.56114883272275,8.910950293075057],[77.5707464646593,8.905278394868635],[77.56366844000804,8.877999003276145],[77.5724364346606,8.88200584892172],[77.57716061455268,8.873308614701232],[77.58977450265073,8.875493769695249],[77.59425720281801,8.868242970988895],[77.58522073226975,8.826745864505959],[77.56989266359246,8.811486120911594],[77.5692961463112,8.789786333093302],[77.5545815829555,8.785610898864046],[77.56907235621098,8.76786953303525],[77.55538744722384,8.74476415791099],[77.56583535344147,8.709951515229772],[77.56088405608936,8.702843949561318],[77.57709550376255,8.7020735350162],[77.59631557910382,8.69053870064697],[77.63102707996019,8.690445343251909],[77.65815011455624,8.678224658540037],[77.6621395084785,8.682867214594589],[77.65287189871269,8.693442005281137],[77.65896999523795,8.703192962518866],[77.67349991348026,8.700488183282557],[77.67633154339298,8.708344995066719],[77.69989986805294,8.711691361525316],[77.7209673557255,8.74252774450094],[77.77209904577761,8.780187660124978],[77.8116530499203,8.786621015149947],[77.80610102667985,8.826768911247864],[77.80796680776201,8.838744781922008],[77.81986536380609,8.843651933704159],[77.80762977783372,8.866601632746587],[77.81207434990706,8.872059028836214],[77.80371823820221,8.878571800971063],[77.76186352914092,8.886942271555021],[77.75990039224152,8.927732279470918],[77.74503124409681,8.93316325322026],[77.7371247616495,8.931718938897774],[77.73625409561151,8.924006813496124],[77.69715234740029,8.926696610159029],[77.69474140033174,8.918916849593868],[77.68469891009008,8.919099269167853],[77.65682753125164,8.934436664220907],[77.65461513252212,8.956579398592545],[77.64968652032593,8.95652541504768]]]}},{"type":"Feature","properties":{"id":"t:05877","name":"Palayamkottai","taluk":"Palayamkottai","district":"Tirunelveli","state":"Tamil Nadu","sdtcode":"05877","dtcode":"628"},"geometry":{"type":"Polygon","coordinates":[[[77.81861620969113,8.838642723746258],[77.80796680776201,8.838744781922008],[77.80610102667985,8.826768911247864],[77.8116530499203,8.786621015149947],[77.77209904577761,8.780187660124978],[77.7209673557255,8.74252774450094],[77.69989986805294,8.711691361525316],[77.67633154339298,8.708344995066719],[77.67349991348026,8.700488183282557],[77.65847470641111,8.702677628737996],[77.65294890858706,8.690087568926357],[77.6621395084785,8.682867214594589],[77.6618825103572,8.654729761678084],[77.65509399206074,8.63651591300286],[77.63409758807664,8.644839465487099],[77.62472581236543,8.629102482056771],[77.63378835741314,8.626267975447123],[77.64264561136726,8.60510587329595],[77.67498695585547,8.602644218687201],[77.68071092562448,8.607101047308637],[77.6881499346794,8.598153320597124],[77.72355260380694,8.616564232584574],[77.74574192557259,8.613967830031758],[77.750382091426,8.607652330284015],[77.76975608051482,8.621384489853408],[77.78940694744216,8.622478939966296],[77.79263388638556,8.614784522448671],[77.80555322683308,8.612024575655678],[77.8188641474045,8.63155839487613],[77.81902479851664,8.650366678771086],[77.80600992583194,8.647394147526413],[77.80842927663997,8.658408244907212],[77.82422298704478,8.67493565709918],[77.82418111297613,8.681952064716505],[77.81020116131705,8.683401787899939],[77.82799060219476,8.734515454704992],[77.81800643956446,8.757286794697638],[77.81798529322268,8.776048028362911],[77.84380576616516,8.78679734008794],[77.85156680957135,8.802250033498202],[77.83123429202324,8.83354066303231],[77.81861620969113,8.838642723746258]]]}},{"type":"Feature","properties":{"id":"t:05878","name":"Ambasamudram","taluk":"Ambasamudram","district":"Tirunelveli","state":"Tamil Nadu","sdtcode":"05878","dtcode":"628"},"geometry":{"type":"Polygon","coordinates":[[[77.29752369672117,8.881625849830135],[77.25612219400898,8.87884760656571],[77.26399115562349,8.84206893499998],[77.24230703020396,8.809366299470366],[77.23195413160741,8.807153885202998],[77.22971675791639,8.78466360073648],[77.21304194664326,8.77862477685658],[77.21753311882196,8.76768967091441],[77.19686125369213,8.768312686031987],[77.19824447777,8.75355166274415],[77.19104904151447,8.741642236905557],[77.17246905084744,8.749632328748504],[77.17009171065199,8.745522453727403],[77.18070032816884,8.718442724647339],[77.19494266245104,8.707880387798715],[77.20674320690772,8.68453469620619],[77.20085477806809,8.668967151607596],[77.21417618647044,8.649261488072668],[77.22933222058431,8.639914279584179],[77.23456320840009,8.626971580486513],[77.24896541854834,8.623942922415894],[77.25198069015629,8.608350636354823],[77.2463520882328,8.603589690871823],[77.26762836863186,8.579360784161064],[77.28699834674295,8.566901782858052],[77.35071828158503,8.546559272699024],[77.36308428497033,8.531878570605466],[77.38182727494566,8.55234749413779],[77.40204118253693,8.552451041888604],[77.41037046246258,8.545972854223253],[77.43209103163487,8.57137349433575],[77.43642882905525,8.590801461719506],[77.46205581566534,8.572640317337587],[77.47435057186881,8.586191231221441],[77.55516136641965,8.595898695328362],[77.58708132917441,8.581464162736223],[77.59764147898848,8.58403305057571],[77.60343743525274,8.580566038296295],[77.59871401353881,8.57607649279931],[77.61472474523815,8.572858676686625],[77.60831104719739,8.581253521973785],[77.61190807407154,8.588789929306484],[77.60046093403416,8.601076779217784],[77.6133200801711,8.605413051959745],[77.61706739609058,8.610612147349757],[77.60988545792051,8.618310768226554],[77.62501201471665,8.6265798734384],[77.63409758807664,8.644839465487099],[77.65449883932038,8.63577001608764],[77.6618825103572,8.654729761678084],[77.66071656089879,8.672740735597582],[77.65226235765644,8.682542394586745],[77.63102707996019,8.690445343251909],[77.59631557910382,8.69053870064697],[77.57709550376255,8.7020735350162],[77.56088405608936,8.702843949561318],[77.56583535344147,8.709951515229772],[77.55559562550273,8.749199086004671],[77.56361271661267,8.752095623820184],[77.56907235621098,8.76786953303525],[77.56009637731565,8.77295381026965],[77.55830371999589,8.784386515536722],[77.53757477950619,8.790136890076322],[77.52005319827992,8.781895353057587],[77.51337873458355,8.792105740997197],[77.51988399251134,8.80133905531827],[77.51092397937354,8.808913126162784],[77.50627449978725,8.795227285855221],[77.49893177575773,8.801424474293341],[77.49011372607924,8.797049397892032],[77.48656243872439,8.806091941786592],[77.46275409320366,8.81404537823879],[77.46272589149362,8.790175726211526],[77.455808211629,8.786379714005655],[77.46141316989421,8.772978985767487],[77.45001863430159,8.763984892619101],[77.42026991755485,8.787334455259005],[77.4149203027142,8.82571180614401],[77.4008490417981,8.828248966572149],[77.4067125908976,8.833488177464758],[77.40438158041462,8.842240531655477],[77.38432357274597,8.848394009007759],[77.38641044628758,8.871553837711721],[77.34159120516055,8.868120554664237],[77.33130367966221,8.875673513623523],[77.31314891911131,8.872501612136958],[77.29752369672117,8.881625849830135]]]}},{"type":"Feature","properties":{"id":"t:05879","name":"Nanguneri","taluk":"Nanguneri","district":"Tirunelveli","state":"Tamil Nadu","sdtcode":"05879","dtcode":"628"},"geometry":{"type":"Polygon","coordinates":[[[77.63036322855851,8.627013918672642],[77.61227468821706,8.621796440877727],[77.61706739609058,8.610612147349757],[77.60046093403416,8.601076779217784],[77.61190807407154,8.588789929306484],[77.61273086259982,8.571583713312885],[77.59871401353881,8.57607649279931],[77.60343743525274,8.580566038296295],[77.59764147898848,8.58403305057571],[77.58708132917441,8.581464162736223],[77.55516136641965,8.595898695328362],[77.47435057186881,8.586191231221441],[77.46205581566534,8.572640317337587],[77.43642882905525,8.590801461719506],[77.43209103163487,8.57137349433575],[77.41037046246258,8.545972854223253],[77.40204118253693,8.552451041888604],[77.38182727494566,8.55234749413779],[77.36308428497033,8.531878570605466],[77.37433974698395,8.518182623975203],[77.37748024194586,8.524157959739108],[77.38944180223069,8.524047736927434],[77.4281634031766,8.512316025391554],[77.44690325264172,8.498280552449433],[77.44504401309146,8.474929578207481],[77.46621822960289,8.468901700477806],[77.4642687947065,8.461884292997738],[77.47216062203826,8.455387471210358],[77.4615032628324,8.4285765363197],[77.47283965856153,8.416424521464146],[77.47306469462504,8.397529217579303],[77.48920649591425,8.388516906942657],[77.49138509373455,8.379215857138623],[77.50722370014061,8.387111159241138],[77.5196595134033,8.382345325194398],[77.53135120001383,8.39302629836957],[77.54159278387195,8.378926265663136],[77.54488449583889,8.393323344366744],[77.55737115554328,8.39560133524242],[77.55814223524717,8.404375888857246],[77.56310185818529,8.40023484781537],[77.57719789373866,8.404572502254606],[77.58852401453758,8.41697918932819],[77.60320706229814,8.412721779252175],[77.60539929474783,8.425000605538017],[77.61201936635206,8.415692525127618],[77.62082706654017,8.42259172126342],[77.62761925894615,8.41854117720307],[77.61278681686223,8.409028827539322],[77.61386315847272,8.399761105769048],[77.62843188663022,8.399960408869433],[77.6311012538532,8.390570548865702],[77.63827877770197,8.390290252771404],[77.6639696911226,8.397615467029134],[77.65997106341754,8.411538413828648],[77.64426350683837,8.413305049111276],[77.64303929354897,8.431634153229616],[77.67512263200612,8.42486589855163],[77.69164713267433,8.435376170828668],[77.70975746165297,8.421734571491337],[77.72229414404396,8.394606193882751],[77.73639827251966,8.390090927821449],[77.7420419706315,8.407634780484933],[77.75500155829867,8.407777981951972],[77.75622658456344,8.395703098063821],[77.76809502728253,8.391493308129224],[77.76717496019212,8.36984261772658],[77.78175394082196,8.360330095022425],[77.78766257456894,8.36817978644493],[77.82762030136327,8.365637413799757],[77.83548557090195,8.382428954517966],[77.85701291155836,8.384881199734306],[77.85963174585163,8.399040668139257],[77.8514914040881,8.402797026653305],[77.8532430479252,8.41511193457016],[77.83200236686254,8.43243834070306],[77.8403820000548,8.451499221816254],[77.83279861915733,8.45711322300681],[77.84350416579167,8.471323449198513],[77.8381822136719,8.472927822997267],[77.8392935087301,8.484469665910119],[77.82665082693224,8.490046769348911],[77.8257119733743,8.515607784072046],[77.81374949501125,8.519720443474336],[77.81389340511974,8.528292742959641],[77.80716686518804,8.531831773722638],[77.81793893296748,8.534184528607788],[77.82029792597157,8.551700144390816],[77.8131353114616,8.553507577338804],[77.81202877477946,8.570475593873116],[77.7969232691037,8.565540207576381],[77.8030345852367,8.576238613766188],[77.78104941100923,8.583314181922956],[77.7860326273,8.619091787680249],[77.76975608051482,8.621384489853408],[77.750382091426,8.607652330284015],[77.74574192557259,8.613967830031758],[77.72355260380694,8.616564232584574],[77.6881499346794,8.598153320597124],[77.68071092562448,8.607101047308637],[77.67498695585547,8.602644218687201],[77.64264561136726,8.60510587329595],[77.63036322855851,8.627013918672642]]]}},{"type":"Feature","properties":{"id":"t:05880","name":"Radhapuram","taluk":"Radhapuram","district":"Tirunelveli","state":"Tamil Nadu","sdtcode":"05880","dtcode":"628"},"geometry":{"type":"Polygon","coordinates":[[[77.69329583856306,8.434186474994606],[77.67512263200612,8.42486589855163],[77.64303929354897,8.431634153229616],[77.64426350683837,8.413305049111276],[77.65997106341754,8.411538413828648],[77.6639696911226,8.397615467029134],[77.64184710609774,8.391176194805913],[77.6311012538532,8.390570548865702],[77.62843188663022,8.399960408869433],[77.61442164647475,8.398997146779141],[77.61278681686223,8.409028827539322],[77.62834563219329,8.417736490748915],[77.62082706654017,8.42259172126342],[77.61201936635206,8.415692525127618],[77.60539929474783,8.425000605538017],[77.60320706229814,8.412721779252175],[77.58852401453758,8.41697918932819],[77.57784257958374,8.40485288845402],[77.56310185818529,8.40023484781537],[77.55814223524717,8.404375888857246],[77.55737115554328,8.39560133524242],[77.54435186404568,8.392444504354353],[77.5441063410038,8.380841068760187],[77.53363165331263,8.368184697684027],[77.5419462871059,8.335388234636246],[77.53261816143268,8.33542619283228],[77.53083391953052,8.318775775272666],[77.56416110665259,8.278682120709224],[77.55340434526724,8.2813027831255],[77.55355481487395,8.277007912129271],[77.5629589757495,8.27571667524985],[77.55833058860605,8.269784008757027],[77.57418532785633,8.25593954158702],[77.57662371576184,8.244371191296384],[77.57210764228347,8.248692529933884],[77.56955782555345,8.243537839732184],[77.54830540530666,8.244845059093567],[77.54161909193334,8.231860043472253],[77.54541353167602,8.227384775107724],[77.5405093518589,8.221587859969686],[77.5497804524779,8.220143240077736],[77.54400467327322,8.216263007892666],[77.54366654650194,8.205611682828803],[77.5503103264432,8.202733256861562],[77.54542474804066,8.195711756930335],[77.55280817383736,8.191875009162157],[77.54164261521738,8.185371610649467],[77.5468165402497,8.179491021112545],[77.53836438247123,8.174289632077612],[77.54185217780012,8.159724031519378],[77.57183508803635,8.151976175966277],[77.58366764934809,8.154703866591534],[77.5892738850176,8.14009594272877],[77.64216530015115,8.154261079431764],[77.72955638351557,8.164139602758144],[77.75796443297273,8.145306632942306],[77.80045960489895,8.169247446039233],[77.80445356405946,8.20276495594488],[77.83255706217743,8.229070670084385],[77.84108011859135,8.251660829583424],[77.89088375190381,8.270485888983497],[77.94913075567462,8.311583545041724],[77.97350579261258,8.338089170716659],[77.9256977029234,8.33102680307123],[77.91206127780877,8.321828092533181],[77.89259781382272,8.32218176577686],[77.8835292258081,8.346703172695348],[77.87368789979958,8.345369390707235],[77.87215813624438,8.350355947321349],[77.8586266900505,8.34063549764603],[77.86026470868227,8.356422427883915],[77.84658742549358,8.354536309294527],[77.85006438354688,8.35819394063151],[77.84179730117485,8.366556819388984],[77.85314162812962,8.36708673380683],[77.85261893260177,8.377389805311465],[77.8375922298377,8.380385770733087],[77.82762030136327,8.365637413799757],[77.78766257456894,8.36817978644493],[77.78449128985068,8.360371509882869],[77.77411790427577,8.362877878422477],[77.76717496019212,8.36984261772658],[77.76809502728253,8.391493308129224],[77.75622658456344,8.395703098063821],[77.75500155829867,8.407777981951972],[77.7420419706315,8.407634780484933],[77.73639827251966,8.390090927821449],[77.72229414404396,8.394606193882751],[77.70975746165297,8.421734571491337],[77.69329583856306,8.434186474994606]]]}},{"type":"Feature","properties":{"id":"t:05881","name":"Vilavancode","taluk":"Vilavancode","district":"Kanniyakumari","state":"Tamil Nadu","sdtcode":"05881","dtcode":"629"},"geometry":{"type":"MultiPolygon","coordinates":[[[[77.22728875723051,8.187268345453349],[77.22738690446349,8.187630156764202],[77.2273853413949,8.188036955579316],[77.22714850146855,8.188275734402172],[77.22683143659745,8.1880849434255],[77.22683368058905,8.187461402398789],[77.22689876712464,8.187122336534445],[77.22728875723051,8.187268345453349]]],[[[77.27958953994619,8.570597938995167],[77.26898629076145,8.578931843347632],[77.28375606367617,8.54685140048988],[77.26209978423381,8.506664204389384],[77.238725936748,8.496029892456802],[77.22935969555726,8.508198883370302],[77.21351972191532,8.512028502525766],[77.20127547528531,8.500969788757327],[77.210424206498,8.491866360994857],[77.21298840974727,8.470381766709512],[77.22517214945302,8.45962520529627],[77.22699535039071,8.446731115514014],[77.20597543749562,8.443997888584766],[77.1960286708323,8.428892305671754],[77.19685899442919,8.419615802270112],[77.16766809913456,8.383723029823733],[77.16056963870889,8.389355478942917],[77.15067447307214,8.384458134764637],[77.15937104806633,8.381189724133518],[77.16080124235546,8.373644705889337],[77.15238484561016,8.35507467547309],[77.16760376718379,8.3633676782322],[77.17388001759619,8.358523387673078],[77.17507657984284,8.35001897597554],[77.16654339492412,8.34254030750611],[77.1802919477525,8.323434005256969],[77.17283108448333,8.318757080693052],[77.16848117956958,8.332553534658402],[77.15332077066029,8.326934361277125],[77.14822419416721,8.331711641557535],[77.11902156148506,8.320868755462792],[77.12237469755617,8.308932391321026],[77.10297102453711,8.306402047633503],[77.09773261034887,8.293584287566345],[77.15217541238482,8.251886970989768],[77.18616871825637,8.217086644819577],[77.22367193148747,8.1957501989268],[77.22967922360887,8.185509906716996],[77.23936148403175,8.206100779536252],[77.26899713073199,8.207864075164611],[77.27332796351394,8.221618658684996],[77.27325641180326,8.228668108799674],[77.25057123078057,8.228890727531793],[77.2406598146203,8.240038827552015],[77.24859489044307,8.254866245446255],[77.24163121234436,8.265047413557095],[77.24941133237391,8.27170378697931],[77.25151652256412,8.294403715106473],[77.25758562326865,8.29399136768077],[77.2441950544709,8.312169733345817],[77.24980322151828,8.319491668915536],[77.24440241887615,8.333360550018403],[77.25182229112055,8.343470729189546],[77.24520424342063,8.347221369498248],[77.25803815138966,8.35416046351838],[77.26125723815916,8.36673062248148],[77.25635099940342,8.397818470820686],[77.26719525849406,8.397523349598035],[77.28704677491992,8.424533531781856],[77.302546129864,8.431743115842957],[77.30134893340676,8.44181454193986],[77.31308875264851,8.458759505534383],[77.30221070612342,8.468372226600662],[77.30877139100255,8.484175430097046],[77.29961348888915,8.488825115174034],[77.30167257214912,8.513682071886754],[77.30998297757233,8.520040482277974],[77.31043820333414,8.540121779958682],[77.33078289485097,8.540856231081232],[77.33480341809278,8.553121962941468],[77.27958953994619,8.570597938995167]]]]}},{"type":"Feature","properties":{"id":"t:05882","name":"Kalkulam","taluk":"Kalkulam","district":"Kanniyakumari","state":"Tamil Nadu","sdtcode":"05882","dtcode":"629"},"geometry":{"type":"MultiPolygon","coordinates":[[[[77.25083973452402,8.167923681494914],[77.2508843430644,8.16792406829811],[77.25095191883165,8.16793801188548],[77.25098893930284,8.16796482134521],[77.25102928443887,8.167992296815838],[77.25106517213449,8.168019623787805],[77.25109756718025,8.16805127850609],[77.25113364981027,8.168105842630561],[77.25115571423028,8.168146045242969],[77.25118749033683,8.168196018404107],[77.25120493022975,8.168241065379933],[77.25122331425204,8.168291143454987],[77.251228177731,8.168345216707305],[77.25122284353483,8.16840394759054],[77.25121862414794,8.168462715811554],[77.2511912857189,8.168512369709745],[77.25116825471164,8.168566616326364],[77.25113149026033,8.168598169632306],[77.25108199847804,8.168643189886726],[77.25104523312841,8.168674744075831],[77.25100861869575,8.168701856703628],[77.25094954907594,8.16873321704229],[77.25090862722149,8.168755740500533],[77.2508498765036,8.168777661968566],[77.25079074579831,8.168777898495971],[77.25071363441434,8.168781975481645],[77.25066004990764,8.168750163432746],[77.25061827195873,8.168732086867958],[77.2505646865537,8.168700274815077],[77.25052322750673,8.168672762046732],[77.25046533557823,8.168636358154593],[77.25042370764795,8.168613840914027],[77.2503927463134,8.168572785604745],[77.25036095313885,8.16852336557405],[77.25034353211055,8.168477764657567],[77.25033851861293,8.168428132985092],[77.25033016248418,8.168378391045483],[77.2503249980696,8.168333200034446],[77.25032094846432,8.168288049032398],[77.25032531966646,8.168224840110696],[77.25034850069238,8.168166151882847],[77.25037183263527,8.16810302563768],[77.25040793502822,8.168058110248209],[77.25045378324367,8.168021860132058],[77.25050376909934,8.167995198283792],[77.25055823126006,8.167968129178947],[77.2506168490273,8.167950092592841],[77.25067529880957,8.167937050657379],[77.25072134016284,8.167928039477363],[77.25078953576762,8.167923661932454],[77.25083973452402,8.167923681494914]]],[[[77.24630157057449,8.171649727549461],[77.24630338247641,8.172156089652153],[77.24596875374486,8.172154835889636],[77.24552961680979,8.171945542855923],[77.24507268155402,8.171537242663025],[77.24454560494253,8.171684567073898],[77.24403483724501,8.171186085312039],[77.24331075110857,8.170826588769764],[77.24355259644769,8.170438470428302],[77.2441535190671,8.169889598022236],[77.24509198095957,8.16971666046981],[77.24540416079219,8.169952248263808],[77.24535365571026,8.170191749277647],[77.24485021916378,8.17026706520099],[77.24470839224841,8.170600749755915],[77.24475692822323,8.171011980807357],[77.24511895377432,8.1711264238505],[77.2458405866117,8.17119627727003],[77.24612955038411,8.171359944322937],[77.24630157057449,8.171649727549461]]],[[[77.2448615864454,8.17375042779432],[77.24495652399789,8.173845880521235],[77.245046702276,8.173950065064094],[77.24501434406115,8.174049014923817],[77.24497316079696,8.174112098436451],[77.2448005495151,8.174201881609628],[77.24466356721405,8.174359557856732],[77.24453198738114,8.174390698121224],[77.2443516056721,8.174281811664484],[77.24412984935768,8.174208767486977],[77.24412966250809,8.174082599593076],[77.2442389192062,8.173920102941073],[77.24439400884846,8.17372191058972],[77.24467106814667,8.17367732394378],[77.2448615864454,8.17375042779432]]],[[[77.2372023913312,8.176368051477445],[77.23693767937654,8.176705934097752],[77.2365026773867,8.176736289919564],[77.23633580005134,8.176591162768302],[77.2361421421407,8.176183363495515],[77.23572609729833,8.175852544118452],[77.23560789607494,8.175752409422241],[77.23558603467417,8.175607726505692],[77.23603653439926,8.17525221305708],[77.23623436767934,8.175438397081008],[77.23661877116247,8.175945441714248],[77.23717291670839,8.175527280988797],[77.23717388060072,8.175301668710954],[77.23721276687273,8.17458325180008],[77.23748171079069,8.174317764223002],[77.23889814199136,8.173802500519434],[77.23911489828289,8.173957082545824],[77.23918686681185,8.174269072260088],[77.23926718787637,8.17463080823187],[77.23941161990605,8.174681246515187],[77.23966663454725,8.174365821299517],[77.24007568870005,8.17424510418158],[77.24027373577917,8.174457967877665],[77.24020512515273,8.174869151382945],[77.23989068066729,8.175061972476044],[77.2401119015858,8.175446793663932],[77.24014154419353,8.176283124626202],[77.23982763061245,8.17652598473137],[77.23951483273892,8.176407068864496],[77.23929383100938,8.175950001454039],[77.23929209456593,8.175376383469006],[77.23892717374468,8.17465658756257],[77.23854148567071,8.174614691703395],[77.237887689112,8.174879438389864],[77.23782118952646,8.17555691043562],[77.2383368916698,8.176172859561268],[77.23864890531407,8.176413464763492],[77.2385753081395,8.176675534703639],[77.23816704719906,8.176674004419347],[77.23790038769683,8.176510512048392],[77.23765690472898,8.176157169903597],[77.23732115310332,8.17615585835666],[77.2372023913312,8.176368051477445]]],[[[77.34676262389324,8.544809379488006],[77.33480341809278,8.553121962941468],[77.33078289485097,8.540856231081232],[77.3097308698794,8.539058712633752],[77.30998297757233,8.520040482277974],[77.30167257214912,8.513682071886754],[77.29910569461522,8.494225697158015],[77.30877139100255,8.484175430097046],[77.3036054690611,8.464826887074175],[77.31308875264851,8.458759505534383],[77.30134893340676,8.44181454193986],[77.302546129864,8.431743115842957],[77.28704677491992,8.424533531781856],[77.26719525849406,8.397523349598035],[77.25635099940342,8.397818470820686],[77.26125723815916,8.36673062248148],[77.25803815138966,8.35416046351838],[77.24520424342063,8.347221369498248],[77.25182229112055,8.343470729189546],[77.24440241887615,8.333360550018403],[77.24980322151828,8.319491668915536],[77.2441950544709,8.312169733345817],[77.25758562326865,8.29399136768077],[77.25151652256412,8.294403715106473],[77.24941133237391,8.27170378697931],[77.24163121234436,8.265047413557095],[77.24859489044307,8.254866245446255],[77.2406598146203,8.240038827552015],[77.25057123078057,8.228890727531793],[77.27325641180326,8.228668108799674],[77.27332796351394,8.221618658684996],[77.26899713073199,8.207864075164611],[77.23936148403175,8.206100779536252],[77.22975103133942,8.187515971869393],[77.23283058728744,8.180333981283159],[77.2986519654467,8.146527842247911],[77.3037185157514,8.131611456833234],[77.31668423711534,8.121951931641725],[77.33396974737312,8.126553724235505],[77.32375045520881,8.129353008529435],[77.32303949884856,8.13765787771522],[77.3498903672697,8.148250728990872],[77.35188904870829,8.1718256395073],[77.36026937989156,8.181041582596114],[77.37811435911166,8.185215001309546],[77.37812938523142,8.175068968597715],[77.39024036858564,8.174655390715937],[77.39285051796679,8.18763299140229],[77.3994641118195,8.188740507329607],[77.387122921699,8.210836815989097],[77.39790198735452,8.233767904163054],[77.39842716133423,8.250973300167024],[77.38464751062733,8.253930138454546],[77.37869181593922,8.287527934712362],[77.380773621186,8.294842341177583],[77.3918500615399,8.29860430601055],[77.38087961610131,8.312718252820805],[77.40619401055208,8.342259392904953],[77.40003619043345,8.350340328582263],[77.40352165373584,8.359434372938919],[77.38810163709933,8.367722418811434],[77.39384813571735,8.386349269164812],[77.40735764774692,8.39647163494132],[77.40428931175686,8.411502549609107],[77.44333542281093,8.437981827784727],[77.43974767373706,8.464572106512636],[77.44943328577423,8.487322149269273],[77.43858021960054,8.507279128977506],[77.38901532076132,8.524157697663478],[77.37748024194586,8.524157959739108],[77.37433974698395,8.518182623975203],[77.3604468995681,8.540805359534207],[77.34676262389324,8.544809379488006]]]]}},{"type":"Feature","properties":{"id":"t:05883","name":"Thovala","taluk":"Thovala","district":"Kanniyakumari","state":"Tamil Nadu","sdtcode":"05883","dtcode":"629"},"geometry":{"type":"Polygon","coordinates":[[[77.45017530947028,8.473161993476381],[77.44005714604738,8.466576138946989],[77.44333542281093,8.437981827784727],[77.40428931175686,8.411502549609107],[77.40735764774692,8.39647163494132],[77.39384813571735,8.386349269164812],[77.38810163709933,8.367722418811434],[77.40352165373584,8.359434372938919],[77.40003619043345,8.350340328582263],[77.40619401055208,8.342259392904953],[77.38087961610131,8.312718252820805],[77.3918500615399,8.29860430601055],[77.37903796825923,8.292169289564207],[77.38464751062733,8.253930138454546],[77.39842716133423,8.250973300167024],[77.39218711841767,8.224905793656815],[77.41860161312158,8.21767807962305],[77.42584998080856,8.225522958157912],[77.43276853203899,8.219617794339356],[77.43883006264062,8.232732244782904],[77.44094992770935,8.200282620746357],[77.45479255391089,8.200764554072311],[77.45469880842279,8.209141747022946],[77.46553073723784,8.20234925158942],[77.47364747666562,8.215396449006613],[77.48414080080565,8.201493051803462],[77.49266223037063,8.211531062031536],[77.52901174446885,8.197841806926263],[77.54344434462317,8.205291101221322],[77.5497804524779,8.220143240077736],[77.5405093518589,8.221587859969686],[77.54715297100168,8.243945640966151],[77.56955782555345,8.243537839732184],[77.57210764228347,8.248692529933884],[77.57661911548927,8.244131103787765],[77.57418532785633,8.25593954158702],[77.55833058860605,8.269784008757027],[77.5629589757495,8.27571667524985],[77.55355481487395,8.277007912129271],[77.55340434526724,8.2813027831255],[77.56416110665259,8.278682120709224],[77.53083391953052,8.318775775272666],[77.53261816143268,8.33542619283228],[77.5419462871059,8.335388234636246],[77.53363181051783,8.367602009750103],[77.54159126931238,8.37892771339888],[77.53135120001383,8.39302629836957],[77.5196595134033,8.382345325194398],[77.50722370014061,8.387111159241138],[77.49138509373455,8.379215857138623],[77.48920649591425,8.388516906942657],[77.47306469462504,8.397529217579303],[77.47283965856153,8.416424521464146],[77.4615032628324,8.4285765363197],[77.47216062203826,8.455387471210358],[77.4642687947065,8.461884292997738],[77.46621822960289,8.468901700477806],[77.45017530947028,8.473161993476381]]]}},{"type":"Feature","properties":{"id":"t:05884","name":"Agastheeswaram","taluk":"Agastheeswaram","district":"Kanniyakumari","state":"Tamil Nadu","sdtcode":"05884","dtcode":"629"},"geometry":{"type":"MultiPolygon","coordinates":[[[[77.317352735502,8.121501806195765],[77.31739738805982,8.121533846104601],[77.31742056010258,8.121574619881832],[77.31743324521273,8.121628934221315],[77.3174472104221,8.121678292454291],[77.31744190587038,8.12173701328752],[77.3174423190954,8.121791477897563],[77.31740610171809,8.121840842335711],[77.31736089669636,8.121858788511613],[77.31731554435093,8.121881179433027],[77.31726484074136,8.121863384439983],[77.31722464472564,8.12183149396073],[77.31719239341031,8.121795419298097],[77.31716142309259,8.121754387644776],[77.31714331754802,8.121695448044967],[77.31712504401852,8.121641501886979],[77.31714774624237,8.121596135742363],[77.3171704287033,8.12155132629802],[77.31719840403788,8.12151502750521],[77.3172393007395,8.121492489827876],[77.31730680284491,8.121474725053995],[77.317352735502,8.121501806195765]]],[[[77.32263159184434,8.122580112066325],[77.32258542113368,8.122593586791705],[77.32253599762339,8.122570835742115],[77.32249088153486,8.12255267438659],[77.32245432189941,8.122512012760945],[77.32241427141079,8.122475683818653],[77.32240032237107,8.122425769868832],[77.32238190061955,8.122376264992605],[77.3223781429667,8.122321688409542],[77.32236961615804,8.122276401489861],[77.32236472662794,8.12222234246831],[77.32236973383733,8.12217250140996],[77.32239191144508,8.122109339453893],[77.3224105811316,8.122051061548843],[77.32244731863348,8.122019494791395],[77.32248806621476,8.122001397440869],[77.32256075339596,8.122028805811206],[77.32258726896822,8.12206968892264],[77.3226327596542,8.122110089137578],[77.32267295656823,8.122141980484027],[77.32271441741186,8.12216946621426],[77.32275463319048,8.122200801740828],[77.32279594491376,8.122232729541537],[77.32282708321645,8.122268764146165],[77.322862825385,8.122300507855515],[77.32289505963232,8.122337135619802],[77.32291778970398,8.122391228419453],[77.32293032928703,8.122449982941944],[77.32294413010473,8.12250433629233],[77.32292159676413,8.122544708005835],[77.32288008920813,8.122585561717708],[77.32282114445411,8.122580830623498],[77.3227766976105,8.122576025717034],[77.32272666414411,8.122571592539352],[77.32267664774572,8.122566602657669],[77.32263159184434,8.122580112066325]]],[[[77.32494889762935,8.123617492961605],[77.3248861476118,8.123626529150323],[77.32482646174769,8.123644000359617],[77.32476356440645,8.12365747682789],[77.32470936904538,8.123644015477735],[77.32465868340208,8.123625670085442],[77.32461356551696,8.123607506999058],[77.32458162771364,8.123562000567034],[77.32455496212275,8.123525557889174],[77.32451392708056,8.123485306330029],[77.32448310228992,8.12343983545621],[77.32447390443971,8.12338118779477],[77.32446472545413,8.123321987868394],[77.32446986112265,8.12326826247586],[77.32450163722916,8.123218196553958],[77.32453324804571,8.123173124057223],[77.32458847826601,8.12315550609257],[77.32463338684367,8.123146433431858],[77.324679243144,8.123142395110674],[77.32473753751772,8.123133211286868],[77.32479677961408,8.123129060913458],[77.32484168729347,8.123119988252164],[77.3249010767135,8.123111397592453],[77.32494583796748,8.123106766106295],[77.32502804639239,8.123116153580892],[77.3250552348028,8.123170393010424],[77.32508227319455,8.123229073606787],[77.32510498709648,8.123283722099924],[77.32513091247559,8.123342366218365],[77.32516255563148,8.123396753241398],[77.32514960462002,8.123450776532737],[77.3251310651892,8.123505169766185],[77.32511685204474,8.123563595973478],[77.32510390103329,8.123617619242374],[77.3250581740904,8.123617774870057],[77.32499462547058,8.12361733733391],[77.32494889762935,8.123617492961605]]],[[[77.31049684894916,8.125872283862842],[77.31045119656639,8.125903548845942],[77.31040203626247,8.12593970139737],[77.3103566228316,8.12593041536855],[77.31031135941939,8.125916688195126],[77.31026594688682,8.125907402165785],[77.31022051638799,8.125898672835547],[77.31021117570565,8.125844464010799],[77.3102031160209,8.125785299130305],[77.3102025393025,8.125735828461707],[77.310212153971,8.125681695205158],[77.31021204078326,8.125618348827606],[77.31019906192404,8.125572910210147],[77.31019001858408,8.12550982437945],[77.310189756276,8.125450918235057],[77.31019058991261,8.125392601686052],[77.31022222408534,8.125346978958495],[77.31025829503724,8.125302059659969],[77.31029518435439,8.125266054674459],[77.31034089333099,8.125266461083434],[77.31038550636295,8.125266276109537],[77.31042670310187,8.125234859006918],[77.31045831930832,8.125189792072451],[77.31049966337092,8.125153935589596],[77.31053625534572,8.12512681289724],[77.31059054053833,8.125104166928379],[77.31064020300049,8.125086366742446],[77.31069478463718,8.125054840242104],[77.31073070826537,8.125014361176012],[77.31077606330575,8.124991973097238],[77.31083085065663,8.124987680455364],[77.31088569549965,8.125015059274954],[77.31092098940884,8.125060125339768],[77.31092617178973,8.125105305229638],[77.31093900242693,8.125155181495737],[77.3109574026189,8.125205245397426],[77.3110112997393,8.125227590777978],[77.31106614368404,8.125254971359825],[77.31109236101562,8.12530473644513],[77.31111969225812,8.12535453976409],[77.31111995366787,8.125413445922616],[77.31111063544346,8.125458699584359],[77.31108795118588,8.12550350859252],[77.31104710838318,8.125557717463321],[77.31101467470984,8.125593869156623],[77.31098753301184,8.125638531415735],[77.31097871694566,8.125702135686069],[77.3109693987212,8.125747388425959],[77.31096455500519,8.125792236530936],[77.3109235073866,8.125819210665856],[77.31088245976801,8.125846186577549],[77.31083725205134,8.125864132574359],[77.31076937534847,8.125859656746785],[77.31068813171417,8.125854738049643],[77.31064242183926,8.125854332530626],[77.31059669489635,8.12585448282167],[77.3105520998307,8.125854114653038],[77.31049684894916,8.125872283862842]]],[[[77.32396413117725,8.125326814141653],[77.32424576559521,8.125408924735854],[77.32449868716178,8.125549535932343],[77.32471165885104,8.125717717050025],[77.32486069744151,8.125930457165467],[77.32495503671599,8.126111382619044],[77.32501764479973,8.126274032974111],[77.32499046177924,8.126387040151721],[77.32489436629837,8.126526658552631],[77.32475359580174,8.126634795882717],[77.32453131217625,8.126679114758383],[77.32424191811084,8.126628977229092],[77.32391607041123,8.126501509298071],[77.32360764823147,8.126319607574342],[77.32338650456808,8.126128928420995],[77.32326404533022,8.12598874428953],[77.32327464724719,8.125704052120069],[77.32334750959991,8.125491988639583],[77.32349337444248,8.1252978986374],[77.32370583768528,8.125280482636544],[77.32396413117725,8.125326814141653]]],[[[77.30944635186938,8.125638494065273],[77.30979496826819,8.12585176246465],[77.31004712447016,8.126281864997269],[77.31004601864403,8.126548535201342],[77.30975046213577,8.126949898571313],[77.30896886675315,8.127412359511796],[77.30827444837729,8.127735468775011],[77.30797941738346,8.127820686061938],[77.30730792131867,8.1279584106623],[77.30663509035739,8.128336127272734],[77.30618451158055,8.128904033232491],[77.30586231553256,8.129201158056174],[77.30548464043089,8.129389754814648],[77.30524552597028,8.129203445306848],[77.3050825886457,8.129040226994366],[77.30502458891941,8.128773811004777],[77.30518420247738,8.128502959947541],[77.30561573517359,8.12823780728352],[77.30617434983805,8.127774066714188],[77.30671222150434,8.12713016370954],[77.30722077575297,8.126729213152412],[77.30791680211321,8.126157793175528],[77.30842932511877,8.125938110446832],[77.30909733392363,8.125637462481151],[77.30944635186938,8.125638494065273]]],[[[77.30176418144345,8.14015318646476],[77.30179656301452,8.140185381394035],[77.30182309475643,8.140225717535479],[77.30185042510062,8.140275526115087],[77.30186436875046,8.140325443178773],[77.30186843362713,8.140370589334992],[77.30185435792494,8.140424578326021],[77.30182288455065,8.140465206121885],[77.3017730478153,8.14048799884089],[77.30172768648673,8.140510385165104],[77.30166813896317,8.140523407542062],[77.3016272341767,8.140545943260557],[77.30157710009902,8.140577617049866],[77.30153255533902,8.140608919124517],[77.30149164965427,8.140631454838203],[77.30144116433527,8.140640332354632],[77.30139589643149,8.14062660123853],[77.3013555306342,8.140599698351673],[77.30132314996146,8.140567503455731],[77.30129661732123,8.140527170016487],[77.30129160472195,8.140476991534438],[77.30130105769368,8.14042784992773],[77.30131931146028,8.140382336511971],[77.30136112713842,8.140332605311594],[77.30140567279672,8.140301300547554],[77.30145170157357,8.140292274516499],[77.30151013518616,8.14027921211516],[77.30155631308335,8.140265745987428],[77.30158778645763,8.140225115503524],[77.3016103287814,8.140184745569998],[77.30165088142826,8.140139417093607],[77.30169706022376,8.1401259500719],[77.30176418144345,8.14015318646476]]],[[[77.30164050409009,8.140749205744688],[77.3016717717502,8.140781363277],[77.30170342748248,8.140835206373556],[77.30172212501681,8.140876391695581],[77.30170723184773,8.140921462202385],[77.30168088246378,8.140975598736762],[77.30164861228383,8.141006754941266],[77.30157164732525,8.141006973699856],[77.3015257308378,8.140979330972037],[77.30149043423368,8.140934257803988],[77.30146295566745,8.140888889395569],[77.30146349555493,8.140839453493383],[77.30149080972947,8.140789793490818],[77.30153201275661,8.140758380272382],[77.30157276932103,8.14074028465681],[77.30164050409009,8.140749205744688]]],[[[77.30113722834206,8.14065745423138],[77.30115102197323,8.140711812227996],[77.30117770283549,8.140747708225591],[77.30122777852269,8.140784380546611],[77.30126814431999,8.140811283421062],[77.3013096051636,8.14083878121061],[77.30134534733214,8.140870531453341],[77.30134911576474,8.140924557726018],[77.30135397834539,8.140979176240343],[77.30134450740735,8.141028872679202],[77.3013215186209,8.141082564567863],[77.30128081685368,8.141132333913422],[77.30122652447457,8.141154978087672],[77.30117172993718,8.141159266999402],[77.30112252561581,8.14116318686729],[77.30107664416265,8.141167775460335],[77.30102742097667,8.141172249338444],[77.30095428194288,8.141158149196768],[77.30089592468708,8.141135647304694],[77.30085446384344,8.141108153092572],[77.30082824741018,8.141058381076213],[77.30081876030246,8.141008608164451],[77.30081499276817,8.1409545836816],[77.30080535743843,8.14090925173529],[77.3007598685491,8.140868841853868],[77.30070123191722,8.140854666114185],[77.30065143380945,8.14080966674092],[77.30062046528833,8.140768629029685],[77.30062018860723,8.140710273802615],[77.30062951132325,8.140665018305299],[77.3006568263961,8.14061535917035],[77.30067936782152,8.140574989276123],[77.30072534359776,8.140534286793288],[77.30081983378923,8.140543542248862],[77.30088361327608,8.14057066834464],[77.30092032113355,8.140606897828686],[77.30097821396035,8.140643274927134],[77.30101481222334,8.140616152393347],[77.30105569904349,8.140594172468438],[77.30113331168741,8.14060786712583],[77.30113722834206,8.14065745423138]]],[[[77.30170724442412,8.141187633574203],[77.3017380647232,8.141233113106521],[77.3017521574934,8.14127858996589],[77.3017651534206,8.141323477239474],[77.30173783834776,8.141373136286614],[77.30171052417322,8.141422794438364],[77.30166932204442,8.141454210272412],[77.30163368857201,8.141485809291918],[77.30156069955687,8.141467268189157],[77.30153862256044,8.141427079790189],[77.30151545141602,8.141386300028147],[77.3015072453059,8.14133157130086],[77.30151224263382,8.141282283070812],[77.30153495114588,8.14123691559109],[77.30156625833186,8.141201281080432],[77.30159854827477,8.141169570880706],[77.30165668364668,8.141165391348327],[77.30170724442412,8.141187633574203]]],[[[77.3013797572991,8.141408460429663],[77.30142524708678,8.14144887203516],[77.30145257743098,8.141498679573429],[77.30147463466447,8.141539421975086],[77.30147028771678,8.141602625333654],[77.30144297354227,8.14165228434619],[77.30141499102115,8.141688583984022],[77.301387526828,8.141742684844267],[77.30137805588996,8.141792381188399],[77.30137432249161,8.141837265736605],[77.30136470333156,8.141891402147222],[77.30132810417027,8.141918526373166],[77.30129150590727,8.141945647929543],[77.30124198537891,8.141959005510998],[77.30119721783673,8.1419636278868],[77.30115590521511,8.141931692764558],[77.3011201630466,8.141899940827404],[77.30108345518914,8.14186371323888],[77.30105166830282,8.14181375546094],[77.30101191695319,8.141768533880233],[77.30097023242904,8.141714359214795],[77.30093926300964,8.14167332070701],[77.30092561760047,8.141614519202625],[77.30091182307096,8.141560160439239],[77.3009126603008,8.141501840897968],[77.3009167099061,8.141447518579046],[77.30094959543202,8.141398046286048],[77.30103576902059,8.141389241705895],[77.30108038834075,8.14138906029651],[77.3011259526886,8.14139390944062],[77.30117101757315,8.141380403333608],[77.3012209845642,8.141353726369859],[77.30129889544881,8.141358539943955],[77.30133926124607,8.14138544366908],[77.3013797572991,8.141408460429663]]],[[[77.44018055121123,8.220129207632855],[77.43883006264062,8.232732244782904],[77.43276853203899,8.219617794339356],[77.42584998080856,8.225522958157912],[77.41860161312158,8.21767807962305],[77.39218711841767,8.224905793656815],[77.38737777644003,8.209652811058984],[77.39963873802253,8.190309233768009],[77.39285051796679,8.18763299140229],[77.39024036858564,8.174655390715937],[77.37812938523142,8.175068968597715],[77.37811435911166,8.185215001309546],[77.36026937989156,8.181041582596114],[77.35188904870829,8.1718256395073],[77.3498903672697,8.148250728990872],[77.32486614392708,8.139489420246274],[77.32375045520881,8.129353008529435],[77.44491177209848,8.094971452880827],[77.53087457368703,8.076657941525232],[77.55752712733111,8.077596872708485],[77.57115911117496,8.093323419759152],[77.56589103820927,8.117369204794754],[77.5892738850176,8.14009594272877],[77.58366764934809,8.154703866591534],[77.57183508803635,8.151976175966277],[77.53972389641552,8.16101666415381],[77.53836438247123,8.174289632077612],[77.5468165402497,8.179491021112545],[77.54164261521738,8.185371610649467],[77.5525543359892,8.189957611924173],[77.54542474804066,8.195711756930335],[77.54966092264618,8.205716931335624],[77.52901174446885,8.197841806926263],[77.49266223037063,8.211531062031536],[77.48414080080565,8.201493051803462],[77.47364747666562,8.215396449006613],[77.46553073723784,8.20234925158942],[77.45469880842279,8.209141747022946],[77.45479255391089,8.200764554072311],[77.44891624693774,8.199064036209304],[77.43731733832972,8.203203072013679],[77.44018055121123,8.220129207632855]]]]}},{"type":"Feature","properties":{"id":"t:05885","name":"Palakkodu","taluk":"Palakkodu","district":"Dharmapuri","state":"Tamil Nadu","sdtcode":"05885","dtcode":"630"},"geometry":{"type":"Polygon","coordinates":[[[77.94398399928978,12.511842198362535],[77.9214467267769,12.50421291121174],[77.90889446400567,12.512716185165926],[77.89990919653027,12.499705502390967],[77.90578212134642,12.48942706036302],[77.92221252348864,12.490753720430328],[77.93448446248391,12.469490738098456],[77.92377472341211,12.456109823143272],[77.9304037072023,12.441812687453286],[77.94510372144364,12.449502112436047],[77.97034427437808,12.414254310191348],[77.9678082063635,12.394350194996989],[77.94945198693202,12.375146676239675],[77.95458973680783,12.351357773232477],[77.9485034845696,12.336629519523468],[77.92672059118122,12.325153921167747],[77.87872973116265,12.335928763820984],[77.86718676154568,12.33030139892676],[77.86837291860643,12.324846096340272],[77.88381844021046,12.329343380851519],[77.91856477324195,12.319189123645051],[77.93576715879328,12.304709254827026],[77.93781866835708,12.291669262210075],[77.94345372737081,12.291618230524488],[77.95804449569384,12.26922344808912],[77.96595406026087,12.269478614961542],[77.98000792799643,12.256972100694707],[78.04977889932096,12.278041620458257],[78.06733793939627,12.267962489639404],[78.06579031194332,12.242548081734098],[78.08294546856857,12.239120962972567],[78.09128774442145,12.226249813337478],[78.07980398635816,12.20278116646991],[78.08501973515345,12.197945871396561],[78.07978369161923,12.160764911272183],[78.08924791744789,12.1566171938651],[78.1080369936923,12.15704865830813],[78.11087019925003,12.179521400428827],[78.1263025398739,12.176918557386745],[78.14876041479039,12.190603931966143],[78.16939828766988,12.186556409342298],[78.1659626422382,12.192848529530492],[78.1762757796036,12.20867077656643],[78.19573293651804,12.201719771775684],[78.21183408724401,12.205832993415797],[78.21925372233322,12.216266934947479],[78.23220439332286,12.2101244235501],[78.24880519150142,12.217612784440812],[78.25943357015791,12.239772419410423],[78.27680032135508,12.249718454424414],[78.27780350866043,12.25853166122034],[78.26193822768028,12.271501703200546],[78.25814553516085,12.294600662682658],[78.23200677474016,12.302259717003407],[78.23552971665447,12.307193944228894],[78.22936058405149,12.317492359366385],[78.24729942643903,12.33284331552548],[78.23966895226108,12.334139154526868],[78.23620401995453,12.347939439583573],[78.22707893060347,12.348968849643237],[78.20514408628647,12.329183804734821],[78.2007651577042,12.335847137943594],[78.1780647430509,12.334356116981075],[78.1640644813816,12.349770661740152],[78.1666961777531,12.362936380535862],[78.14272991289698,12.370780449777682],[78.13485459570182,12.38200327680646],[78.12774642269135,12.402315125527268],[78.14245296409153,12.4272955004225],[78.12734655111734,12.441971390290302],[78.11459830918875,12.445311152133891],[78.11802427706988,12.45475298273949],[78.10831087744599,12.455308349640957],[78.09808358129251,12.445463443086291],[78.08011943695666,12.448909373389359],[78.0778172201735,12.463607063943336],[78.05964984458105,12.46471488862585],[78.04909132520926,12.475690388014076],[78.04157185674929,12.473527589528599],[78.03816773050599,12.461585378179754],[78.02704286467005,12.459714825950437],[78.01271024700688,12.48453579869843],[78.01181903200676,12.502816953831111],[77.99374290548424,12.500486323224148],[77.98579355992318,12.509831126555293],[77.98177804389074,12.49918949772159],[77.96829440244302,12.49532988020748],[77.9588749181054,12.483952239439041],[77.94600930769167,12.499304669413933],[77.9535493269104,12.502090698242645],[77.94398399928978,12.511842198362535]]]}},{"type":"Feature","properties":{"id":"t:05886","name":"Harur","taluk":"Harur","district":"Dharmapuri","state":"Tamil Nadu","sdtcode":"05886","dtcode":"630"},"geometry":{"type":"Polygon","coordinates":[[[78.3021654418733,12.274006328261207],[78.28098054439313,12.267183702695029],[78.27680032135508,12.249718454424414],[78.25943357015791,12.239772419410423],[78.25347606716117,12.224004700814355],[78.27186599407703,12.22314467294338],[78.27975349602069,12.21658939605529],[78.28217422214941,12.192793432682207],[78.27000028575839,12.177227164238126],[78.27486116857543,12.164722746117839],[78.28737243762701,12.159637800850625],[78.28328711261558,12.150171911427341],[78.28933628689046,12.152849705048697],[78.2887366847945,12.146083298115364],[78.32024680287897,12.138358337770688],[78.32027765192416,12.122520881736701],[78.32892471806808,12.108533652135828],[78.35170968934244,12.123899780700295],[78.36426814689591,12.119453141763731],[78.36771333872412,12.113672463951099],[78.35578615247361,12.095244302380394],[78.3887164315638,12.081970321407724],[78.38317748240401,12.072388292122664],[78.38986759385432,12.049490540708094],[78.40069167588535,12.05565497204077],[78.40052729676478,12.065811158513387],[78.40955526925046,12.060698275657973],[78.43203706450632,12.073459060446798],[78.44361291156432,12.065790914175363],[78.44148853785119,12.05496632750845],[78.45517274705071,12.053195622077478],[78.45274199302845,12.031695340759349],[78.47668747805542,12.017432254313604],[78.48276830267274,12.00994519871396],[78.4804595003402,11.999781551725926],[78.49877521114223,11.980790135678811],[78.5136136225312,11.981014307590534],[78.5084809526283,11.9914440623382],[78.5301671387831,11.997694477184721],[78.52549676617994,12.000852130532701],[78.529646744739,12.00227215976185],[78.54283567050159,11.993183254353253],[78.52526193758152,11.96538454074288],[78.57670375122251,11.972201334481106],[78.59042183768806,11.966047395003198],[78.59592408168535,11.942070069731868],[78.6109081243549,11.918427834933514],[78.60379054328843,11.901269712564591],[78.59206974317784,11.89389194375089],[78.54293570329837,11.891173797469246],[78.55557691275749,11.88374662848739],[78.55736972458743,11.871873269242581],[78.58598140684813,11.881054491928193],[78.5909747965595,11.87824377167756],[78.58781424670885,11.868534547654434],[78.59718967676662,11.868531265932441],[78.60757817020797,11.849198200681089],[78.63346150905068,11.873988556822042],[78.63450831046138,11.888393528155168],[78.6550087482889,11.885413791884712],[78.66078789976919,11.895379567588577],[78.6898322699595,11.904062105225004],[78.69467650789268,11.894519448655014],[78.70819358912684,11.897991820749494],[78.72381486431962,11.919723245864557],[78.70437794644853,11.940059596469164],[78.70823250145,11.95112778013869],[78.71328179781305,11.950796309885385],[78.70981172265152,11.966671269637056],[78.71728151517456,11.984124948701425],[78.69767163028881,11.992564338016251],[78.72279644248539,12.088553716375023],[78.74517421822122,12.12397174511549],[78.73782900945164,12.133968122250852],[78.6909658567115,12.115152875168004],[78.68406941841009,12.10596555256327],[78.66116346921979,12.102529568767917],[78.6643941927655,12.115496527802883],[78.65718388040887,12.12507498216593],[78.63025757775833,12.130893432593465],[78.64726530737072,12.164036720422668],[78.6210283440215,12.184268020508114],[78.58245275434354,12.16238828043043],[78.57323550952245,12.193772157134676],[78.55460808780839,12.180533812675817],[78.51647650842592,12.177239499829083],[78.5063247237569,12.142993003633425],[78.49722970461168,12.13928400607168],[78.46524221280207,12.146739934482984],[78.46854146702414,12.176144891279359],[78.44748387429448,12.185371335051382],[78.44636433629522,12.191120811286277],[78.42119992636093,12.189765382771784],[78.40859349248308,12.19656933195967],[78.39089909066752,12.186116309554498],[78.37437750503238,12.19531441545288],[78.37907780141599,12.20555176281606],[78.39191096917322,12.204575247043444],[78.40165263249087,12.213365589089452],[78.40407980043851,12.223105633098662],[78.38506101239956,12.228476265643458],[78.3749562805868,12.22153836211095],[78.35490315077014,12.226174681806475],[78.35876241294372,12.235255303046296],[78.35254858915535,12.247327090628765],[78.33424220286597,12.263577155291266],[78.31686177122535,12.260156844206774],[78.3021654418733,12.274006328261207]]]}},{"type":"Feature","properties":{"id":"t:05887","name":"Pappireddipatti","taluk":"Pappireddipatti","district":"Dharmapuri","state":"Tamil Nadu","sdtcode":"05887","dtcode":"630"},"geometry":{"type":"Polygon","coordinates":[[[78.29115781875836,12.145433260739775],[78.25857876297795,12.125217307491473],[78.21055286596835,12.062111700625385],[78.22428205471246,12.056977240700606],[78.23530935901697,12.037782006183974],[78.2488067824178,12.033815281875714],[78.25768308604584,12.010146072660747],[78.25564912237614,11.999732122138733],[78.24101195337379,12.003876223000061],[78.23567400944532,11.996963580688975],[78.23479413118409,11.97932234917854],[78.25323775669268,11.951119738716601],[78.23434831078332,11.919009630621868],[78.2558484396731,11.933235669437286],[78.2569607758787,11.940278136886786],[78.27204469773312,11.93916787823268],[78.27498534269716,11.931498666162245],[78.29071531673425,11.932154941285452],[78.2689798795457,11.900309051061209],[78.28003188213063,11.899626112400046],[78.29260965885257,11.90683050272493],[78.29153787259888,11.914599888604576],[78.31949526243079,11.932438235225877],[78.33120687277605,11.919007318988454],[78.32266321080614,11.90526973553681],[78.32634965059378,11.899643090492834],[78.30910663424217,11.881247832049587],[78.33623087527565,11.900535194382984],[78.33996726947792,11.897276880880245],[78.35701159106507,11.913649842910434],[78.35308894735832,11.894218446689145],[78.36732560967779,11.889839560280365],[78.36716531609513,11.879764712710227],[78.34796263752764,11.84854407988797],[78.35073556702814,11.833976631378842],[78.31282829248053,11.782745838668244],[78.32823922804783,11.776041427848584],[78.34497241544139,11.793545166504341],[78.35084488660831,11.792329926296668],[78.38186355885873,11.827519063689005],[78.40310296880529,11.87360325950312],[78.41433348370516,11.880201178343922],[78.44143925447808,11.868404024229312],[78.43302628929716,11.862290311263466],[78.44062942145281,11.839711680334275],[78.4739161789972,11.81767238699727],[78.51191222865444,11.811553222618713],[78.5218394497738,11.815390026216058],[78.53935060335623,11.806654601166823],[78.59579041506602,11.8228165360848],[78.60757817020797,11.849198200681089],[78.59718967676662,11.868531265932441],[78.58781424670885,11.868534547654434],[78.5909747965595,11.87824377167756],[78.5770736765582,11.880958046418703],[78.55736972458743,11.871873269242581],[78.55557691275749,11.88374662848739],[78.54293570329837,11.891173797469246],[78.56731980333923,11.888947304398505],[78.57487714477155,11.895981848146567],[78.5916245713607,11.893751774578556],[78.60379054328843,11.901269712564591],[78.61098603793445,11.920154397422579],[78.59592408168535,11.942070069731868],[78.59042183768806,11.966047395003198],[78.57670375122251,11.972201334481106],[78.52526193758152,11.96538454074288],[78.54283567050159,11.993183254353253],[78.529646744739,12.00227215976185],[78.52549676617994,12.000852130532701],[78.5301671387831,11.997694477184721],[78.5084809526283,11.9914440623382],[78.5136136225312,11.981014307590534],[78.49877521114223,11.980790135678811],[78.4804595003402,11.999781551725926],[78.48276830267274,12.00994519871396],[78.47668747805542,12.017432254313604],[78.45274199302845,12.031695340759349],[78.45517274705071,12.053195622077478],[78.44148853785119,12.05496632750845],[78.44361291156432,12.065790914175363],[78.43203706450632,12.073459060446798],[78.40955526925046,12.060698275657973],[78.40052729676478,12.065811158513387],[78.40069167588535,12.05565497204077],[78.38986759385432,12.049490540708094],[78.38317748240401,12.072388292122664],[78.3887164315638,12.081970321407724],[78.35578615247361,12.095244302380394],[78.36771333872412,12.113672463951099],[78.36426814689591,12.119453141763731],[78.35170968934244,12.123899780700295],[78.32892471806808,12.108533652135828],[78.32027765192416,12.122520881736701],[78.32024680287897,12.138358337770688],[78.29115781875836,12.145433260739775]]]}},{"type":"Feature","properties":{"id":"t:05888","name":"Dharmapuri","taluk":"Dharmapuri","district":"Dharmapuri","state":"Tamil Nadu","sdtcode":"05888","dtcode":"630"},"geometry":{"type":"Polygon","coordinates":[[[78.25433095698614,12.223702243156813],[78.23220439332286,12.2101244235501],[78.21925372233322,12.216266934947479],[78.20820827205995,12.204008061791614],[78.19573293651804,12.201719771775684],[78.1762757796036,12.20867077656643],[78.1659626422382,12.192848529530492],[78.17117714417188,12.191487269897106],[78.16841960910043,12.186100078363285],[78.14876041479039,12.190603931966143],[78.1263025398739,12.176918557386745],[78.11087019925003,12.179521400428827],[78.1069299791064,12.156583026859002],[78.08009634935556,12.15971630142056],[78.08443983850158,12.174890109108983],[78.07848339012693,12.1880463258935],[78.07303053280903,12.184040661861014],[78.06153418934858,12.189046128228743],[78.04711228273943,12.172965211368023],[78.03296557232262,12.17634149488356],[78.0268706064261,12.159606865866028],[78.01561282675905,12.154535762086843],[78.0183051917516,12.142292655246731],[78.00912423437642,12.127739523865268],[77.98868917503695,12.137465702795053],[77.95953295381393,12.135265534977783],[77.9643493556514,12.12833969265254],[77.95345948639886,12.116360751177393],[77.96079722657515,12.109289676756744],[77.9529779453891,12.086706205909989],[77.93896007045203,12.083102784539943],[77.93285828274925,12.091755012137485],[77.92458720646746,12.069726737006347],[77.95498047521036,12.071487376901265],[77.97999579624853,12.048030413466712],[78.02064969852341,12.06780658828103],[78.04177492271589,12.052428419823329],[78.01234985549131,12.016425943005025],[77.99487528130722,12.029918039216986],[78.00527936680697,12.015374314984674],[77.99326370009426,12.019536548024329],[77.98325596746757,12.012747116483782],[77.96833511948158,11.962140579607093],[77.95925723390378,11.954699025021423],[77.95835982591812,11.962658830737698],[77.94686925682832,11.961477571644586],[77.93616565594486,11.948376810643783],[77.92754655166078,11.908151301273438],[77.93400713816612,11.900244812227761],[77.94847214863755,11.895003053879776],[77.95532595199725,11.901039827045329],[77.97829539411184,11.897068811876041],[78.01126057993734,11.921368538566771],[78.02682524779246,11.920511334736098],[78.0390064362828,11.936398417550306],[78.07368498603623,11.937659375514682],[78.10055886121013,11.955819839761409],[78.1448213723381,11.968309302242194],[78.23310945944634,11.978604803924247],[78.23877539714965,12.002620557814314],[78.25564912237614,11.999732122138733],[78.25768308604584,12.010146072660747],[78.2488067824178,12.033815281875714],[78.23530935901697,12.037782006183974],[78.22428205471246,12.056977240700606],[78.21055286596835,12.062111700625385],[78.25857876297795,12.125217307491473],[78.28958140928371,12.147719734034283],[78.28933628689046,12.152849705048697],[78.28328711261558,12.150171911427341],[78.28737243762701,12.159637800850625],[78.27053524778144,12.17194830414302],[78.28217422214941,12.192793432682207],[78.27975349602069,12.21658939605529],[78.27186599407703,12.22314467294338],[78.25433095698614,12.223702243156813]]]}},{"type":"Feature","properties":{"id":"t:05889","name":"Pennagaram","taluk":"Pennagaram","district":"Dharmapuri","state":"Tamil Nadu","sdtcode":"05889","dtcode":"630"},"geometry":{"type":"Polygon","coordinates":[[[77.87918935507606,12.329212361752177],[77.87158612230911,12.324032587458282],[77.87368720360523,12.288348983587813],[77.8616562062439,12.254535935032017],[77.84522606551144,12.262236115203532],[77.81110174933887,12.22858507753717],[77.80890351883801,12.199002369501514],[77.80323552578933,12.175701274089265],[77.79473823665099,12.168846706565857],[77.79389479765096,12.147756958315835],[77.7768070182653,12.157464300971059],[77.77241874001753,12.172020980896018],[77.74669031025569,12.155911223258116],[77.74978062173258,12.138523969519726],[77.77377071350331,12.120581390121522],[77.7763643985619,12.112342664521288],[77.76772693810325,12.10669854395493],[77.75565925085077,12.079795916430513],[77.7275075733892,12.062100409496564],[77.7088777935975,12.036081034400791],[77.67398048610612,11.962633420926068],[77.67564961788776,11.95207918942064],[77.69018981465355,11.942150760837862],[77.73833166350508,11.939835514533284],[77.76194927692806,11.91011084401031],[77.80738327562821,11.909140720774968],[77.8477055513412,11.894358968111169],[77.85001760288013,11.904962880827139],[77.8670540067164,11.915807435155802],[77.90504699491512,11.900348374386105],[77.93350147739099,11.901116539664937],[77.92754655166078,11.908151301273438],[77.93616565594486,11.948376810643783],[77.94686925682832,11.961477571644586],[77.95835982591812,11.962658830737698],[77.95925723390378,11.954699025021423],[77.96833511948158,11.962140579607093],[77.98325596746757,12.012747116483782],[77.99326370009426,12.019536548024329],[78.00527936680697,12.015374314984674],[77.99487528130722,12.029918039216986],[78.01234985549131,12.016425943005025],[78.04177492271589,12.052428419823329],[78.02064969852341,12.06780658828103],[77.97999579624853,12.048030413466712],[77.95498047521036,12.071487376901265],[77.92458720646746,12.069726737006347],[77.92518630999844,12.081152775851761],[77.93285828274925,12.091755012137485],[77.93815182295322,12.08336957691846],[77.95100670568584,12.083452441924814],[77.95988063237161,12.100937268675882],[77.96079722657515,12.109289676756744],[77.9533950268873,12.115872686959454],[77.9643493556514,12.12833969265254],[77.95953295381393,12.135265534977783],[77.98868917503695,12.137465702795053],[78.00912423437642,12.127739523865268],[78.0183051917516,12.142292655246731],[78.01561282675905,12.154535762086843],[78.0268706064261,12.159606865866028],[78.03296557232262,12.17634149488356],[78.04711228273943,12.172965211368023],[78.05013753912176,12.181124344750268],[78.05902295436174,12.181271332606741],[78.0659998008642,12.189707065430643],[78.07303053280903,12.184040661861014],[78.07777106563253,12.188859721340753],[78.08191202959773,12.1810683401559],[78.08494134277187,12.199771804459708],[78.07980398635816,12.20278116646991],[78.09128777676081,12.225974132830649],[78.08191601901589,12.239744552367384],[78.06866333891931,12.238227802273013],[78.067724071238,12.267623594709036],[78.0505648371597,12.278073465888426],[77.98000792799643,12.256972100694707],[77.96595406026087,12.269478614961542],[77.95804449569384,12.26922344808912],[77.94345372737081,12.291618230524488],[77.93781866835708,12.291669262210075],[77.93576715879328,12.304709254827026],[77.91856477324195,12.319189123645051],[77.87918935507606,12.329212361752177]]]}},{"type":"Feature","properties":{"id":"t:05890","name":"Hosur","taluk":"Hosur","district":"Krishnagiri","state":"Tamil Nadu","sdtcode":"05890","dtcode":"631"},"geometry":{"type":"Polygon","coordinates":[[[77.93604863151452,12.884565323149861],[77.92507167239178,12.890140143547052],[77.87592508843767,12.866854785050222],[77.83599545286062,12.870381119338248],[77.82305867701177,12.855893394108875],[77.8079015730044,12.847722830955535],[77.79908884225071,12.851589080309731],[77.792711970645,12.843298127713128],[77.79587909796017,12.834585358226793],[77.80986340824498,12.831583859961038],[77.80987680302417,12.815584458074843],[77.80214364062945,12.817055713277732],[77.79971544141587,12.805267854668646],[77.80851856828089,12.796777995195747],[77.79854415776131,12.79517068531968],[77.77882590640787,12.768059804344407],[77.79437009447118,12.75767460994414],[77.79272487404575,12.747916716608128],[77.76150974293763,12.732669050954575],[77.76118061099733,12.72742613257731],[77.77443207477502,12.72426793877944],[77.76077995788901,12.697058505005884],[77.78114707315198,12.655463372383961],[77.75635878962375,12.641952907774794],[77.77376680313688,12.603118290802815],[77.76787705736704,12.591025773351934],[77.76153847824696,12.59618002230583],[77.75595059605698,12.579689724913624],[77.76804737794488,12.579875788806104],[77.76849468326083,12.588571842267294],[77.77785899487037,12.587752957290903],[77.78220000915773,12.595347624543148],[77.79601680609994,12.586294814071502],[77.80133938524379,12.606580739788056],[77.81901335757317,12.613455190795408],[77.81302737888021,12.627677199295595],[77.81730715231976,12.648879987575253],[77.8318829762697,12.651522438428943],[77.8397649266249,12.667771899204006],[77.84655431808379,12.666651933990444],[77.85318614953344,12.676758613560363],[77.85932269574947,12.6663910341391],[77.87558462963993,12.66133422628538],[77.87013983200674,12.64912648757974],[77.87762815318086,12.642894003735861],[77.8639960157251,12.636498260968148],[77.86286467655798,12.620322281296987],[77.89095934782992,12.606668531854831],[77.90861663035965,12.608172201272449],[77.92782772164978,12.600585344661345],[77.93210474804117,12.588860467976868],[77.95586366645834,12.578753188999741],[77.94936283542827,12.565345059963121],[77.95459567826514,12.554907661509633],[77.97382468106373,12.560067552510558],[77.97582397784826,12.566498354469882],[77.9682306067865,12.574961850703373],[77.97778208328377,12.584928915002658],[77.99081500402086,12.578460637215287],[78.0012693834984,12.583326001961412],[78.00993417699615,12.572197975880819],[78.02611246246231,12.582672339518231],[78.03354111124702,12.576953166443776],[78.04902385454488,12.578757040578079],[78.0587441505352,12.56972491489164],[78.07503618697083,12.572969261355048],[78.0801992648461,12.569711526394022],[78.07959922077902,12.55506308307842],[78.09867298122175,12.568851020673675],[78.10146802904117,12.594364997157603],[78.1260542886485,12.624553338260583],[78.11418020001784,12.637791076898353],[78.12370246779368,12.637425332016754],[78.12222501493407,12.642921201707699],[78.10152973341974,12.671298906179791],[78.10513315989198,12.679127248269731],[78.09697716139132,12.713670090368266],[78.09110200695669,12.719825074610817],[78.0773879907577,12.715669277813472],[78.06747427491032,12.723477071993297],[78.0723053570161,12.75968429862455],[78.08009429311187,12.770334180422159],[78.07632525323386,12.782676513823459],[78.08717679586483,12.797692617506994],[78.08398418424338,12.805253418628768],[78.09015279492519,12.823554351490131],[78.08573907099867,12.832217704112942],[78.07383792421334,12.830565838086615],[78.07718477117918,12.838900661895494],[78.06018734075154,12.843877425747054],[78.05780378870588,12.85216117933505],[78.0309539829917,12.852396588200342],[78.03037143091986,12.858100129243386],[78.02384494041199,12.856551898881497],[78.029045094454,12.845413123991044],[78.01912876989903,12.84399453413928],[78.01827747692847,12.831104293236828],[78.00389610320325,12.82564721421979],[78.01529124066712,12.813842655781642],[78.00973149101691,12.805790807538862],[77.98850015063654,12.808244311039871],[77.98976342087789,12.821599208387351],[77.97925091680821,12.827094750002937],[77.9803734201462,12.835107567028773],[77.96429800794976,12.83289416772993],[77.9653305288424,12.84823334298837],[77.95275632202535,12.8501806147435],[77.95231623557105,12.857168031086449],[77.93997491070321,12.85319395778685],[77.94658963822982,12.838760660615238],[77.94065824207186,12.82339607018204],[77.9205367801065,12.82820889773221],[77.91722695540848,12.83890278584687],[77.9227940703457,12.855615387960578],[77.94119484441862,12.868266512938003],[77.94160599793426,12.872786004724865],[77.92770372359786,12.87496741226749],[77.92712462285328,12.881570638242708],[77.93604863151452,12.884565323149861]]]}},{"type":"Feature","properties":{"id":"t:05891","name":"Krishnagiri","taluk":"Krishnagiri","district":"Krishnagiri","state":"Tamil Nadu","sdtcode":"05891","dtcode":"631"},"geometry":{"type":"Polygon","coordinates":[[[78.09056355228378,12.817199761176958],[78.08398418424338,12.805253418628768],[78.08717679586483,12.797692617506994],[78.07632525323386,12.782676513823459],[78.08009429311187,12.770334180422159],[78.0723053570161,12.75968429862455],[78.06747427491032,12.723477071993297],[78.0773879907577,12.715669277813472],[78.09110200695669,12.719825074610817],[78.09697716139132,12.713670090368266],[78.10513315989198,12.679127248269731],[78.10152973341974,12.671298906179791],[78.12222501493407,12.642921201707699],[78.12370246779368,12.637425332016754],[78.11418020001784,12.637791076898353],[78.12586560381129,12.62276354819683],[78.10146802904117,12.594364997157603],[78.09836017436511,12.568394443777748],[78.07959922077902,12.55506308307842],[78.06968931648336,12.532191355208045],[78.06103051924015,12.534670702168935],[78.04909132520926,12.475690388014076],[78.05964984458105,12.46471488862585],[78.0778172201735,12.463607063943336],[78.08011943695666,12.448909373389359],[78.09808358129251,12.445463443086291],[78.10831087744599,12.455308349640957],[78.11802427706988,12.45475298273949],[78.11459830918875,12.445311152133891],[78.14072879253244,12.431774591260899],[78.14267817263155,12.424561023514435],[78.12774642269135,12.402315125527268],[78.13415119507145,12.383743411949116],[78.14272991289698,12.370780449777682],[78.1666961777531,12.362936380535862],[78.16361417838755,12.350950384578256],[78.17450241899448,12.336381619230076],[78.2007651577042,12.335847137943594],[78.20514408628647,12.329183804734821],[78.22707893060347,12.348968849643237],[78.23620401995453,12.347939439583573],[78.23966895226108,12.334139154526868],[78.24729942643903,12.33284331552548],[78.23669357034335,12.320409342732919],[78.24880024537745,12.317289993862529],[78.27192157104702,12.338728382716136],[78.26678237488359,12.371268586168691],[78.27614311119827,12.371236176442386],[78.28720611455216,12.408925738613448],[78.30304414962974,12.403321694433957],[78.29963978443455,12.425096809279902],[78.30576717591954,12.434237480086678],[78.3225253131218,12.433120570358412],[78.32954103242162,12.443906030568517],[78.35269808678494,12.426960260273637],[78.35292457811921,12.413346805189875],[78.36605758465365,12.411372543149783],[78.3786296939045,12.430608898125453],[78.37828483965005,12.441930842635204],[78.38774464037766,12.439960106507765],[78.39358596515704,12.45170211630454],[78.41089577574161,12.44350182958969],[78.41062766186694,12.43324660279067],[78.4181913031844,12.425417430306261],[78.42766389861654,12.44612529000651],[78.43793317933151,12.44558087291208],[78.44460797899778,12.452291124452346],[78.45007074473331,12.44880052491395],[78.41551058125624,12.488273723685705],[78.41981981764046,12.508220357212023],[78.41302219671526,12.51714778672043],[78.42128381463542,12.56757746372811],[78.40730988168875,12.602358298952831],[78.40670453037498,12.620025841837153],[78.4124718537379,12.626922122623863],[78.3713975776393,12.627154655220698],[78.34356551626422,12.64878815524498],[78.30096853826684,12.665917650762392],[78.2710614404507,12.705106153129343],[78.24453675390247,12.70637468536358],[78.23768219236464,12.685808684741428],[78.21056483512118,12.686125680544832],[78.199611127093,12.693116261877488],[78.20991588766836,12.700552652033727],[78.20572389310682,12.706451996544152],[78.23114750562817,12.712603658428415],[78.24098415590562,12.729991245504953],[78.23092787562601,12.760710107975598],[78.19514014544858,12.773896297728955],[78.17737522318826,12.775997261901864],[78.16763961631224,12.770132404389534],[78.13437079542918,12.781949473088021],[78.12496744034245,12.798238189457484],[78.09056355228378,12.817199761176958]]]}},{"type":"Feature","properties":{"id":"t:05892","name":"Denkanikottai","taluk":"Denkanikottai","district":"Krishnagiri","state":"Tamil Nadu","sdtcode":"05892","dtcode":"631"},"geometry":{"type":"Polygon","coordinates":[[[77.74026133726184,12.699928925478456],[77.7348586661239,12.693199127960561],[77.74098701611128,12.685820549261296],[77.73990879612354,12.673043956088424],[77.72460317993846,12.671242046484888],[77.72274677457288,12.679703497366868],[77.71157159948778,12.683191861013476],[77.71099550630282,12.667174387600634],[77.70234482354152,12.660867474551411],[77.67863588828509,12.660443597308726],[77.67636585993513,12.67952601076466],[77.65989193711238,12.683894433004356],[77.59885555389157,12.66721249917538],[77.5961050068147,12.650335751300133],[77.60621392387841,12.628967800008242],[77.5910009347789,12.615298576410309],[77.59140442566519,12.592148821828728],[77.57932423476223,12.573141568292398],[77.58033110516024,12.551646082461735],[77.58637747938639,12.545776017262344],[77.58718265913846,12.514811635989542],[77.61239614493505,12.514999670852472],[77.61630650597695,12.509237248722883],[77.5836601681784,12.4788528392406],[77.60740325199207,12.475181198796847],[77.62606789270495,12.496366007567193],[77.63460487659904,12.487656429595134],[77.62715323363798,12.458508773719268],[77.6295948770381,12.418382547101311],[77.62330891583746,12.412321524987911],[77.61678543648249,12.368258273504727],[77.61300189869407,12.361180118019039],[77.6008143654029,12.358485323166844],[77.59152077366414,12.34019728620861],[77.57855312990552,12.33572511899969],[77.56598248490857,12.306303270840958],[77.5578834997841,12.3057905595699],[77.55131467527016,12.291266724187727],[77.5328147226983,12.291518438671512],[77.52720278452335,12.278829445249768],[77.51416532190422,12.275443436441828],[77.49996032879173,12.282628074970658],[77.48757660344253,12.28055557973168],[77.4790381490063,12.271333985558126],[77.47109658195727,12.243571385424744],[77.4822915298601,12.233158296252151],[77.4719021515782,12.209008187816016],[77.47542057855993,12.20564874945477],[77.518660736826,12.19454065635124],[77.5462388705214,12.204724366006179],[77.56529060876495,12.196372278861451],[77.60928786715249,12.20620500878581],[77.63760051372984,12.196750171054763],[77.66521428988075,12.198271116227176],[77.73128264814929,12.1801345412712],[77.74669031025569,12.155911223258116],[77.77241874001753,12.172020980896018],[77.7768070182653,12.157464300971059],[77.79389479765096,12.147756958315835],[77.79473823665099,12.168846706565857],[77.80346970400748,12.176275298858362],[77.81449164986132,12.234267358484344],[77.84522606551144,12.262236115203532],[77.8616562062439,12.254535935032017],[77.86770372672035,12.26581306280599],[77.87497871508249,12.303304982719474],[77.86718676154568,12.33030139892676],[77.87921702588176,12.335910679636465],[77.92672059118122,12.325153921167747],[77.9485034845696,12.336629519523468],[77.95458973680783,12.351357773232477],[77.94945198693202,12.375146676239675],[77.96936351351381,12.39778926851159],[77.97112039452905,12.411619089627731],[77.9630703657909,12.430337891532975],[77.94510372144364,12.449502112436047],[77.9304037072023,12.441812687453286],[77.92377472341211,12.456109823143272],[77.93448446248391,12.469490738098456],[77.92221252348864,12.490753720430328],[77.90578212134642,12.48942706036302],[77.90033736234078,12.503397353624587],[77.90889446400567,12.512716185165926],[77.9214467267769,12.50421291121174],[77.94238364252627,12.513731818928727],[77.95349878589587,12.502285058621542],[77.94600930769167,12.499304669413933],[77.9588749181054,12.483952239439041],[77.96829440244302,12.49532988020748],[77.98177804389074,12.49918949772159],[77.98579355992318,12.509831126555293],[77.99374290548424,12.500486323224148],[78.01181903200676,12.502816953831111],[78.01271024700688,12.48453579869843],[78.02704286467005,12.459714825950437],[78.03896317970691,12.4621686790758],[78.04157185674929,12.473527589528599],[78.05105476394262,12.477422039081787],[78.06103051924015,12.534670702168935],[78.06968931648336,12.532191355208045],[78.07943907362173,12.550172760367104],[78.07875879922003,12.57160051288888],[78.0587441505352,12.56972491489164],[78.04902385454488,12.578757040578079],[78.03354111124702,12.576953166443776],[78.02611246246231,12.582672339518231],[78.00993417699615,12.572197975880819],[78.0012693834984,12.583326001961412],[77.99081500402086,12.578460637215287],[77.97778208328377,12.584928915002658],[77.9682306067865,12.574961850703373],[77.97582397784826,12.566498354469882],[77.97382468106373,12.560067552510558],[77.95459567826514,12.554907661509633],[77.94936283542827,12.565345059963121],[77.95586366645834,12.578753188999741],[77.93210474804117,12.588860467976868],[77.92782772164978,12.600585344661345],[77.90861663035965,12.608172201272449],[77.89095934782992,12.606668531854831],[77.86286467655798,12.620322281296987],[77.8639960157251,12.636498260968148],[77.87762815318086,12.642894003735861],[77.87013983200674,12.64912648757974],[77.87558462963993,12.66133422628538],[77.85932269574947,12.6663910341391],[77.85318614953344,12.676758613560363],[77.84655431808379,12.666651933990444],[77.8397649266249,12.667771899204006],[77.8318829762697,12.651522438428943],[77.81730715231976,12.648879987575253],[77.81302737888021,12.627677199295595],[77.81901335757317,12.613455190795408],[77.80133938524379,12.606580739788056],[77.79601680609994,12.586294814071502],[77.78220000915773,12.595347624543148],[77.75904864652006,12.576676499511958],[77.76153847824696,12.59618002230583],[77.76787705736704,12.591025773351934],[77.77376680313688,12.603118290802815],[77.75635878962375,12.641952907774794],[77.7708595063311,12.645696935449457],[77.78107830891359,12.654717603805459],[77.78071629863389,12.662798619631092],[77.76715412107416,12.679104703511312],[77.7671485470278,12.692207160711492],[77.74026133726184,12.699928925478456]]]}},{"type":"Feature","properties":{"id":"t:05893","name":"Pochampalli","taluk":"Pochampalli","district":"Krishnagiri","state":"Tamil Nadu","sdtcode":"05893","dtcode":"631"},"geometry":{"type":"Polygon","coordinates":[[[78.44496669246041,12.452169011747674],[78.42734647262272,12.445867713819222],[78.4181913031844,12.425417430306261],[78.41062766186694,12.43324660279067],[78.41089577574161,12.44350182958969],[78.39358596515704,12.45170211630454],[78.38774464037766,12.439960106507765],[78.37828483965005,12.441930842635204],[78.3786296939045,12.430608898125453],[78.36605758465365,12.411372543149783],[78.35292457811921,12.413346805189875],[78.35269808678494,12.426960260273637],[78.32954103242162,12.443906030568517],[78.3225253131218,12.433120570358412],[78.30576717591954,12.434237480086678],[78.29963978443455,12.425096809279902],[78.30304414962974,12.403321694433957],[78.28720611455216,12.408925738613448],[78.27614311119827,12.371236176442386],[78.26678237488359,12.371268586168691],[78.27192157104702,12.338728382716136],[78.24880024537745,12.317289993862529],[78.22986193470987,12.318183716614186],[78.23552971665447,12.307193944228894],[78.23200677474016,12.302259717003407],[78.25814553516085,12.294600662682658],[78.26164839972859,12.272043929355826],[78.2695572447451,12.262533038838265],[78.2770261461394,12.260276005797424],[78.2824141019747,12.26834577714558],[78.3021654418733,12.274006328261207],[78.31686177122535,12.260156844206774],[78.33424220286597,12.263577155291266],[78.34991740392523,12.248747181971932],[78.35362653964854,12.270219236528336],[78.38238300158694,12.271418167419535],[78.39076689638695,12.289555852600868],[78.4063113656229,12.290182932772817],[78.41124508114824,12.30447852777382],[78.4287638587325,12.312896202552885],[78.45080264351779,12.305465307701354],[78.46012771761401,12.316301120445559],[78.47711765249892,12.31795426168651],[78.48846272056383,12.329552222490861],[78.48142224638976,12.346047593749816],[78.48883875085018,12.349014205711523],[78.49765464097875,12.375288354326806],[78.4869021582691,12.38992775584075],[78.46410614310666,12.391834169719912],[78.45910593787723,12.384956661692337],[78.43579666668393,12.39387098437473],[78.45556021558556,12.428048878356567],[78.44496669246041,12.452169011747674]]]}},{"type":"Feature","properties":{"id":"t:05894","name":"Uthangarai","taluk":"Uthangarai","district":"Krishnagiri","state":"Tamil Nadu","sdtcode":"05894","dtcode":"631"},"geometry":{"type":"Polygon","coordinates":[[[78.49717437467837,12.4105290210127],[78.49013584984849,12.403535436607832],[78.49011486430511,12.38690729971157],[78.49765464097875,12.375288354326806],[78.48883875085018,12.349014205711523],[78.48142224638976,12.346047593749816],[78.48846272056383,12.329552222490861],[78.47711765249892,12.31795426168651],[78.45821052145654,12.315162738393912],[78.45080264351779,12.305465307701354],[78.4287638587325,12.312896202552885],[78.41124508114824,12.30447852777382],[78.4063113656229,12.290182932772817],[78.39076689638695,12.289555852600868],[78.38238300158694,12.271418167419535],[78.35362653964854,12.270219236528336],[78.34991740392523,12.248747181971932],[78.35869808638286,12.235716233834058],[78.35490315077014,12.226174681806475],[78.3749562805868,12.22153836211095],[78.38506101239956,12.228476265643458],[78.40407980043851,12.223105633098662],[78.40165263249087,12.213365589089452],[78.39191096917322,12.204575247043444],[78.37907780141599,12.20555176281606],[78.37437750503238,12.19531441545288],[78.39089909066752,12.186116309554498],[78.40859349248308,12.19656933195967],[78.42119992636093,12.189765382771784],[78.44636433629522,12.191120811286277],[78.44748387429448,12.185371335051382],[78.47185728977333,12.172844334129412],[78.46524221280207,12.146739934482984],[78.49722970461168,12.13928400607168],[78.50803284242185,12.144688678921833],[78.519172729886,12.178858688685931],[78.55460808780839,12.180533812675817],[78.57441631352238,12.193587132105359],[78.58245275434354,12.16238828043043],[78.61230360863975,12.182540998898691],[78.6210283440215,12.184268020508114],[78.63284031235362,12.176670290915279],[78.64385462252756,12.205343613084164],[78.65663640934548,12.197758340734064],[78.67150870518697,12.221508069986044],[78.66510037547832,12.23361758723897],[78.65063518085225,12.240498230931067],[78.64802190982552,12.258404843254077],[78.63515870150688,12.261275594787163],[78.64381377792823,12.280940849321494],[78.62368308128173,12.26487331041488],[78.61672041109274,12.26760759060481],[78.6094180636403,12.261315595473265],[78.60133817490214,12.267005318728463],[78.61306082464388,12.294197327794826],[78.60944719331002,12.309718022438561],[78.59836447912214,12.313278584665408],[78.59272513334788,12.307424796158918],[78.58829335687741,12.312816314278622],[78.60454997274144,12.33181029574491],[78.61116970298585,12.330061684991147],[78.61720950244245,12.347322975225687],[78.58448439407157,12.360662023640545],[78.56748120723957,12.389047337324403],[78.52565006997136,12.398621026089133],[78.51404068700715,12.407199375518076],[78.50854953630531,12.398808335398815],[78.49717437467837,12.4105290210127]]]}},{"type":"Feature","properties":{"id":"t:05895","name":"Mettupalayam","taluk":"Mettupalayam","district":"Coimbatore","state":"Tamil Nadu","sdtcode":"05895","dtcode":"632"},"geometry":{"type":"Polygon","coordinates":[[[77.11023528162487,11.406445359568746],[77.09147450321028,11.403415016589197],[77.09131529569079,11.393633583844862],[77.07043077687531,11.386167528810319],[77.07039104439028,11.402575697427395],[77.0453947882974,11.402609942479687],[77.03247652492992,11.384892209111328],[77.02340944788162,11.387786403341408],[77.02539796847601,11.37341749961745],[77.0135764789002,11.368839142452599],[76.96605012783357,11.386206944287693],[76.93285131086391,11.375742150321729],[76.93689125747876,11.366897781082477],[76.95008506558491,11.365880626724788],[76.93756169802312,11.363579130330363],[76.93261542943998,11.356225238988038],[76.93289380746508,11.36281328209157],[76.90215499007004,11.350627967544344],[76.90197833367448,11.360704670866133],[76.89118017163267,11.366020186524207],[76.88649634945303,11.349877322349245],[76.87857453456049,11.357992453836584],[76.85014527138789,11.339848043674465],[76.86177092913009,11.307159764867471],[76.85489137556279,11.293244513336601],[76.84217440398923,11.287686935660266],[76.80900162289147,11.296419279215995],[76.79851160904322,11.29256889302641],[76.78866275515259,11.278264679226208],[76.7691089287338,11.289639250049186],[76.76783305602736,11.264278991147624],[76.73767350736186,11.246064146649978],[76.7049548713526,11.26303565769861],[76.69998845894754,11.252880153743485],[76.70580407484184,11.24044406504139],[76.73551976143386,11.215652279481978],[76.72692429272321,11.207481749109126],[76.72862158129914,11.191436136207859],[76.7143447562016,11.18768896615629],[76.6949643944642,11.166808360807101],[76.7057170056329,11.141834254594809],[76.71209973784751,11.142321928187556],[76.7120455361982,11.150928473443248],[76.7313655877424,11.131710591838175],[76.74625360679633,11.13747656758184],[76.7496609175673,11.11970862343818],[76.767628400941,11.130914611896936],[76.79135765788581,11.125765039703072],[76.78603995569566,11.138135097233206],[76.8489392211352,11.148345568524546],[76.82765661210495,11.162007037404344],[76.83501188290403,11.16884711943801],[76.83213629932277,11.174108159403398],[76.8458321641631,11.181988593383787],[76.86033070425253,11.17669225930789],[76.86791140906878,11.184114774242756],[76.87707641326283,11.181149734910026],[76.87739691418989,11.188259914198348],[76.89250006627961,11.193023866236851],[76.8951466189893,11.199745158388112],[76.91270369983894,11.197953771092138],[76.92444882722575,11.210884290647227],[76.95214915066438,11.215295011456496],[76.94417034934513,11.221421661801443],[76.94864622411289,11.2320338767351],[76.95898936700542,11.231660634180976],[76.96565341293949,11.223396034572598],[76.97148368125434,11.228863641209628],[76.97613299644892,11.221281867753891],[76.99601149018108,11.228809835672982],[76.9970718992717,11.235440410279274],[77.01006016026442,11.231231863485808],[77.01334709678733,11.241326260124834],[77.00720630153998,11.265096096580479],[77.02055380150976,11.26756920988519],[77.02049445790382,11.279448024515325],[77.0443612037995,11.284129650456258],[77.04921128437525,11.317163805845281],[77.0710530740086,11.31926173585224],[77.07048142748428,11.338634698247576],[77.08124028014761,11.34186853625063],[77.09608677188254,11.329273111222962],[77.10483415019935,11.341080423655878],[77.13847269070394,11.340488881540718],[77.12927995192379,11.354239454703038],[77.13040703127986,11.375402056518142],[77.11307703734751,11.381020423615652],[77.11023528162487,11.406445359568746]]]}},{"type":"Feature","properties":{"id":"t:05896","name":"Sulur","taluk":"Sulur","district":"Coimbatore","state":"Tamil Nadu","sdtcode":"05896","dtcode":"632"},"geometry":{"type":"Polygon","coordinates":[[[77.15386810877303,11.200467928516877],[77.13661262919514,11.195193823621354],[77.11996652089196,11.198294549269606],[77.10581264102088,11.173112165532523],[77.09619031529544,11.171221799316784],[77.10336472558343,11.158489251647875],[77.1142044194358,11.155285216787625],[77.12053114438741,11.126329405298243],[77.13620765519036,11.131080173647526],[77.13294825652247,11.10900383808963],[77.1117530023654,11.113984513950358],[77.09557058824221,11.10100118223232],[77.0953974388695,11.093768901054663],[77.08853277936957,11.093279937665189],[77.09031816931866,11.088642463467206],[77.05898087541676,11.078710490477624],[77.06118611906503,11.03990084568856],[77.04918536348771,11.034875970065936],[77.0482856028143,11.028728301836049],[77.05869357801922,10.994657350689303],[77.03646640304413,10.985705899814215],[77.04193572378625,10.961379855583255],[77.04727209835794,10.951843715247236],[77.06251931326977,10.947408619713826],[77.06894084641642,10.927475869238314],[77.05433802449895,10.900979624229782],[77.05589487764986,10.893182626714784],[77.04584773144006,10.89055384680862],[77.04043215510474,10.877199588545247],[77.12137293677553,10.886370395280183],[77.12500423976765,10.871141904636726],[77.14989521510587,10.865400515198985],[77.15124759103686,10.850198934261735],[77.16210767305292,10.847815775303623],[77.17419461928682,10.797391055356885],[77.21524370842147,10.80354805867388],[77.21023382114993,10.791014779730236],[77.21433787693339,10.785648139143168],[77.23004381205345,10.777493407110848],[77.25408600790729,10.776475896643015],[77.27824686222701,10.78408034480937],[77.2712300371011,10.788897338159861],[77.27321903559921,10.800148649533249],[77.2944796179387,10.812787733881294],[77.28491808749678,10.839705852138653],[77.2595675340592,10.851310054899047],[77.25595479924398,10.88882424025278],[77.24802525075513,10.904735921136055],[77.21094626422197,10.902352538180775],[77.19888545716626,10.920314022934944],[77.18179760501707,10.920656431217639],[77.16989888188634,10.968793883794524],[77.15373493982034,10.998389240517596],[77.16492604742534,11.002253415455126],[77.17530390301708,11.01586744062413],[77.17884964327503,11.036925751733746],[77.16604549828797,11.060319433410612],[77.16834372116142,11.067420332022277],[77.23406540159552,11.103471086135814],[77.26452825653524,11.1107098041932],[77.24217065157079,11.138106086118848],[77.23565795199919,11.139889348948515],[77.23152450423795,11.126764322238289],[77.22501081382461,11.125035236611685],[77.21347722800911,11.1268195490682],[77.21221265431232,11.138020821718632],[77.1895352374286,11.150542546730147],[77.18390286797082,11.13957318552053],[77.17312319325754,11.138264143993723],[77.1822684785328,11.162025015501804],[77.16094215119261,11.168075939724233],[77.1598647396886,11.193528946172306],[77.15386810877303,11.200467928516877]]]}},{"type":"Feature","properties":{"id":"t:05897","name":"Coimbatore North","taluk":"Coimbatore North","district":"Coimbatore","state":"Tamil Nadu","sdtcode":"05897","dtcode":"632"},"geometry":{"type":"Polygon","coordinates":[[[77.13287553161202,11.343138127907899],[77.10352420080089,11.340664517134094],[77.09608677188254,11.329273111222962],[77.08124028014761,11.34186853625063],[77.07048142748428,11.338634698247576],[77.0710530740086,11.31926173585224],[77.04921128437525,11.317163805845281],[77.0443612037995,11.284129650456258],[77.02049445790382,11.279448024515325],[77.02055380150976,11.26756920988519],[77.00720630153998,11.265096096580479],[77.01334709678733,11.241326260124834],[77.01006016026442,11.231231863485808],[76.9970718992717,11.235440410279274],[76.99601149018108,11.228809835672982],[76.97613299644892,11.221281867753891],[76.97148368125434,11.228863641209628],[76.96565341293949,11.223396034572598],[76.95898936700542,11.231660634180976],[76.94864622411289,11.2320338767351],[76.94417034934513,11.221421661801443],[76.95214915066438,11.215295011456496],[76.92444882722575,11.210884290647227],[76.91270369983894,11.197953771092138],[76.8951466189893,11.199745158388112],[76.89250006627961,11.193023866236851],[76.87739691418989,11.188259914198348],[76.87707641326283,11.181149734910026],[76.86791140906878,11.184114774242756],[76.86033070425253,11.17669225930789],[76.8458321641631,11.181988593383787],[76.83213629932277,11.174108159403398],[76.83501188290403,11.16884711943801],[76.82765661210495,11.162007037404344],[76.8489392211352,11.148345568524546],[76.78603995569566,11.138135097233206],[76.79135765788581,11.125765039703072],[76.767628400941,11.130914611896936],[76.7496609175673,11.11970862343818],[76.74340625277284,11.102598114502706],[76.75461893341938,11.07909507176706],[76.74383627090944,11.07313317541177],[76.74648747689233,11.056751508069848],[76.7724198376984,11.04276879920532],[76.78775711590397,11.044785368578683],[76.79809063424656,11.05667183861603],[76.82368866635841,11.055769112939206],[76.83619112293705,11.048724163811407],[76.86324792025562,11.052740749050239],[76.86204028088322,11.0439851632298],[76.8888813181419,11.035049096554838],[76.89898466924407,11.040337249846434],[76.90736178625524,11.030229425398351],[76.91607437461768,11.035937493923429],[76.91949050774308,11.02286025641801],[76.88527532967447,11.022112455161528],[76.88059000012181,11.01308114214013],[76.87310938289957,11.012733074961572],[76.87329717750634,11.000184651131772],[76.87918527486761,10.996830709474233],[76.88465727618257,11.006721198308743],[76.90349766868756,11.004320100967456],[76.90488798945616,10.99919820109356],[76.94179191949326,11.005779183443572],[76.9437583729727,11.001615689732125],[76.94339518500163,11.014475743422635],[76.95518605100945,11.01563017392334],[76.95659661980453,11.003746230825238],[76.96877728278041,10.994331549059961],[76.96659282435122,10.98706373140246],[76.97751168762787,10.982824964052803],[76.9626824273767,10.975181248261103],[76.98127732378929,10.971613679665015],[76.97740548430339,10.980099338124782],[76.9876113331795,10.978739817463662],[76.99471018527063,10.987239733494803],[76.98785732873523,10.988150778076283],[76.98525257553402,10.996161435414667],[76.99228653602395,10.989939199821812],[77.00465781431662,10.995977907879244],[76.99114787558725,11.013387626370854],[76.99013636089926,11.02428617477423],[76.98875721247782,11.01931448055774],[76.98280119978612,11.022322466342708],[76.98673367645196,11.028251614653394],[76.99601924084537,11.032854216075805],[77.00936074006906,11.030844327566948],[77.01027880750964,11.023413550918582],[77.04839116204671,11.027422011524497],[77.04918536348771,11.034875970065936],[77.06118611906503,11.03990084568856],[77.06207332308738,11.083809907858477],[77.07173038396992,11.079016066925753],[77.08478570330026,11.085034584733252],[77.1117530023654,11.113984513950358],[77.13331438288282,11.109487467749448],[77.13620765519036,11.131080173647526],[77.12053114438741,11.126329405298243],[77.1142044194358,11.155285216787625],[77.10336472558343,11.158489251647875],[77.09619031529544,11.171221799316784],[77.10581264102088,11.173112165532523],[77.11996652089196,11.198294549269606],[77.13661262919514,11.195193823621354],[77.1502100638332,11.200630881888795],[77.1462969350819,11.21827317286693],[77.15918232190663,11.231565855756791],[77.15945829783662,11.243340754758158],[77.16585972129734,11.244357097384299],[77.17004610767657,11.283357117177221],[77.15123309671978,11.279019743441628],[77.14651682649378,11.286722313825534],[77.13848866095303,11.281949450733713],[77.11958892574037,11.289900310005837],[77.11892457218043,11.302678551458133],[77.1505302099257,11.306357332183193],[77.15182830066412,11.329789468641577],[77.13287553161202,11.343138127907899]]]}},{"type":"Feature","properties":{"id":"t:05898","name":"Coimbatore South","taluk":"Coimbatore South","district":"Coimbatore","state":"Tamil Nadu","sdtcode":"05898","dtcode":"632"},"geometry":{"type":"Polygon","coordinates":[[[76.82436594937025,11.055516103202388],[76.80077075430346,11.053974745272866],[76.79180419783714,11.037445810586725],[76.76656342212057,11.02917906910886],[76.71584879560037,11.040534221929056],[76.6997058516541,11.026658177893516],[76.68600113391663,10.989292613166226],[76.66674702140924,10.968425819197236],[76.66468993061257,10.943574007639468],[76.65576055361922,10.93909542162447],[76.65905766535936,10.930588112387294],[76.69517395614861,10.910318372105527],[76.71486331319095,10.908699864104143],[76.74074814593199,10.891062695353854],[76.75247142988431,10.895795783983063],[76.76796020087774,10.887764883299102],[76.78149170366548,10.89115062126547],[76.79186226493711,10.881837623031588],[76.82838585187616,10.872638197125877],[76.83200956230752,10.860854545551426],[76.85385616421586,10.839684388747225],[76.84515578755139,10.82682349348164],[76.84824284263537,10.819528153062825],[76.8640357373699,10.81799698903727],[76.87013074189395,10.80904720112731],[76.89822611205523,10.809084586558626],[76.89829584018588,10.8161299784827],[76.9024652403214,10.810610460374205],[76.91848706172294,10.817222020268144],[76.919027747811,10.825326695507838],[76.93941224008479,10.828392725997894],[76.94588186184527,10.826646569670492],[76.94539902276993,10.814573142466209],[76.96751392091093,10.826464852961156],[76.9774959904666,10.84150972438947],[77.00420026820642,10.839619423312396],[77.03584447152518,10.864437643926703],[77.0351237989868,10.873432672148574],[77.04584773144006,10.89055384680862],[77.05589487764986,10.893182626714784],[77.05433802449895,10.900979624229782],[77.06894084641642,10.927475869238314],[77.06251931326977,10.947408619713826],[77.04727209835794,10.951843715247236],[77.04193572378625,10.961379855583255],[77.03646640304413,10.985705899814215],[77.05869357801922,10.994657350689303],[77.05119158807973,11.026600051544582],[77.01027880750964,11.023413550918582],[77.00936074006906,11.030844327566948],[76.98831727424553,11.029575408753335],[76.98280119978612,11.022322466342708],[76.98875721247782,11.01931448055774],[76.99013636089926,11.02428617477423],[76.99114787558725,11.013387626370854],[77.00465781431662,10.995977907879244],[76.99228653602395,10.989939199821812],[76.98525257553402,10.996161435414667],[76.98785732873523,10.988150778076283],[76.99471018527063,10.987239733494803],[76.9876113331795,10.978739817463662],[76.97740548430339,10.980099338124782],[76.9794929633095,10.9708006176225],[76.9626824273767,10.975181248261103],[76.97751168762787,10.982824964052803],[76.96659282435122,10.98706373140246],[76.96877728278041,10.994331549059961],[76.95659661980453,11.003746230825238],[76.95518605100945,11.01563017392334],[76.9428460412752,11.013793289077421],[76.94446748509169,11.001764736049516],[76.94179191949326,11.005779183443572],[76.90488798945616,10.99919820109356],[76.90349766868756,11.004320100967456],[76.88465727618257,11.006721198308743],[76.87763427064753,10.996830645101385],[76.87310938289957,11.012733074961572],[76.89108626804104,11.024408507074499],[76.91949050774308,11.02286025641801],[76.91607437461768,11.035937493923429],[76.90736178625524,11.030229425398351],[76.89898466924407,11.040337249846434],[76.8888813181419,11.035049096554838],[76.86204028088322,11.0439851632298],[76.86324792025562,11.052740749050239],[76.83619112293705,11.048724163811407],[76.82436594937025,11.055516103202388]]]}},{"type":"Feature","properties":{"id":"t:05899","name":"Pollachi","taluk":"Pollachi","district":"Coimbatore","state":"Tamil Nadu","sdtcode":"05899","dtcode":"632"},"geometry":{"type":"Polygon","coordinates":[[[77.11355707727238,10.886596135334724],[77.04083487074493,10.876028964215434],[77.0351237989868,10.873432672148574],[77.03584447152518,10.864437643926703],[77.01074261577567,10.842347646219634],[76.98967148184138,10.837387716676522],[76.9774959904666,10.84150972438947],[76.96751392091093,10.826464852961156],[76.94539902276993,10.814573142466209],[76.94588186184527,10.826646569670492],[76.93941224008479,10.828392725997894],[76.919027747811,10.825326695507838],[76.91848706172294,10.817222020268144],[76.9024652403214,10.810610460374205],[76.89829584018588,10.8161299784827],[76.90728614810834,10.783407270908135],[76.90389203538548,10.76271380981821],[76.88839188992394,10.732688229646454],[76.89160440012726,10.717207747190542],[76.8821928245574,10.716794665950458],[76.86604445388853,10.684785171496639],[76.8684207322753,10.677359031915657],[76.87789983959499,10.67556684777046],[76.88212093597846,10.638965535985793],[76.85955845853537,10.631683304690524],[76.81427234229395,10.635048105047817],[76.81012200440875,10.623840723749995],[76.81747601037989,10.602736865086452],[76.83860189663076,10.596327759920065],[76.8356209011408,10.557426954320539],[76.85575035811215,10.557253621289673],[76.86312919800935,10.509262312362495],[76.85897272912234,10.494750873039894],[76.86551756682155,10.494433066771439],[76.86890108750886,10.47269469735094],[76.88817810525937,10.475058583735837],[76.89560543262233,10.485387704670808],[76.91260498846395,10.48104388527784],[76.92669710826097,10.485693070805434],[76.92798476327069,10.469639027791377],[76.94672689625327,10.475125764696674],[76.96840440468239,10.470228895859746],[76.99852267755725,10.458805030154284],[77.00098523283884,10.449524492948775],[77.00733524661418,10.457646807792205],[76.98985366467261,10.463804071345503],[76.98167956691563,10.47404515585438],[76.9887105189477,10.485577702940141],[77.00016726287376,10.484108674806551],[76.99531900767467,10.492797963246442],[76.98628911459092,10.492019854023386],[77.00611358004862,10.509815495292642],[77.0376240035603,10.517189867591654],[77.05095410945121,10.512184956573428],[77.06227681216049,10.515573280367558],[77.07135094278043,10.501494249546498],[77.05921044887079,10.479684276820793],[77.07377767324847,10.493447022515593],[77.07886731564591,10.513641698894922],[77.07333073085192,10.516474971323063],[77.07266336703745,10.545219563964297],[77.09051137447841,10.584169308513383],[77.16627619553444,10.587270594721433],[77.1814042839581,10.642556243398541],[77.15224594810095,10.650673645322065],[77.14506738849467,10.660017524044793],[77.14239697653105,10.718568832749906],[77.13410175892429,10.750215375136289],[77.14529776055095,10.765526111483172],[77.1527127208074,10.765760663509882],[77.16117772539272,10.793292754533068],[77.17196435396463,10.802716206897859],[77.17094633008402,10.81330277227316],[77.16210767305292,10.847815775303623],[77.15124759103686,10.850198934261735],[77.14989521510587,10.865400515198985],[77.13110930272795,10.866617105422568],[77.12169312958045,10.886026863363293],[77.11355707727238,10.886596135334724]]]}},{"type":"Feature","properties":{"id":"t:05900","name":"Valparai","taluk":"Valparai","district":"Coimbatore","state":"Tamil Nadu","sdtcode":"05900","dtcode":"632"},"geometry":{"type":"Polygon","coordinates":[[[76.84606715355996,10.559661552183693],[76.8356209011408,10.557426954320539],[76.835261848115,10.544611390169043],[76.84308859699598,10.536679351345192],[76.83032883686882,10.497251770739558],[76.82802766482631,10.449745552902991],[76.81603791900115,10.423003113104613],[76.82432399624983,10.409591431066733],[76.833272493884,10.40734390256771],[76.82332847696378,10.394582747961252],[76.84861912624666,10.367415641613002],[76.83603448549759,10.345440737438347],[76.82992965969254,10.30315321540764],[76.84030216491847,10.299076513749661],[76.84856899127064,10.28452150124193],[76.87315101801634,10.297546227649867],[76.87326407907969,10.275675370785573],[76.89738239996734,10.261434542481824],[76.90256797614889,10.239575083855183],[76.91187581337142,10.234259902237332],[76.92190647729237,10.231588762547368],[76.93962575435647,10.238154604674655],[76.98359357405383,10.219659294610633],[77.01509607981458,10.245613900689543],[77.04843174343966,10.259426909772941],[77.05284560929998,10.272306260564594],[77.04361949990368,10.28406357385063],[77.06316746661186,10.291716708404792],[77.09068691426809,10.314414021962639],[77.07644745369647,10.336586702863253],[77.08861648977764,10.350579069204523],[77.0862343597651,10.378171046068703],[77.04553473683552,10.41475072368418],[77.04126645823835,10.426886673706774],[77.07357332538598,10.459652991893186],[77.05914693259028,10.478038816896222],[77.07135094278043,10.501494249546498],[77.06854505049887,10.508775991192525],[77.06227681216049,10.515573280367558],[77.0280364740774,10.516206056328913],[76.99289727183954,10.49964539669517],[76.98655203530491,10.491291542293059],[76.99531900767467,10.492797963246442],[77.00016726287376,10.484108674806551],[76.9887105189477,10.485577702940141],[76.98169397948604,10.473379418922015],[77.00733524661418,10.457646807792205],[77.00098523283884,10.449524492948775],[76.99852267755725,10.458805030154284],[76.96840440468239,10.470228895859746],[76.94672689625327,10.475125764696674],[76.92798476327069,10.469639027791377],[76.92669710826097,10.485693070805434],[76.91260498846395,10.48104388527784],[76.89560543262233,10.485387704670808],[76.88817810525937,10.475058583735837],[76.87519177923777,10.471169401123671],[76.86890108750886,10.47269469735094],[76.86551756682155,10.494433066771439],[76.85897272912234,10.494750873039894],[76.86312919800935,10.509262312362495],[76.85575035811215,10.557253621289673],[76.84606715355996,10.559661552183693]]]}},{"type":"Feature","properties":{"id":"t:05901","name":"Kangeyam","taluk":"Kangeyam","district":"Tiruppur","state":"Tamil Nadu","sdtcode":"05901","dtcode":"633"},"geometry":{"type":"Polygon","coordinates":[[[77.62168677492834,11.127246148123364],[77.59928809629415,11.1118310101379],[77.58417863443788,11.121502242195072],[77.53141188121127,11.104014762040944],[77.44980263528983,11.121380601846191],[77.45368512520167,11.093567180703651],[77.46886407174517,11.089942829457476],[77.46857856019842,11.0571442283922],[77.47755159621292,11.05646343718768],[77.48045219877314,11.042707613959573],[77.49899020937032,11.041497721509915],[77.50131746759038,11.013202442136022],[77.48738281168289,11.003597091157435],[77.487637962868,10.985986700333966],[77.47403165018001,10.971756186008788],[77.47221963775917,10.949720476367366],[77.43506887852978,10.937254002742783],[77.41145442627825,10.91868713254344],[77.41742625381055,10.906702808012419],[77.43254131396766,10.907225520050819],[77.43688080111912,10.889143918506743],[77.4870738460224,10.901780427739261],[77.4877071987219,10.881993984497882],[77.51715174142186,10.878969415465113],[77.51740969085905,10.861637003436012],[77.54939548305614,10.866883918327407],[77.55914326839246,10.854611700102348],[77.55953880290025,10.864575467743183],[77.57916119592805,10.864297416895102],[77.57790012206759,10.885101740719534],[77.5700408766312,10.897614344047815],[77.57447974889405,10.90815714722178],[77.58500332020806,10.909654357223186],[77.59051348285458,10.881815996821445],[77.59800059848959,10.873669878074816],[77.61078226493326,10.873620150100475],[77.61844240327852,10.860921701345184],[77.65922784855542,10.867632327614318],[77.66941432526241,10.854869568976897],[77.67865585963048,10.855541544638578],[77.68672857801604,10.864689407343361],[77.68642750585194,10.890347732012364],[77.69576440626888,10.883460923433216],[77.70513593224844,10.887865980601624],[77.72239723470597,10.8801895416524],[77.73596613256235,10.881735307181355],[77.7451676586626,10.871479298645644],[77.77714913894631,10.869610583129429],[77.77161647529854,10.893570359086574],[77.76050835495782,10.90334798457977],[77.76994110292063,10.961842916660743],[77.7684434415604,10.966805546213212],[77.7531190972983,10.965683087136227],[77.75012300561997,10.97588389360313],[77.78124665050291,10.998514545594618],[77.7856266660467,11.007922841874151],[77.79198388520892,11.031963044326833],[77.782313522972,11.039043197032482],[77.78176510508429,11.051016919288426],[77.7381477936378,11.085437836077874],[77.73009025947545,11.076730286073076],[77.71331410476354,11.07824966208441],[77.70264628198122,11.094063952188602],[77.66132130045986,11.103852769094251],[77.65441625539968,11.116279328305597],[77.62168677492834,11.127246148123364]]]}},{"type":"Feature","properties":{"id":"t:05902","name":"Dharapuram","taluk":"Dharapuram","district":"Tiruppur","state":"Tamil Nadu","sdtcode":"05902","dtcode":"633"},"geometry":{"type":"Polygon","coordinates":[[[77.58581287655221,10.909441933787368],[77.57447974889405,10.90815714722178],[77.5700408766312,10.897614344047815],[77.57790012206759,10.885101740719534],[77.57916119592805,10.864297416895102],[77.55953880290025,10.864575467743183],[77.55914326839246,10.854611700102348],[77.54939548305614,10.866883918327407],[77.51740969085905,10.861637003436012],[77.51715174142186,10.878969415465113],[77.4877071987219,10.881993984497882],[77.4870738460224,10.901780427739261],[77.43688080111912,10.889143918506743],[77.43254131396766,10.907225520050819],[77.42673554450721,10.907393854857355],[77.37112389414946,10.891869933357354],[77.37396317770842,10.868322693176287],[77.3280474053349,10.857272043804597],[77.31264063974714,10.846203201766322],[77.28328904752627,10.843898497223243],[77.2944796179387,10.812787733881294],[77.27321903559921,10.800148649533249],[77.2712300371011,10.788897338159861],[77.29944891842739,10.778896409771981],[77.29140452571937,10.769401794230802],[77.31136944995825,10.761342865106732],[77.30208361607029,10.751019482636758],[77.31390510654442,10.750330673156293],[77.31953515565384,10.68668641171583],[77.35266495955177,10.692856676027093],[77.36519388948184,10.652839108371246],[77.39796867648457,10.654357681656125],[77.40049490615017,10.642550510969906],[77.41768827531097,10.625647667225923],[77.44508282659994,10.629738481809298],[77.45315045602942,10.639898268973036],[77.48245446898127,10.650087847299206],[77.50459456756094,10.642643938154606],[77.51607961470667,10.61303588787458],[77.50723341901367,10.613471067140948],[77.50820917087194,10.607070712703827],[77.51469322047417,10.6056763675755],[77.54278306958967,10.609848570316327],[77.54914058968752,10.639051382155426],[77.56607312042918,10.651287130654794],[77.58595197079248,10.683551784751174],[77.59615815474017,10.675990673688267],[77.63673182847704,10.668823230947226],[77.65563862085456,10.673437446194507],[77.6646425238805,10.716356538998209],[77.68901312583591,10.7350125887372],[77.70197631934063,10.73378478324147],[77.70621815692573,10.716046316156],[77.70864635074942,10.686401707532825],[77.69841700823369,10.662509933877285],[77.71404941175618,10.641608855026298],[77.72300110290116,10.640846932223617],[77.72048948972358,10.631314347339439],[77.74335739346498,10.637025095335185],[77.75447212810113,10.651467617915566],[77.75349207600762,10.66810637021041],[77.76648980524342,10.679362308744183],[77.78873132092372,10.685318256162148],[77.80797329539499,10.680852710784427],[77.80994822268254,10.699119594458264],[77.82456197440206,10.71515592378101],[77.8217567783149,10.733638789207943],[77.82702454585338,10.749754462384498],[77.81274663020109,10.758526424201154],[77.79695858906405,10.752510678403707],[77.771034140619,10.767234195508246],[77.77772410205064,10.789711137419127],[77.79357917008431,10.790375907646274],[77.79848995162045,10.805831948372063],[77.82778938765593,10.797624963974672],[77.83584211133993,10.786868016488363],[77.85487026790895,10.78395908198261],[77.87106374837815,10.77180951169842],[77.89196978364129,10.773884182339017],[77.89134895794842,10.792625171407623],[77.87940708334477,10.789244245711426],[77.87094442426063,10.796752257714108],[77.87542948430215,10.810340211626256],[77.86995590824053,10.841172645917492],[77.85636086491778,10.849425868056782],[77.8446970700985,10.836591820598661],[77.8333250058627,10.836979063578054],[77.8206642212152,10.857797090476948],[77.79569376294063,10.866741341363412],[77.78813331154078,10.886402143817527],[77.78396649855327,10.873201834548068],[77.76979347288851,10.86892603160175],[77.7451676586626,10.871479298645644],[77.74021384872266,10.879934544938928],[77.72239723470597,10.8801895416524],[77.71796784146595,10.886338815229925],[77.69576440626888,10.883460923433216],[77.68642750585194,10.890347732012364],[77.68672857801604,10.864689407343361],[77.67865585963048,10.855541544638578],[77.66941432526241,10.854869568976897],[77.65922784855542,10.867632327614318],[77.61844240327852,10.860921701345184],[77.61078226493326,10.873620150100475],[77.59800059848959,10.873669878074816],[77.59051348285458,10.881815996821445],[77.58581287655221,10.909441933787368]]]}},{"type":"Feature","properties":{"id":"t:05903","name":"Avanashi","taluk":"Avanashi","district":"Tiruppur","state":"Tamil Nadu","sdtcode":"05903","dtcode":"633"},"geometry":{"type":"Polygon","coordinates":[[[77.23152840023135,11.352648788101611],[77.21080485053163,11.349671996236406],[77.19656583821939,11.338750566009018],[77.17869375592882,11.342135078074095],[77.17447801619937,11.332607076264864],[77.18246258470275,11.313920034294],[77.16764213961946,11.31730333483505],[77.15900125657963,11.332365286648987],[77.14698493230011,11.336276571978335],[77.15182830066412,11.329789468641577],[77.1505302099257,11.306357332183193],[77.1301405451525,11.307117494998296],[77.12569357098408,11.300174634151318],[77.11892457218043,11.302678551458133],[77.11707910649842,11.294700504378335],[77.13447703732076,11.283034371337632],[77.14803719636608,11.286071302306718],[77.15123309671978,11.279019743441628],[77.17004610767657,11.283357117177221],[77.16585972129734,11.244357097384299],[77.15945829783662,11.243340754758158],[77.15918232190663,11.231565855756791],[77.1464343315063,11.218824663801998],[77.1449868060204,11.207253262357243],[77.1588351293375,11.197466127542274],[77.16094215119261,11.168075939724233],[77.1822684785328,11.162025015501804],[77.17312319325754,11.138264143993723],[77.18390286797082,11.13957318552053],[77.1895352374286,11.150542546730147],[77.21221265431232,11.138020821718632],[77.21347722800911,11.1268195490682],[77.22501081382461,11.125035236611685],[77.23152450423795,11.126764322238289],[77.23565795199919,11.139889348948515],[77.25132548324257,11.129050645714281],[77.26453003340286,11.105981197803295],[77.29701013526315,11.109265804144695],[77.28974338265553,11.120878021404872],[77.28895929175306,11.14108516563401],[77.29558927446982,11.14999650042424],[77.31262159636145,11.151043166937132],[77.31640599383755,11.156540667662803],[77.31644845181113,11.172575357049523],[77.30846926152137,11.173202829865627],[77.32281176244929,11.196363476437638],[77.32045638696084,11.207777840072316],[77.33315881391164,11.223709350392573],[77.33380520026759,11.249359225560367],[77.33141069865697,11.25792480131127],[77.29555186323151,11.272838390233792],[77.31433635986458,11.282044472452927],[77.28627808922624,11.292447788860692],[77.29293589636063,11.330083084575636],[77.28890167021748,11.34382250171827],[77.28767208500265,11.333265261846433],[77.28170713946376,11.334484261873541],[77.25384629067709,11.310849285742579],[77.2489414191572,11.329641107693568],[77.23829136235625,11.32246090496306],[77.24149521010528,11.305215704713738],[77.20339402881372,11.300052422380663],[77.20428055370974,11.31001900322556],[77.21806490979209,11.305942610183429],[77.22641787559685,11.317633144372158],[77.23648351901664,11.314140124594672],[77.23450692355766,11.331181919371666],[77.22148812254021,11.34028481347337],[77.23473310407483,11.348280927682955],[77.23152840023135,11.352648788101611]]]}},{"type":"Feature","properties":{"id":"t:05904","name":"Tiruppur","taluk":"Tiruppur","district":"Tiruppur","state":"Tamil Nadu","sdtcode":"05904","dtcode":"633"},"geometry":{"type":"Polygon","coordinates":[[[77.3640656638755,11.317971428147684],[77.33373575869949,11.315149703737646],[77.3332256135345,11.306940676049297],[77.34522639336629,11.300109871212864],[77.34865949117581,11.285668653400437],[77.33635392105295,11.25715996039304],[77.33128765551416,11.256859820656702],[77.33433034819616,11.227583517850634],[77.32045638696084,11.207777840072316],[77.31787464051239,11.182746922590681],[77.30846926152137,11.173202829865627],[77.31644845181113,11.172575357049523],[77.31640599383755,11.156540667662803],[77.31262159636145,11.151043166937132],[77.29558927446982,11.14999650042424],[77.28895929175306,11.14108516563401],[77.28974338265553,11.120878021404872],[77.29701013526315,11.109265804144695],[77.25121477486694,11.109752061064418],[77.24012060266763,11.104151522028152],[77.23982649693855,11.0890407529183],[77.2490404179931,11.093707047684223],[77.27050104616319,11.08516972184643],[77.27193871263884,11.070387578991204],[77.28077172375839,11.067066975229398],[77.28599881827576,11.04856502330442],[77.29291754737261,11.048340276204941],[77.29890765562094,11.064235991913012],[77.30434487776135,11.060828221504302],[77.31512012917017,11.066706464622376],[77.32510644775714,11.057749458166233],[77.33527843374029,11.059287967974926],[77.34149355649257,11.049068676704284],[77.35051174901972,11.05877453363938],[77.3759766660778,11.059585039307583],[77.37813151244201,11.044162226332642],[77.39174394894529,11.04076278742646],[77.3721922623135,11.02726117008255],[77.36808806908782,11.030822949424243],[77.36476181330492,11.02502337380375],[77.36001676285386,11.035491862364523],[77.3495393954882,11.026979486613978],[77.34989723848334,11.012754513497756],[77.36707707542267,11.013759236022505],[77.36925032197883,11.009112531490294],[77.36261903400992,10.982926461947269],[77.3544398598733,10.97869433303231],[77.35287398404367,10.983474418577217],[77.33425998675322,10.985022002280624],[77.32925456051537,10.992215100419267],[77.33264072943615,11.001486965446967],[77.32686694179644,11.004502115435502],[77.30391444190815,10.994434121471366],[77.29908343975235,10.962135885713488],[77.30701332510948,10.941011279339042],[77.28299698905774,10.924964585853305],[77.28409299658642,10.914130803951558],[77.2765884599231,10.928484860499443],[77.25902522651205,10.936890457103681],[77.2419496372648,10.935552374334621],[77.23653282125437,10.907759676229908],[77.25099554731004,10.901112016785865],[77.2595675340592,10.851310054899047],[77.27757887767666,10.842041899334893],[77.31264063974714,10.846203201766322],[77.3280474053349,10.857272043804597],[77.37396317770842,10.868322693176287],[77.37112389414946,10.891869933357354],[77.41742625381055,10.906702808012419],[77.41145442627825,10.91868713254344],[77.4280746226771,10.932756740804683],[77.47221963775917,10.949720476367366],[77.47403165018001,10.971756186008788],[77.487637962868,10.985986700333966],[77.48738281168289,11.003597091157435],[77.50131746759038,11.013202442136022],[77.49899020937032,11.041497721509915],[77.48045219877314,11.042707613959573],[77.47755159621292,11.05646343718768],[77.46857856019842,11.0571442283922],[77.46886407174517,11.089942829457476],[77.45368512520167,11.093567180703651],[77.44980263528983,11.121380601846191],[77.42680073973897,11.12948068256982],[77.39255023721843,11.118870962928469],[77.37728211401837,11.12635681867101],[77.37641708221383,11.135401949346619],[77.3962771982119,11.135342044773976],[77.39062587519993,11.158152547801716],[77.40066874363235,11.156948454166146],[77.40541080269351,11.199744683417116],[77.38395757574304,11.206791225015285],[77.38016695473866,11.22250984068766],[77.37360138302438,11.223740070272212],[77.3732073657711,11.237532280418895],[77.38224128600224,11.23975083994727],[77.39039444582657,11.257473613959588],[77.37714745745559,11.294798679083486],[77.36328684249047,11.302520467254576],[77.3640656638755,11.317971428147684]]]}},{"type":"Feature","properties":{"id":"t:05905","name":"Palladam","taluk":"Palladam","district":"Tiruppur","state":"Tamil Nadu","sdtcode":"05905","dtcode":"633"},"geometry":{"type":"Polygon","coordinates":[[[77.24012060266763,11.104151522028152],[77.16611479343071,11.064984298600217],[77.17711241111,11.045975410721361],[77.17792636830073,11.029006155184264],[77.17397261413906,11.01214238637536],[77.15373493982034,10.998389240517596],[77.16989888188634,10.968793883794524],[77.18179760501707,10.920656431217639],[77.19888545716626,10.920314022934944],[77.21094626422197,10.902352538180775],[77.2204588813967,10.900979987657301],[77.23678878990638,10.907298451884634],[77.23882760178364,10.92888173838144],[77.247508292767,10.938276035434365],[77.2765884599231,10.928484860499443],[77.28409299658642,10.914130803951558],[77.28299698905774,10.924964585853305],[77.30701332510948,10.941011279339042],[77.29908343975235,10.962135885713488],[77.30391444190815,10.994434121471366],[77.32957095254834,11.003887774600472],[77.33425998675322,10.985022002280624],[77.35287398404367,10.983474418577217],[77.3544398598733,10.97869433303231],[77.36261903400992,10.982926461947269],[77.36925032197883,11.009112531490294],[77.36707707542267,11.013759236022505],[77.34989723848334,11.012754513497756],[77.3495393954882,11.026979486613978],[77.36063446869775,11.035473798005114],[77.36503630791303,11.02493301350941],[77.39172555504152,11.039854272996495],[77.37813151244201,11.044162226332642],[77.3759766660778,11.059585039307583],[77.35051174901972,11.05877453363938],[77.34149355649257,11.049068676704284],[77.33527843374029,11.059287967974926],[77.32510644775714,11.057749458166233],[77.31512012917017,11.066706464622376],[77.30434487776135,11.060828221504302],[77.29890765562094,11.064235991913012],[77.29291754737261,11.048340276204941],[77.28599881827576,11.04856502330442],[77.28077172375839,11.067066975229398],[77.27193871263884,11.070387578991204],[77.27050104616319,11.08516972184643],[77.2490404179931,11.093707047684223],[77.23982649693855,11.0890407529183],[77.24012060266763,11.104151522028152]]]}},{"type":"Feature","properties":{"id":"t:05906","name":"Udumalaipettai","taluk":"Udumalaipettai","district":"Tiruppur","state":"Tamil Nadu","sdtcode":"05906","dtcode":"633"},"geometry":{"type":"Polygon","coordinates":[[[77.21924374019335,10.636128984316887],[77.19803820481782,10.624372513915576],[77.17547919487173,10.6249687267298],[77.16627619553444,10.587270594721433],[77.10214798897213,10.586082633941869],[77.08535860656765,10.578332944775191],[77.07266336703745,10.545219563964297],[77.07821587177492,10.502322706725895],[77.05914693259028,10.478038816896222],[77.07357332538598,10.459652991893186],[77.04126645823835,10.426886673706774],[77.04553473683552,10.41475072368418],[77.0862343597651,10.378171046068703],[77.08861648977764,10.350579069204523],[77.07644745369647,10.336586702863253],[77.09568781928509,10.308748303613644],[77.10200032480405,10.315610826958837],[77.12015477363953,10.31803481236479],[77.17599452062097,10.358574913364139],[77.23525271029641,10.352869869903703],[77.22734294720168,10.316573766283017],[77.26355594702116,10.263896088071743],[77.25729564350168,10.259481886309125],[77.25911824975468,10.230459501349126],[77.26945725500701,10.237008740286404],[77.28816993492639,10.232322311327675],[77.29611052909996,10.250604627250592],[77.31080738845803,10.246259450395934],[77.32587812214578,10.270539325106558],[77.34974478359982,10.264403734408921],[77.34827296407539,10.290581209504017],[77.32704765588217,10.32162442471919],[77.33525856300619,10.3325605003311],[77.33086550212788,10.342052253646337],[77.33740606025304,10.35471966258702],[77.31624962409602,10.355063880745792],[77.31387683476581,10.371861113932107],[77.3213764684243,10.43408071879134],[77.32701600913302,10.434700970289828],[77.32353413190525,10.448189417626665],[77.34301982649964,10.455628342074661],[77.34906120339784,10.513811652483492],[77.33516830657466,10.513535288621613],[77.32427845977999,10.507262351551526],[77.32465799798752,10.500187185846613],[77.30235871524458,10.50191976922149],[77.3094963359284,10.509054528568566],[77.32190372649549,10.577842717485016],[77.30836342560787,10.592237130642065],[77.2889009021579,10.588760459399266],[77.28865169422671,10.629352737275662],[77.25067408698224,10.63121977510092],[77.2384578138902,10.620799108061348],[77.24070243878222,10.611468426483876],[77.23142632736057,10.609649885404938],[77.22367546276486,10.619135853204954],[77.22788004002861,10.635475437669891],[77.21924374019335,10.636128984316887]]]}},{"type":"Feature","properties":{"id":"t:05907","name":"Madathukulam","taluk":"Madathukulam","district":"Tiruppur","state":"Tamil Nadu","sdtcode":"05907","dtcode":"633"},"geometry":{"type":"Polygon","coordinates":[[[77.21524370842147,10.80354805867388],[77.17658128219826,10.797431384198472],[77.17174935837103,10.802255186572674],[77.16117772539272,10.793292754533068],[77.1527127208074,10.765760663509882],[77.14529776055095,10.765526111483172],[77.13410175892429,10.750215375136289],[77.14239697653105,10.718568832749906],[77.14506738849467,10.660017524044793],[77.15224594810095,10.650673645322065],[77.18109381541612,10.643939540701918],[77.17547919487173,10.6249687267298],[77.19803820481782,10.624372513915576],[77.2122686175579,10.629110835528653],[77.2128048938162,10.635072973257346],[77.22788004002861,10.635475437669891],[77.22367546276486,10.619135853204954],[77.23142632736057,10.609649885404938],[77.24070243878222,10.611468426483876],[77.2384578138902,10.620799108061348],[77.25067408698224,10.63121977510092],[77.28865169422671,10.629352737275662],[77.2889009021579,10.588760459399266],[77.30836342560787,10.592237130642065],[77.32190372649549,10.577842717485016],[77.3094963359284,10.509054528568566],[77.30235871524458,10.50191976922149],[77.32465799798752,10.500187185846613],[77.32427845977999,10.507262351551526],[77.33516830657466,10.513535288621613],[77.34906120339784,10.513811652483492],[77.34422775153631,10.504305373472137],[77.34994708330348,10.497148855264337],[77.34518037357263,10.449336743855973],[77.38545981851122,10.449419051836863],[77.37766909566635,10.490531979464253],[77.40243872388106,10.498310677703042],[77.40561081259152,10.522210520143744],[77.37798712442978,10.525846671750953],[77.3682950005051,10.549062039660141],[77.3878078682385,10.596227069170862],[77.39617829280081,10.597980660330306],[77.39445165716288,10.6053804490436],[77.41758325866098,10.626185473044437],[77.40049490615017,10.642550510969906],[77.39796867648457,10.654357681656125],[77.36519388948184,10.652839108371246],[77.35266495955177,10.692856676027093],[77.31953515565384,10.68668641171583],[77.31390510654442,10.750330673156293],[77.30208361607029,10.751019482636758],[77.31136944995825,10.761342865106732],[77.29140452571937,10.769401794230802],[77.29944891842739,10.778896409771981],[77.27824686222701,10.78408034480937],[77.25408600790729,10.776475896643015],[77.23004381205345,10.777493407110848],[77.21038005430177,10.790720888027545],[77.21524370842147,10.80354805867388]]]}}]}